Incident_ID,Agency,Offense,Street,City,State,Zipcode,Date_of_Report,Date_of_Occurrence,Date_Found,Reported_As,Premise_Description,Forcible,Weapon_Description,Victim_Age,Victim_Race,Victim_Gender,Latitude,Longitude,ObjectId,geometry
178012,CHPD,LARCENY FROM MOTOR VEHICLE,1010 RALEIGH RD,CHAPEL HILL,NC,27514,1577943600000,1577943000000,1577943600000,THEFT/LARCENY,<Null>,<Null>,<Null>,52,B,F,35.907822,-79.024223,73024,POINT (-79.024223 35.907822)
178076,CHPD,ABANDONED VEHICLE,BOLINWOOD DRIVE,CHAPEL HILL,NC,27514,1578116160000,1578116160000,1578116160000,TRAFFIC VIOLATI,<Null>,<Null>,<Null>,<Null>,<Null>,<Null>,35.926379,-79.048893,73026,POINT (-79.048893 35.926379)
178327,CHPD,IMPROPERLY PARKED VEHICLE,306 RANSOM ST,CHAPEL HILL,NC,27516,1578834060000,1578833940000,1578834000000,TRAFFIC VIOLATI,<Null>,<Null>,<Null>,<Null>,<Null>,<Null>,35.905979,-79.05761,73066,POINT (-79.05761 35.905979)
178031,CHPD,B&E    LARCENY F/VEHICLE,1860 MARTIN LUTHER KING JR BLVD,CHAPEL HILL,NC,27514,1577987700000,1577987280000,1577987640000,THEFT/LARCENY,<Null>,<Null>,<Null>,49,B,F,35.966667,-79.0588,73110,POINT (-79.0588 35.966667)
178193,CHPD,TOWED VEHICLE,501 PRITCHARD AVE,CHAPEL HILL,NC,27516,1578490920000,1578490920000,1578490920000,MISC OFFICER IN,<Null>,<Null>,<Null>,<Null>,<Null>,<Null>,35.916344,-79.059418,73276,POINT (-79.059418 35.916344)
178359,CHPD,CAR ALARM,125 E LONGVIEW ST,CHAPEL HILL,NC,27516,1578922500000,1578922500000,1578922500000,ALARMS,<Null>,<Null>,<Null>,<Null>,<Null>,<Null>,35.920937,-79.057739,73327,POINT (-79.057739 35.920937)
178468,CHPD,TOWED VEHICLE,266 I 40 E,CHAPEL HILL,NC,27516,1579201380000,1579201380000,1579201380000,TRAFFIC VIOLATI,<Null>,<Null>,<Null>,<Null>,<Null>,<Null>,35.970558,-79.061188,73329,POINT (-79.061188 35.970558)
178145,CHPD,DEBIT CARD FRAUD,1800 FORDHAM BLVD,CHAPEL HILL,NC,27517,1578341580000,1578329160000,1578341580000,FRAUD OR DECEPT,<Null>,<Null>,<Null>,54,A,F,35.944695,-79.011574,73387,POINT (-79.011574 35.944695)
178007,CHPD,ASSIST CARRBORO,NC 54/NC 54-JONES FERRY EXIT,CARRBORO,NC,27510,1577919780000,1577919780000,1577919780000,TRAFFIC STOP,<Null>,<Null>,<Null>,<Null>,<Null>,<Null>,35.903934,-79.083961,73413,POINT (-79.083961 35.903934)
178308,CHPD,CREDIT CARD THEFT,257 S ELLIOTT RD,CHAPEL HILL,NC,27514,1578758760000,1578749460000,1578753660000,THEFT/LARCENY,<Null>,<Null>,<Null>,75,W,M,35.932949,-79.025833,73456,POINT (-79.025833 35.932949)
178120,CHPD,CARJACKING W/FORCE,1513 E FRANKLIN ST,CHAPEL HILL,NC,27514,1578258240000,1578258180000,1578258240000,ROBBERY/CARJACK,<Null>,<Null>,<Null>,<Null>,W,F,35.931852,-79.034413,73513,POINT (-79.034413 35.931852)
178018,CHPD,B&E    LARCENY F/VEHICLE,738 SALUDA CT,CHAPEL HILL,NC,27514,1577958360000,1577898000000,1577955600000,THEFT/LARCENY,<Null>,<Null>,<Null>,40,W,M,35.959872,-79.054389,73519,POINT (-79.054389 35.959872)
178421,CHPD,FICT/ALT TITLE/REG CARD/TAG,1205 LECLAIR ST/BELMONT ST,CHAPEL HILL,NC,27517,1579097040000,1579097040000,1579097040000,MISC OFFICER IN,<Null>,<Null>,<Null>,52,B,F,35.926826,-79.017883,73540,POINT (-79.017883 35.926826)
178142,CHPD,B&E    LARCENY F/VEHICLE,111 PICKARD LN,CHAPEL HILL,NC,27514,1578335700000,1578334320000,1578335700000,THEFT/LARCENY,<Null>,<Null>,<Null>,21,W,F,35.915886,-79.051277,73595,POINT (-79.051277 35.915886)
178041,CHPD,K-9 VEHICLE SNIFF,107 MARKET ST,CHAPEL HILL,NC,27516,1578006480000,1578006480000,1578006480000,SUSPICIOUS/WANT,<Null>,<Null>,<Null>,<Null>,<Null>,<Null>,35.878515,-79.065725,73602,POINT (-79.065725 35.878515)
178106,CHPD,SUSPICIOUS VEHICLE,FORDHAM BLVD/FERN LN,CHAPEL HILL,NC,27517,1578209640000,1578209640000,1578209640000,TRAFFIC STOP,<Null>,<Null>,<Null>,<Null>,<Null>,<Null>,35.893533,-79.056889,73650,POINT (-79.056889 35.893533)
178427,CHPD,LARCENY FROM MOTOR VEHICLE,106 SHADOWOOD DR,CHAPEL HILL,NC,27514,1579103160000,1578765600000,1579099500000,THEFT/LARCENY,<Null>,<Null>,<Null>,32,B,F,35.937317,-79.054298,73763,POINT (-79.054298 35.937317)
178386,CHPD,FRAUDULENT USE OF CREDIT CARD,1800 CHAPEL HILL RD,DURHAM,NC,27707,1579004520000,1578058200000,1578140520000,THEFT/LARCENY,<Null>,<Null>,<Null>,34,W,M,35.990598,-78.923884,73798,POINT (-78.923884 35.990598)
178317,CHPD,FICT/ALT TITLE/REG CARD/TAG,FORDHAM BLVD/WILLOW DR,CHAPEL HILL,NC,27517,1578798420000,1578798420000,1578798420000,TRAFFIC STOP,<Null>,<Null>,<Null>,<Null>,<Null>,<Null>,35.893533,-79.056889,73833,POINT (-79.056889 35.893533)
178483,CHPD,B&E    LARCENY F/VEHICLE,304 COPPERLINE DR,CHAPEL HILL,NC,27516,1579267380000,1579217400000,1579266000000,THEFT/LARCENY,<Null>,<Null>,<Null>,<Null>,W,F,35.882957,-79.06498,73861,POINT (-79.06498 35.882957)
178046,CHPD,VEHICLE LOCKOUT,409 W FRANKLIN ST,CHAPEL HILL,NC,27516,1578033060000,1578033060000,1578033060000,PUBLIC SERVICE,<Null>,<Null>,<Null>,20,W,F,35.910866,-79.061165,73995,POINT (-79.061165 35.910866)
180181,CHPD,SUSPICIOUS VEHICLE,810 CHRISTOPHER RD,CHAPEL HILL,NC,27514,1583981400000,1583981400000,1583981400000,SUSPICIOUS/WANT,<Null>,<Null>,<Null>,<Null>,<Null>,<Null>,35.912945,-79.02713,74024,POINT (-79.02713 35.912945)
179417,CHPD,SUSPICIOUS VEHICLE,501 WEAVER DAIRY RD,CHAPEL HILL,NC,27514,1581812280000,1581812280000,1581812280000,SUSPICIOUS/WANT,<Null>,<Null>,<Null>,<Null>,<Null>,<Null>,35.959965,-79.033512,74038,POINT (-79.033512 35.959965)
178896,CHPD,B&E    LARCENY F/VEHICLE,712 MARTIN LUTHER KING JR BLVD,CHAPEL HILL,NC,27514,1580474520000,1580374800000,1580461200000,PUBLIC SERVICE,<Null>,<Null>,<Null>,<Null>,W,M,35.921782,-79.054912,74048,POINT (-79.054912 35.921782)
179394,CHPD,OPEN LOCKED VEHICLE,106 EPHESUS CHURCH RD,CHAPEL HILL,NC,27517,1581790680000,1581790500000,1581790680000,PUBLIC SERVICE,<Null>,<Null>,<Null>,<Null>,B,M,35.935513,-79.021866,74055,POINT (-79.021866 35.935513)
178611,CHPD,B&E VEHICLE,500 FORMOSA LN,CHAPEL HILL,NC,27517,1579709040000,1578661200000,1579618800000,THEFT/LARCENY,<Null>,<Null>,<Null>,57,W,F,35.942142,-79.016243,74081,POINT (-79.016243 35.942142)
179605,CHPD,K-9 VEHICLE SNIFF,1010 RALEIGH RD,CHAPEL HILL,NC,27514,1582422600000,1582422600000,1582422600000,TRAFFIC STOP,<Null>,<Null>,<Null>,<Null>,<Null>,<Null>,35.90776,-79.024211,74094,POINT (-79.024211 35.90776)
179273,CHPD,ABANDONED VEHICLE,109 NEWELL ST,CHAPEL HILL,NC,27516,1581437700000,1581437400000,1581437460000,MISC OFFICER IN,<Null>,<Null>,<Null>,<Null>,<Null>,<Null>,35.886171,-79.066568,74114,POINT (-79.066568 35.886171)
179374,CHPD,DISPUTE OVER MEDICAL CARE,1716 LEGION RD,CHAPEL HILL,NC,27517,1581715140000,1581714000000,1581715140000,PUBLIC SERVICE,<Null>,<Null>,<Null>,<Null>,W,F,35.939358,-79.016075,74147,POINT (-79.016075 35.939358)
179259,CHPD,B&E    LARCENY F/VEHICLE,1575 MARTIN LUTHER KING JR BLVD,CHAPEL HILL,NC,27516,1581403860000,1581355800000,1581403500000,THEFT/LARCENY,<Null>,<Null>,<Null>,38,W,F,35.95927,-79.05854,74151,POINT (-79.05854 35.95927)
178697,CHPD,VEHICLE LOCKOUT,201 S ESTES DR,CHAPEL HILL,NC,27514,1579634100000,1579634100000,1579634100000,PUBLIC SERVICE,<Null>,<Null>,<Null>,82,B,F,35.927802,-79.02971,74161,POINT (-79.02971 35.927802)
178714,CHPD,CARELESS AND RECKLESS DRIVING,100 E ROSEMARY ST,CHAPEL HILL,NC,27514,1580078820000,1579919220000,1579919220000,TRAFFIC/TRANSPO,<Null>,<Null>,<Null>,<Null>,<Null>,<Null>,35.914028,-79.055717,74188,POINT (-79.055717 35.914028)
180127,CHPD,B&E    LARCENY F/VEHICLE,1000 DOGWOOD ACRES DR,CHAPEL HILL,NC,27517,1583841060000,1583839500000,1583841000000,THEFT/LARCENY,<Null>,<Null>,<Null>,70,W,F,35.872425,-79.069191,74191,POINT (-79.069191 35.872425)
179863,CHPD,B&E    LARCENY F/VEHICLE,300 AQUATIC DR,CHAPEL HILL,NC,<Null>,1583074680000,1583073600000,1583074680000,THEFT/LARCENY,<Null>,<Null>,<Null>,32,W,F,35.955963,-79.063896,74200,POINT (-79.063896 35.955963)
179291,CHPD,ASSIST CARRBORO AND OCSO,605 CRAIG ST,CHAPEL HILL,NC,27516,1581476760000,1581475200000,1581476400000,LE ASSISTANCE,<Null>,<Null>,<Null>,<Null>,<Null>,<Null>,35.91412,-79.066254,74218,POINT (-79.066254 35.91412)
179772,CHPD,OTHER VEHICLE THEFT,1706 LEGION RD,CHAPEL HILL,NC,27517,1582910220000,1581933600000,1582909800000,THEFT/LARCENY,<Null>,<Null>,<Null>,29,W,M,35.936203,-79.020111,74241,POINT (-79.020111 35.936203)
179803,CHPD,B&E    LARCENY F/VEHICLE,112 PARKRIDGE AVE,CHAPEL HILL,NC,27517,1582981680000,1582916880000,1582981680000,THEFT/LARCENY,<Null>,<Null>,<Null>,39,W,F,35.910652,-79.010094,74248,POINT (-79.010094 35.910652)
178578,CHPD,ABANDONED VEHICLE,2435 TILGHMAN CIR,CHAPEL HILL,NC,27514,1579609260000,1579609260000,1579609260000,TRAFFIC VIOLATI,<Null>,<Null>,<Null>,<Null>,<Null>,<Null>,35.952503,-79.024292,74272,POINT (-79.024292 35.952503)
178936,CHPD,B&E    LARCENY F/VEHICLE,812 PERKINS DR,CHAPEL HILL,NC,27514,1580571360000,1580508000000,1580547600000,THEFT/LARCENY,<Null>,<Null>,<Null>,29,W,M,35.96706,-79.056145,74275,POINT (-79.056145 35.96706)
178797,CHPD,B&E    LARCENY F/VEHICLE,1001 KINGSWOOD DR,CHAPEL HILL,NC,27517,1580212260000,1580158800000,1580209200000,MISC OFFICER IN,<Null>,<Null>,<Null>,24,W,M,35.900517,-78.999925,74313,POINT (-78.999925 35.900517)
179170,CHPD,VEHICLE LOCKOUT,101 LEGACY TER,CHAPEL HILL,NC,27516,1581157500000,1581157500000,1581157500000,PUBLIC SERVICE,<Null>,<Null>,<Null>,21,W,F,35.947044,-79.060478,74365,POINT (-79.060478 35.947044)
178648,CHPD,B&E    LARCENY F/VEHICLE,750 MARTIN LUTHER KING JR BLVD,CHAPEL HILL,NC,27514,1579789500000,1579781820000,1579782240000,THEFT/LARCENY,<Null>,<Null>,<Null>,42,W,F,35.924313,-79.05365,74367,POINT (-79.05365 35.924313)
179749,CHPD,K-9 VEHICLE SNIFF,402 MARTIN LUTHER KING JR BLVD,CHAPEL HILL,NC,27514,1582839360000,1582839360000,1582839360000,TRAFFIC STOP,<Null>,<Null>,<Null>,<Null>,<Null>,<Null>,35.959066,-79.022744,74383,POINT (-79.022744 35.959066)
179897,CHPD,USING FRAUDULENT ID CARD,1010 RALEIGH RD,CHAPEL HILL,NC,27514,1583177460000,1583176500000,1583177460000,FRAUD OR DECEPT,<Null>,<Null>,<Null>,<Null>,<Null>,<Null>,35.907822,-79.024223,74430,POINT (-79.024223 35.907822)
179283,CHPD,ROBBERY (CARJACKING),250 S ESTES DR,CHAPEL HILL,NC,27514,1581440520000,1581440400000,1581440460000,ROBBERY/CARJACK,<Null>,<Null>,<Null>,66,A,M,35.925606,-79.028757,74432,POINT (-79.028757 35.925606)
179990,CHPD,ABANDONED VEHICLE,102 GARDNER CIR,CHAPEL HILL,NC,27516,1583397960000,1583397960000,1583397960000,MISC OFFICER IN,<Null>,<Null>,<Null>,<Null>,<Null>,<Null>,35.891785,-79.070892,74434,POINT (-79.070892 35.891785)
179326,CHPD,VEHICLE FIRE,101 JACKIE ROBINSON ST,CHAPEL HILL,NC,27517,1581569520000,1581569520000,1581569520000,VEHICLE FIRE,<Null>,<Null>,<Null>,42,B,F,35.940319,-79.014236,74444,POINT (-79.014236 35.940319)
179045,CHPD,B&E    LARCENY F/VEHICLE,2525 BUXTON CT,CHAPEL HILL,NC,27514,1580886480000,1580846400000,1580878800000,THEFT/LARCENY,<Null>,<Null>,<Null>,50,W,F,35.948349,-79.025978,74460,POINT (-79.025978 35.948349)
179985,CHPD,CARDIAC ARREST,115 COLE ST,CHAPEL HILL,NC,27516,1583366040000,1583364300000,1583366040000,CARDIAC ARREST,<Null>,<Null>,<Null>,<Null>,B,F,35.90551,-79.064766,74472,POINT (-79.064766 35.90551)
179159,CHPD,K9 VEHICLE SNIFF,508 W CAMERON AVE/S GRAHAM ST,CHAPEL HILL,NC,27516,1581114720000,1581114720000,1581114720000,TRAFFIC STOP,<Null>,<Null>,<Null>,<Null>,<Null>,<Null>,35.908672,-79.063495,74480,POINT (-79.063495 35.908672)
178961,CHPD,SUSPICIOUS VEHICLE,201 S ESTES DR,CHAPEL HILL,NC,27514,1580631600000,1580630400000,1580631600000,SUSPICIOUS/WANT,<Null>,<Null>,<Null>,<Null>,<Null>,<Null>,35.92786,-79.029716,74507,POINT (-79.029716 35.92786)
178927,CHPD,TOWED VEHICLE,525 E FRANKLIN ST/N BOUNDARY ST,CHAPEL HILL,NC,27514,1580544480000,1580544480000,1580544480000,TRAFFIC STOP,<Null>,<Null>,<Null>,<Null>,<Null>,<Null>,35.919995,-79.048197,74529,POINT (-79.048197 35.919995)
179862,CHPD,B&E    LARCENY F/VEHICLE,300 AQUATIC DR,CHAPEL HILL,NC,<Null>,1583074800000,1583072400000,1583074500000,THEFT/LARCENY,<Null>,<Null>,<Null>,74,A,M,35.955963,-79.063896,74530,POINT (-79.063896 35.955963)
180093,CHPD,B&E    LARCENY F/VEHICLE,222 PROVIDENCE GLEN DR,CHAPEL HILL,NC,27514,1583738100000,1583692200000,1583737200000,THEFT/LARCENY,<Null>,<Null>,<Null>,36,W,F,35.95005,-79.013191,74544,POINT (-79.013191 35.95005)
179791,CHPD,VEHICLE LOCKOUT,81 S ELLIOTT RD,CHAPEL HILL,NC,27514,1582967160000,1582967160000,1582967160000,PUBLIC SERVICE,<Null>,<Null>,<Null>,74,B,M,35.93475,-79.028107,74552,POINT (-79.028107 35.93475)
179825,CHPD,B&E    LARCENY F/VEHICLE,104 PARKRIDGE AVE,CHAPEL HILL,NC,27517,1583009400000,1582905600000,1582977600000,THEFT/LARCENY,<Null>,<Null>,<Null>,39,W,F,35.910157,-79.010564,74556,POINT (-79.010564 35.910157)
178733,CHPD,LARCENY FROM MOTOR VEHICLE,1100 NC HWY 54 BYPASS,CHAPEL HILL,NC,27516,1579969740000,1579968600000,1579969740000,THEFT/LARCENY,<Null>,<Null>,<Null>,27,W,F,35.900757,-79.066323,74561,POINT (-79.066323 35.900757)
178835,CHPD,B&E    LARCENY F/VEHICLE,313 MEADOWMONT LN,CHAPEL HILL,NC,27517,1580305500000,1580303400000,1580304000000,THEFT/LARCENY,<Null>,<Null>,<Null>,53,W,F,35.909885,-79.008377,74578,POINT (-79.008377 35.909885)
179244,CHPD,B&E    LARCENY F/VEHICLE,107 TIMBER HOLLOW CT,CHAPEL HILL,NC,27514,1581353880000,1581098400000,1581325200000,THEFT/LARCENY,<Null>,<Null>,<Null>,21,W,M,35.940314,-79.054674,74585,POINT (-79.054674 35.940314)
179925,CHPD,LARCENY FROM MOTOR VEHICLE,79 S ELLIOTT RD,CHAPEL HILL,NC,27514,1583254380000,1582795800000,1582813800000,MISC OFFICER IN,<Null>,<Null>,<Null>,61,W,M,35.93503,-79.028182,74608,POINT (-79.028182 35.93503)
179861,CHPD,B&E    LARCENY F/VEHICLE,1000 DOGWOOD ACRES DR,CHAPEL HILL,NC,27517,1583069100000,1583067000000,1583068800000,THEFT/LARCENY,<Null>,<Null>,<Null>,44,A,M,35.872425,-79.069191,74625,POINT (-79.069191 35.872425)
179357,CHPD,B&E    LARCENY F/VEHICLE,100 SPRUNT ST,CHAPEL HILL,NC,27517,1581689280000,1581674400000,1581681600000,THEFT/LARCENY,<Null>,<Null>,<Null>,83,W,M,35.908109,-79.009871,74627,POINT (-79.009871 35.908109)
179239,CHPD,SUSPICIOUS VEHICLE,1700 LEGION RD/EPHESUS CHURCH RD,CHAPEL HILL,NC,27517,1581341880000,1581341880000,1581341880000,SUSPICIOUS/WANT,<Null>,<Null>,<Null>,<Null>,<Null>,<Null>,35.935131,-79.02198,74643,POINT (-79.02198 35.935131)
179337,CHPD,LARCENY FROM MOTOR VEHICLE,1575 MARTIN LUTHER KING JR BLVD,CHAPEL HILL,NC,27516,1581620160000,1581389880000,1581620160000,MISC OFFICER IN,<Null>,<Null>,<Null>,54,W,F,35.959285,-79.057753,74644,POINT (-79.057753 35.959285)
179793,CHPD,B&E    LARCENY F/VEHICLE,105 PARKRIDGE AVE,CHAPEL HILL,NC,27517,1582966380000,1582911900000,1582963200000,PUBLIC SERVICE,<Null>,<Null>,<Null>,52,W,F,35.910725,-79.011055,74662,POINT (-79.011055 35.910725)
180055,CHPD,SUSPICIOUS VEHICLE,100 DOGWOOD ACRES DR,CHAPEL HILL,NC,27516,1583619960000,1583619960000,1583619960000,SUSPICIOUS/WANT,<Null>,<Null>,<Null>,<Null>,<Null>,<Null>,35.921548,-79.057673,74665,POINT (-79.057673 35.921548)
180099,CHPD,USING FRAUDULENT ID CARD,1010 S HAMILTON RD,CHAPEL HILL,NC,27517,1583753100000,1583752980000,1583753040000,FRAUD OR DECEPT,<Null>,<Null>,<Null>,38,W,F,35.907284,-79.024445,74679,POINT (-79.024445 35.907284)
179393,CHPD,B&E    LARCENY F/VEHICLE,1081 NC 54,CHAPEL HILL,NC,27514,1581787080000,1581783300000,1581786900000,THEFT/LARCENY,<Null>,<Null>,<Null>,74,W,F,35.89555,-79.063141,74680,POINT (-79.063141 35.89555)
178807,CHPD,B&E    LARCENY F/VEHICLE,520 W FRANKLIN ST/N GRAHAM ST,CHAPEL HILL,NC,27516,1580230380000,1579892400000,1579906800000,MISC OFFICER IN,<Null>,<Null>,<Null>,33,W,M,35.92696,-79.05294,74682,POINT (-79.05294 35.92696)
179146,CHPD,B&E    LARCENY F/VEHICLE,1081 NC 54,CHAPEL HILL,NC,27514,1581090720000,1581089400000,1581090300000,THEFT/LARCENY,<Null>,<Null>,<Null>,58,W,F,35.89555,-79.063141,74713,POINT (-79.063141 35.89555)
179329,CHPD,CAREER DAY,9201 SEAWELL SCHOOL RD,CHAPEL HILL,NC,27516,1581597480000,1581597480000,1581597480000,MISC OFFICER IN,<Null>,<Null>,<Null>,<Null>,<Null>,<Null>,35.942038,-79.077302,74730,POINT (-79.077302 35.942038)
178977,CHPD,B&E    LARCENY F/VEHICLE,1000 DOGWOOD ACRES DR,CHAPEL HILL,NC,<Null>,1580661060000,1580660400000,1580661060000,THEFT/LARCENY,<Null>,<Null>,<Null>,63,W,F,35.872425,-79.069191,74744,POINT (-79.069191 35.872425)
178800,CHPD,B&E    LARCENY F/VEHICLE,706 MARTIN LUTHER KING JR BLVD,CHAPEL HILL,NC,27514,1580221620000,1580164200000,1580198400000,THEFT/LARCENY,<Null>,<Null>,<Null>,20,W,F,35.922016,-79.054115,74763,POINT (-79.054115 35.922016)
179160,CHPD,K9 VEHICLE SNIFF,1811 E FRANKLIN ST,CHAPEL HILL,NC,27514,1581118200000,1581118200000,1581118200000,TRAFFIC STOP,<Null>,<Null>,<Null>,<Null>,<Null>,<Null>,35.948064,-79.016264,74764,POINT (-79.016264 35.948064)
179089,CHPD,B&E    LARCENY F/VEHICLE,300 FORMOSA LN,CHAPEL HILL,NC,27517,1580978460000,1580922000000,1580976000000,THEFT/LARCENY,<Null>,<Null>,<Null>,37,B,F,35.941772,-79.015694,74785,POINT (-79.015694 35.941772)
180077,CHPD,TOWED VEHICLE,200 E FRANKLIN ST,CHAPEL HILL,NC,27514,1583687580000,1583687580000,1583687580000,MISC OFFICER IN,<Null>,<Null>,<Null>,<Null>,<Null>,<Null>,35.95164,-79.052182,74800,POINT (-79.052182 35.95164)
180020,CHPD,CREDIT CARD/ATM FRAUD,116 W BARBEE CHAPEL RD,CHAPEL HILL,NC,27517,1583499000000,1583308800000,1583413200000,THEFT/LARCENY,<Null>,<Null>,<Null>,20,W,F,35.906023,-79.010909,74803,POINT (-79.010909 35.906023)
178976,CHPD,B&E LARCENY F/VEHICLE,1000 SUMAC RD,CHAPEL HILL,NC,27514,1580664360000,1580661900000,1580664360000,THEFT/LARCENY,<Null>,<Null>,<Null>,48,W,F,35.877201,-79.066271,74804,POINT (-79.066271 35.877201)
179575,CHPD,B&E    LARCENY F/VEHICLE,310 CHARLESTON LN,CHAPEL HILL,NC,27517,1582358700000,1582219800000,1582300800000,THEFT/LARCENY,<Null>,<Null>,<Null>,38,A,M,35.940567,-79.00367,74811,POINT (-79.00367 35.940567)
179710,CHPD,LARCENY FROM MOTOR VEHICLE,828 SUMAC RD. NEAR 15-501,CHAPEL HILL,NC,27514,1582732980000,1582702260000,1582731000000,THEFT/LARCENY,<Null>,<Null>,<Null>,24,A,F,35.926901,-79.052931,74815,POINT (-79.052931 35.926901)
180103,CHPD,ABANDONED VEHICLE,47 HAMILTON RD,CHAPEL HILL,NC,27517,1583756760000,1583756760000,1583756760000,MISC OFFICER IN,<Null>,<Null>,<Null>,<Null>,<Null>,<Null>,35.910637,-79.023705,74818,POINT (-79.023705 35.910637)
179262,CHPD,LARCENY FROM MOTOR VEHICLE,113 TURVEY CT,CHAPEL HILL,NC,27514,1581414540000,1581374700000,1581411600000,MISC OFFICER IN,<Null>,<Null>,<Null>,21,W,F,35.944786,-79.017914,74825,POINT (-79.017914 35.944786)
179669,CHPD,TOWED VEHICLE,6850 MILLHOUSE ROAD,CHAPEL HILL,NC,27514,1582634700000,1582634700000,1582634700000,MISC OFFICER IN,<Null>,<Null>,<Null>,<Null>,<Null>,<Null>,35.977734,-79.073347,74835,POINT (-79.073347 35.977734)
179899,CHPD,CREDIT CARD FRAUD,208 SUNSET DR,CHAPEL HILL,NC,27516,1583178180000,1582992000000,1583178180000,FRAUD OR DECEPT,<Null>,<Null>,<Null>,28,W,F,35.911937,-79.066239,74842,POINT (-79.066239 35.911937)
179555,CHPD,B&E    LARCENY F/VEHICLE,304 CHARLESTON LN,CHAPEL HILL,NC,27517,1582284540000,1582185600000,1582284540000,THEFT/LARCENY,<Null>,<Null>,<Null>,51,W,M,35.940598,-79.003625,74844,POINT (-79.003625 35.940598)
179725,CHPD,LARCENY OF A CREDIT CARD,100 SPRUNT ST,CHAPEL HILL,NC,27517,1582797480000,1582724580000,1582724820000,MISC OFFICER IN,<Null>,<Null>,<Null>,73,W,M,35.908165,-79.00988,74863,POINT (-79.00988 35.908165)
178970,CHPD,TOWED VEHICLE,200 E FRANKLIN ST,CHAPEL HILL,NC,27514,1580658180000,1580658180000,1580658180000,MISC OFFICER IN,<Null>,<Null>,<Null>,<Null>,<Null>,<Null>,35.95164,-79.052182,74884,POINT (-79.052182 35.95164)
180023,CHPD,B&E    LARCENY F/VEHICLE,1000 DOGWOOD ACRES DR,CHAPEL HILL,NC,27516,1583500320000,1583498400000,1583500320000,DAMAGE/VANDALIS,<Null>,<Null>,<Null>,53,W,F,35.872425,-79.069191,74902,POINT (-79.069191 35.872425)
179060,CHPD,B&E    LARCENY F/VEHICLE,2515 FOXWOOD DR,CHAPEL HILL,NC,27514,1580910780000,1580839200000,1580907600000,BURGLARY/HOME I,<Null>,<Null>,<Null>,<Null>,W,M,35.947948,-79.024435,74944,POINT (-79.024435 35.947948)
180132,CHPD,SUSPICIOUS VEHICLE,110 CRICKET GROUND,DURHAM,NC,27514,1583845920000,1583845080000,1583845080000,SUSPICIOUS/WANT,<Null>,<Null>,<Null>,<Null>,<Null>,<Null>,35.943291,-78.997086,74967,POINT (-78.997086 35.943291)
178971,CHPD,TOWED VEHICLE,100 HENDERSON ST/E FRANKLIN ST,CHAPEL HILL,NC,27514,1580658600000,1580658600000,1580658600000,TRAFFIC VIOLATI,<Null>,<Null>,<Null>,<Null>,W,M,35.914348,-79.052859,74971,POINT (-79.052859 35.914348)
178925,CHPD,B&E    LARCENY F/VEHICLE,323 EDISTO CT,CHAPEL HILL,NC,27514,1580542920000,1580482800000,1580542920000,THEFT/LARCENY,<Null>,<Null>,<Null>,49,W,M,35.961369,-79.05143,74991,POINT (-79.05143 35.961369)
180143,CHPD,LARCENY FROM MOTOR VEHICLE,2000 EUBANKS RD,CHAPEL HILL,NC,27516,1583859600000,1583829600000,1583858700000,THEFT/LARCENY,<Null>,<Null>,<Null>,41,W,M,35.970547,-79.071152,74994,POINT (-79.071152 35.970547)
180842,CHPD,SUSPICIOUS VEHICLE,206 GREENE ST,CHAPEL HILL,NC,27516,1586904360000,1586904000000,1586904360000,SUSPICIOUS/WANT,RESIDENCE/HOME,<Null>,<Null>,<Null>,<Null>,<Null>,35.92466,-79.05558,75036,POINT (-79.05558 35.92466)
180678,CHPD,CREDIT CARD/ATM FRAUD,101 BANKS DR,CHAPEL HILL,NC,27514,1586163900000,1585947420000,1586091600000,MISC OFFICER IN,ATM SEPARATE FROM BANK,<Null>,<Null>,70,W,M,35.963621,-79.055011,75045,POINT (-79.055011 35.963621)
180335,CHPD,VEHICLE UNLOCK,1513 E FRANKLIN ST,CHAPEL HILL,NC,27514,1584533040000,1584532500000,1584533040000,PUBLIC SERVICE,<Null>,<Null>,<Null>,23,W,M,35.931671,-79.034607,75087,POINT (-79.034607 35.931671)
180651,CHPD,VEHICLE LOCKOUT,2219 DALEY RD,CHAPEL HILL,NC,27514,1586012160000,1586012100000,1586012160000,PUBLIC SERVICE,RESIDENCE/HOME,N,<Null>,<Null>,W,F,35.944809,-79.025345,75092,POINT (-79.025345 35.944809)
180689,CHPD,B&E    LARCENY F/VEHICLE,101 ASHLEY FOREST RD,CHAPEL HILL,NC,27514,1586192640000,1586106000000,1586167200000,THEFT/LARCENY,PARKING/DROP LOT/GARAGE,<Null>,<Null>,33,W,F,35.944511,-79.057083,75095,POINT (-79.057083 35.944511)
180785,CHPD,B&E    LARCENY F/VEHICLE,117 GLENHAVEN DR,CHAPEL HILL,NC,27516,1586600460000,1586559600000,1586588400000,THEFT/LARCENY,RESIDENCE/HOME,<Null>,NONE,56,W,M,35.883587,-79.073662,75103,POINT (-79.073662 35.883587)
181372,CHPD,SUSPICIOUS VEHICLE,111 JACKIE ROBINSON ST/ADELAIDE WALTERS ST,CHAPEL HILL,NC,27517,1589224500000,1589212800000,1589224500000,SUSPICIOUS/WANT,HIGHWAY/ROAD/ALLEY/STREET/SIDEWALK,<Null>,NONE,<Null>,<Null>,<Null>,35.939789,-79.014709,75109,POINT (-79.014709 35.939789)
180705,CHPD,IMPROPERLY PARKED VEHICLES,100 EASTOWNE DR,CHAPEL HILL,NC,27514,1586257680000,1586257680000,1586257680000,TRAFFIC VIOLATI,HIGHWAY/ROAD/ALLEY/STREET/SIDEWALK,N,NONE,<Null>,<Null>,<Null>,35.950325,-79.007721,75115,POINT (-79.007721 35.950325)
180709,CHPD,B&E    LARCENY F/VEHICLE,106 WESTBURY CT,CHAPEL HILL,NC,27516,1586265720000,1586197800000,1586257200000,THEFT/LARCENY,RESIDENCE/HOME,<Null>,<Null>,65,W,F,35.891928,-79.064985,75124,POINT (-79.064985 35.891928)
181020,CHPD,B&E    LARCENY F/VEHICLE,701 HIGHGROVE DR,CHAPEL HILL,NC,27516,1587730920000,1585936800000,1585981800000,MISC OFFICER IN,RESIDENCE/HOME,N,<Null>,45,W,M,35.886937,-79.068474,75125,POINT (-79.068474 35.886937)
180789,CHPD,B&E    LARCENY F/VEHICLE,980 MARTIN LUTHER KING JR BLVD,CHAPEL HILL,NC,27514,1586606340000,1586604600000,1586606340000,THEFT/LARCENY,PARKING/DROP LOT/GARAGE,<Null>,<Null>,68,W,F,35.934032,-79.054382,75157,POINT (-79.054382 35.934032)
180588,CHPD,B&E    LARCENY F/VEHICLE,201 WESTBURY DR,CHAPEL HILL,NC,27516,1585659240000,1585504800000,1585555200000,THEFT/LARCENY,HIGHWAY/ROAD/ALLEY/STREET/SIDEWALK,<Null>,<Null>,42,W,M,35.893021,-79.068122,75158,POINT (-79.068122 35.893021)
180469,CHPD,LOST DEBIT CARD,LEGION RD,CHAPEL HILL,NC,27514,1585149240000,1585149240000,1585149240000,MISC OFFICER IN,HIGHWAY/ROAD/ALLEY/STREET/SIDEWALK,<Null>,NONE,<Null>,B,F,35.940059,-79.016099,75164,POINT (-79.016099 35.940059)
180605,CHPD,B&E-VEHICLE,203 ADAMS WAY,CHAPEL HILL,NC,27516,1585766820000,1585455780000,1585456080000,PUBLIC SERVICE,HIGHWAY/ROAD/ALLEY/STREET/SIDEWALK,N,<Null>,72,W,M,35.893798,-79.067612,75188,POINT (-79.067612 35.893798)
180547,CHPD,B&E    LARCENY F/VEHICLE,105 MARIN PL,CHAPEL HILL,NC,27516,1585456080000,1585454400000,1585456020000,THEFT/LARCENY,HIGHWAY/ROAD/ALLEY/STREET/SIDEWALK,<Null>,<Null>,<Null>,W,F,35.89589,-79.066398,75193,POINT (-79.066398 35.89589)
180706,CHPD,B&E    LARCENY F/VEHICLE,204 WESTGREEN DR,CHAPEL HILL,NC,27516,1586263320000,1586091600000,1586254500000,MISC OFFICER IN,RESIDENCE/HOME,<Null>,<Null>,77,W,F,35.884408,-79.066252,75222,POINT (-79.066252 35.884408)
181235,CHPD,ASSIST CARRBORO POLICE,200 RIDGE TRL,CHAPEL HILL,NC,27516,1588605660000,1588605600000,1588605660000,LE ASSISTANCE,RESIDENCE/HOME,<Null>,<Null>,<Null>,W,F,35.921791,-79.068466,75225,POINT (-79.068466 35.921791)
180380,CHPD,SUSPICIOUS VEHICLE,300 AQUATIC DR,CHAPEL HILL,NC,27514,1584661200000,1584661200000,1584661200000,SUSPICIOUS/WANT,<Null>,<Null>,<Null>,<Null>,<Null>,<Null>,35.955904,-79.063886,75267,POINT (-79.063886 35.955904)
180534,CHPD,CREDIT/DEBIT CARD FRAUD,1800 E FRANKLIN ST,CHAPEL HILL,NC,27514,1585400220000,1585391400000,1585393260000,FRAUD OR DECEPT,GROCERY/SUPERMARKET,<Null>,<Null>,51,W,F,35.92786,-79.029716,75299,POINT (-79.029716 35.92786)
180749,CHPD,VEHICLE LOCKOUT,103 HAMILTON RD,CHAPEL HILL,NC,27517,1586426460000,1586425800000,1586425800000,PUBLIC SERVICE,HIGHWAY/ROAD/ALLEY/STREET/SIDEWALK,<Null>,<Null>,29,B,M,35.912561,-79.023558,75308,POINT (-79.023558 35.912561)
180528,CHPD,B&E    LARCENY F/VEHICLE,104 TIMBER HOLLOW CT,CHAPEL HILL,NC,27514,1585368360000,1585368000000,1585368240000,THEFT/LARCENY,PARKING/DROP LOT/GARAGE,<Null>,<Null>,33,W,F,35.940212,-79.054161,75313,POINT (-79.054161 35.940212)
180754,CHPD,ABANDONED VEHICLE,1801 FORDHAM BLVD,CHAPEL HILL,NC,27514,1586443200000,1583764800000,1586443200000,TRAFFIC VIOLATI,OTHER/UNKNOWN,<Null>,NONE,<Null>,<Null>,<Null>,35.947773,-79.012795,75316,POINT (-79.012795 35.947773)
181096,CHPD,CREDIT CARD/ATM FRAUD,116 W BARBEE CHAPEL RD,CHAPEL HILL,NC,27517,1588024620000,1586797200000,1587384000000,THEFT/LARCENY,GROCERY/SUPERMARKET,<Null>,NONE,28,W,F,35.906273,-79.010918,75340,POINT (-79.010918 35.906273)
180935,CHPD,LARCENY FROM MOTOR VEHICLE,106 COLE ST,CHAPEL HILL,NC,27516,1587287400000,1587287100000,1587287160000,THEFT/LARCENY,HIGHWAY/ROAD/ALLEY/STREET/SIDEWALK,<Null>,NONE,40,B,F,35.905991,-79.06505,75388,POINT (-79.06505 35.905991)
181015,CHPD,B&E    LARCENY F/VEHICLE,116 CHANNING LN,CHAPEL HILL,NC,27516,1587722520000,1587666600000,1587722520000,THEFT/LARCENY,RESIDENCE/HOME,<Null>,<Null>,23,W,F,35.893353,-79.063049,75464,POINT (-79.063049 35.893353)
180579,CHPD,SUSPICIOUS VEHICLE,107 MARKET ST,CHAPEL HILL,NC,27516,1585607820000,1585607820000,1585607820000,SUSPICIOUS/WANT,PARKING/DROP LOT/GARAGE,<Null>,NONE,<Null>,<Null>,<Null>,35.878574,-79.065735,75479,POINT (-79.065735 35.878574)
181377,CHPD,VEHICLE UNLOCK,113 N GRAHAM ST,CHAPEL HILL,NC,27516,1589277960000,1589276700000,1589277960000,PUBLIC SERVICE,HIGHWAY/ROAD/ALLEY/STREET/SIDEWALK,N,<Null>,38,B,M,35.910427,-79.064827,75483,POINT (-79.064827 35.910427)
181021,CHPD,SUSPICIOUS VEHICLE,125 S GRAHAM ST,CHAPEL HILL,NC,27516,1587733320000,1587732900000,1587733320000,SUSPICIOUS/WANT,HIGHWAY/ROAD/ALLEY/STREET/SIDEWALK,N,NONE,33,W,F,35.908279,-79.062958,75526,POINT (-79.062958 35.908279)
180900,CHPD,B&E    LARCENY F/VEHICLE,1058 CANTERBURY LN,CHAPEL HILL,NC,27517,1587129120000,1587061800000,1587112200000,MISC OFFICER IN,RESIDENCE/HOME,<Null>,<Null>,47,W,F,35.92696,-79.05294,75527,POINT (-79.05294 35.92696)
180804,CHPD,SUSPICIOUS VEHICLE,HOMESTEAD RD/MARTIN LUTHER KING JR BLVD,CHAPEL HILL,NC,27514,1586687100000,1586687100000,1586687100000,TRAFFIC STOP,CONVENIENCE STORE,N,NONE,<Null>,<Null>,<Null>,35.949519,-79.058387,75544,POINT (-79.058387 35.949519)
180799,CHPD,ABANDONED VEHICLE,9115 SEAWELL SCHOOL RD,CHAPEL HILL,NC,27516,1586658600000,1586392440000,1586658600000,MISC OFFICER IN,HIGHWAY/ROAD/ALLEY/STREET/SIDEWALK,<Null>,<Null>,<Null>,<Null>,<Null>,35.940853,-79.07869,75562,POINT (-79.07869 35.940853)
181184,CHPD,B&E    LARCENY F/VEHICLE,126 MALLARD CT,CHAPEL HILL,NC,27517,1588325820000,1588197600000,1588323600000,MISC OFFICER IN,HIGHWAY/ROAD/ALLEY/STREET/SIDEWALK,N,<Null>,36,W,F,35.890456,-79.055333,75579,POINT (-79.055333 35.890456)
180220,CHPD,ABANDONED VEHICLE,100 N ROBERSON ST/W FRANKLIN ST,CHAPEL HILL,NC,27516,1584109800000,1584109800000,1584109800000,MISC OFFICER IN,<Null>,<Null>,<Null>,<Null>,<Null>,<Null>,35.910343,-79.063219,75591,POINT (-79.063219 35.910343)
181132,CHPD,LARCENY FROM MOTOR VEHICLE,301 KIRKWOOD DR,CHAPEL HILL,NC,27514,1588169700000,1588169400000,1588169700000,SUSPICIOUS/WANT,HIGHWAY/ROAD/ALLEY/STREET/SIDEWALK,<Null>,<Null>,56,W,M,35.948978,-79.022453,75594,POINT (-79.022453 35.948978)
180549,CHPD,B&E-VEHICLE,100 MARIN PL,CHAPEL HILL,NC,27516,1585456080000,1585455780000,1585456080000,SUSPICIOUS/WANT,HIGHWAY/ROAD/ALLEY/STREET/SIDEWALK,<Null>,<Null>,46,W,M,35.89547,-79.066627,75615,POINT (-79.066627 35.89547)
180618,CHPD,VEHICLE UNLOCK,500 FORMOSA LN,CHAPEL HILL,NC,27517,1585823820000,1585823820000,1585823820000,PUBLIC SERVICE,PARKING/DROP LOT/GARAGE,N,NONE,24,B,F,35.942142,-79.016243,75619,POINT (-79.016243 35.942142)
180278,CHPD,CREDIT CARD THEFT,130 S ESTES DR,CHAPEL HILL,NC,27514,1584319020000,1584277140000,1584314220000,THEFT/LARCENY,<Null>,<Null>,<Null>,45,B,F,35.92767,-79.03101,75620,POINT (-79.03101 35.92767)
180968,CHPD,B&E    LARCENY F/VEHICLE,228 RIDGE TRAIL,CHAPEL HILL,NC,27516,1587470520000,1587312000000,1587470520000,DAMAGE/VANDALIS,PARKING/DROP LOT/GARAGE,N,<Null>,23,W,F,35.920851,-79.068776,75653,POINT (-79.068776 35.920851)
180887,CHPD,B&E VEHICLE,4304 DREW HILL LN,CHAPEL HILL,NC,27514,1587074760000,1587074400000,1587074760000,THEFT/LARCENY,PARKING/DROP LOT/GARAGE,Y,<Null>,27,W,F,35.952675,-79.009293,75654,POINT (-79.009293 35.952675)
181156,CHPD,FINANCIAL TRANSACTION CARD FRAUD,108 TIMBER HOLLOW CT,CHAPEL HILL,NC,27514,1588246080000,1587369600000,1587632400000,PUBLIC SERVICE,OTHER/UNKNOWN,<Null>,<Null>,<Null>,B,F,35.941635,-79.05442,75661,POINT (-79.05442 35.941635)
180307,CHPD,B&E    LARCENY F/VEHICLE,400 MEADOWMONT VILLAGE CIR,CHAPEL HILL,NC,27517,1584453540000,1584453000000,1584453540000,THEFT/LARCENY,<Null>,<Null>,<Null>,57,W,F,35.904568,-79.011253,75684,POINT (-79.011253 35.904568)
181387,CHPD,CREDIT CARD THEFT,1808 MARTIN LUTHER KING JR BLVD,CHAPEL HILL,NC,27514,1589300460000,1589226900000,1589293800000,FRAUD OR DECEPT,RESTAURANT,<Null>,<Null>,<Null>,W,M,35.967625,-79.058438,75689,POINT (-79.058438 35.967625)
180482,CHPD,CARDIAC ARREST,1716 LEGION RD,CHAPEL HILL,NC,27517,1585211400000,1585209600000,1585211400000,CARDIAC ARREST,RESIDENCE/HOME,N,<Null>,<Null>,W,F,35.939358,-79.016075,75695,POINT (-79.016075 35.939358)
181077,CHPD,ABANDONED VEHICLE(BICYCLE),1220 M.L.K. JR BLVD  CHAPEL HILL  NC 27514,CHAPEL HILL,NC,27514,1587981840000,1587981840000,1587981840000,MISC OFFICER IN,<Null>,<Null>,<Null>,<Null>,<Null>,<Null>,35.948786,-79.057811,75701,POINT (-79.057811 35.948786)
180964,CHPD,B&E    LARCENY F/VEHICLE,108 GRAYLYN DR,CHAPEL HILL,NC,27516,1587465180000,1587416400000,1587463200000,THEFT/LARCENY,HIGHWAY/ROAD/ALLEY/STREET/SIDEWALK,<Null>,<Null>,53,W,F,35.880554,-79.07093,75735,POINT (-79.07093 35.880554)
180727,CHPD,ABANDONED VEHICLE,153 E ROSEMARY ST,CHAPEL HILL,NC,27514,1586316240000,1586316240000,1586316240000,MISC OFFICER IN,PARKING/DROP LOT/GARAGE,<Null>,<Null>,<Null>,<Null>,<Null>,35.896084,-79.046246,75765,POINT (-79.046246 35.896084)
181218,CHPD,SUSPICIOUS VEHICLE,142 BERRY PATCH LN,CHAPEL HILL,NC,27514,1588515240000,1588515240000,1588515240000,TRAFFIC VIOLATI,RESIDENCE/HOME,<Null>,NONE,<Null>,<Null>,<Null>,35.944572,-79.022217,75778,POINT (-79.022217 35.944572)
180548,CHPD,B&E    LARCENY F/VEHICLE,206 ADAMS WAY,CHAPEL HILL,NC,27516,1585459680000,1585454400000,1585459500000,THEFT/LARCENY,RESIDENCE/HOME,<Null>,<Null>,50,W,M,35.894224,-79.06683,75816,POINT (-79.06683 35.894224)
181219,CHPD,B&E    LARCENY F/VEHICLE,225 ASHLEY FOREST RD,CHAPEL HILL,NC,27514,1588511040000,1588511040000,1588511040000,THEFT/LARCENY,PARKING/DROP LOT/GARAGE,Y,OTHER,72,W,F,35.944782,-79.056099,75820,POINT (-79.056099 35.944782)
180456,CHPD,B&E    LARCENY F/VEHICLE,500 WEAVER DAIRY RD,CHAPEL HILL,NC,27514,1585065240000,1585062000000,1585065240000,THEFT/LARCENY,PARKING/DROP LOT/GARAGE,<Null>,<Null>,21,W,F,35.960632,-79.02858,75862,POINT (-79.02858 35.960632)
180929,CHPD,LARCENY FROM MOTOR VEHICLE,1105 NC 54,CHAPEL HILL,NC,27514,1587232500000,1587229500000,1587232500000,THEFT/LARCENY,PARK/PLAYGROUND,N,<Null>,39,W,F,35.898037,-79.067749,75867,POINT (-79.067749 35.898037)
180952,CHPD,B&E LARCENY F/VEHICLE,111 PINEGATE CIR,CHAPEL HILL,NC,27514,1587383040000,1587319200000,1587382200000,MISC OFFICER IN,PARKING/DROP LOT/GARAGE,<Null>,NONE,29,W,F,35.947028,-79.009807,75877,POINT (-79.009807 35.947028)
180953,CHPD,CAR RAN OFF ROAD,FORDHAM BLVD/E FRANKLIN ST,CHAPEL HILL,NC,27514,1587385080000,1587384900000,1587385080000,TRAFFIC/TRANSPO,HIGHWAY/ROAD/ALLEY/STREET/SIDEWALK,N,<Null>,<Null>,<Null>,<Null>,35.939071,-79.02295,75881,POINT (-79.02295 35.939071)
180200,CHPD,CREDIT CARD/ATM FRAUD,103 COBBLE RIDGE DR,CHAPEL HILL,NC,27516,1584028860000,1583323200000,1584028860000,MISC OFFICER IN,<Null>,<Null>,<Null>,54,W,M,35.892304,-79.073581,75903,POINT (-79.073581 35.892304)
180998,CHPD,B&E    LARCENY F/VEHICLE,409 CHURCH ST,CHAPEL HILL,NC,27516,1587645540000,1587590100000,1587593700000,MISC OFFICER IN,PARKING/DROP LOT/GARAGE,<Null>,NONE,21,W,M,35.915288,-79.060137,75914,POINT (-79.060137 35.915288)
180886,CHPD,B&E VEHICLE,319 PROVIDENCE RD,CHAPEL HILL,NC,27514,1587076800000,1587076800000,1587076800000,THEFT/LARCENY,PARKING/DROP LOT/GARAGE,Y,<Null>,<Null>,<Null>,<Null>,35.952693,-79.005727,75927,POINT (-79.005727 35.952693)
181008,CHPD,SUSPICIOUS VEHICLE,277 CLARK LAKE RD,DURHAM,NC,27707,1587683340000,1587682800000,1587683340000,SUSPICIOUS/WANT,HIGHWAY/ROAD/ALLEY/STREET/SIDEWALK,<Null>,NONE,<Null>,<Null>,<Null>,35.939598,-79.000885,75978,POINT (-79.000885 35.939598)
180944,CHPD,K-9 VEHICLE SNIFF,998 MARTIN LUTHER KING JR BLVD/ESTES DR,CHAPEL HILL,NC,27514,1587339960000,1587339900000,1587339960000,MVC W INJURY,HIGHWAY/ROAD/ALLEY/STREET/SIDEWALK,<Null>,NONE,<Null>,<Null>,<Null>,35.934032,-79.054382,75991,POINT (-79.054382 35.934032)
181013,CHPD,B&E    LARCENY F/VEHICLE,504 HIGHGROVE DR,CHAPEL HILL,NC,27516,1587717000000,1587661200000,1587717000000,THEFT/LARCENY,RESIDENCE/HOME,<Null>,<Null>,55,W,F,35.888367,-79.07122,75999,POINT (-79.07122 35.888367)
182057,CHPD,B&E    LARCENY F/VEHICLE,104 ASCOT PL,CHAPEL HILL,NC,27517,1591955340000,1591955340000,1591955340000,THEFT/LARCENY,PARKING/DROP LOT/GARAGE,<Null>,<Null>,41,W,F,35.940064,-79.005124,76016,POINT (-79.005124 35.940064)
182139,CHPD,CREDIT CARD FRAUD,1751 MARTIN LUTHER KING JR BLVD,CHAPEL HILL,NC,27516,1592412300000,1591454700000,1591454760000,PUBLIC SERVICE,RESIDENCE/HOME,<Null>,<Null>,<Null>,B,F,35.92696,-79.05294,76021,POINT (-79.05294 35.92696)
181543,CHPD,B&E    LARCENY F/VEHICLE,431 W FRANKLIN ST,CHAPEL HILL,NC,27516,1589907720000,1589810460000,1589895900000,THEFT/LARCENY,PARKING/DROP LOT/GARAGE,<Null>,NONE,21,W,F,35.909778,-79.062599,76045,POINT (-79.062599 35.909778)
181738,CHPD,B&E    LARCENY F/VEHICLE,200 MELVILLE LOOP,CHAPEL HILL,NC,27514,1590651240000,1590588000000,1590647400000,THEFT/LARCENY,PARKING/DROP LOT/GARAGE,<Null>,<Null>,26,W,M,35.947224,-79.016411,76058,POINT (-79.016411 35.947224)
181895,CHPD,B&E    LARCENY F/VEHICLE,108 W CAMERON AVE,CHAPEL HILL,NC,27516,1591355040000,1591266600000,1591275600000,THEFT/LARCENY,PARKING/DROP LOT/GARAGE,N,NONE,65,B,F,35.91077,-79.055466,76066,POINT (-79.055466 35.91077)
182658,CHPD,B&E    LARCENY F/VEHICLE,607 MARTIN LUTHER KING JR BLVD,CHAPEL HILL,NC,27516,1594463460000,1594418400000,1594461600000,THEFT/LARCENY,RESIDENCE/HOME,N,NONE,21,W,M,35.919014,-79.056755,76068,POINT (-79.056755 35.919014)
181516,CHPD,TAMPERING WITH VEHICLE,1060 NC 54,CHAPEL HILL,NC,27516,1589785740000,1589752800000,1589785200000,DAMAGE/VANDALIS,PARKING/DROP LOT/GARAGE,<Null>,<Null>,45,B,F,35.898712,-79.065117,76072,POINT (-79.065117 35.898712)
182064,CHPD,B&E    LARCENY F/VEHICLE,216 BLUEFIELD RD,CHAPEL HILL,NC,27517,1591973460000,1591887600000,1591949700000,THEFT/LARCENY,HIGHWAY/ROAD/ALLEY/STREET/SIDEWALK,N,<Null>,75,W,M,35.942539,-79.005028,76073,POINT (-79.005028 35.942539)
181401,CHPD,CREDIT CARD FRAUD,102 WEATHERSTONE DR,CHAPEL HILL,NC,27514,1589378520000,1582891200000,1589378520000,FRAUD OR DECEPT,DEPARTMENT DISCOUNT STORE,<Null>,<Null>,44,W,M,35.964664,-79.045879,76074,POINT (-79.045879 35.964664)
182303,CHPD,UNAUTHORIZED USE OF MOTOR VEHICLE,400 CREST DR,CHAPEL HILL,NC,27516,1593024720000,1590693600000,1590757200000,THEFT/LARCENY,RESIDENCE/HOME,N,<Null>,21,B,F,35.904598,-79.066162,76077,POINT (-79.066162 35.904598)
182273,CHPD,VEHICLE LEFT IN ROADWAY,2215 DALEY RD,CHAPEL HILL,NC,27514,1592922420000,1592920800000,1592922420000,PUBLIC SERVICE,HIGHWAY/ROAD/ALLEY/STREET/SIDEWALK,<Null>,NONE,<Null>,<Null>,<Null>,35.944989,-79.025686,76078,POINT (-79.025686 35.944989)
182258,CHPD,B&E    LARCENY F/VEHICLE,102 PINEGATE CIR,CHAPEL HILL,NC,27514,1592898000000,1592848800000,1592898000000,THEFT/LARCENY,PARKING/DROP LOT/GARAGE,Y,<Null>,30,W,F,35.948257,-79.008797,76094,POINT (-79.008797 35.948257)
182001,CHPD,B&E VEHICLE,1749 DOBBINS DR,CHAPEL HILL,NC,27514,1591811700000,1591462800000,1591811700000,THEFT/LARCENY,HIGHWAY/ROAD/ALLEY/STREET/SIDEWALK,N,<Null>,26,U,M,35.945137,-79.015472,76097,POINT (-79.015472 35.945137)
182046,CHPD,B&E    LARCENY F/VEHICLE,112 BLUEFIELD RD,CHAPEL HILL,NC,27517,1591949820000,1591949820000,1591949820000,THEFT/LARCENY,PARKING/DROP LOT/GARAGE,<Null>,<Null>,<Null>,<Null>,<Null>,35.94292,-79.003781,76119,POINT (-79.003781 35.94292)
181792,CHPD,SUSPICIOUS VEHICLE,1415 E FRANKLIN ST/S ESTES DR,CHAPEL HILL,NC,27514,1590854700000,1590849600000,1590850800000,PUBLIC SERVICE,HIGHWAY/ROAD/ALLEY/STREET/SIDEWALK,N,<Null>,<Null>,W,F,35.931423,-79.041336,76130,POINT (-79.041336 35.931423)
182067,CHPD,K-9 VEHICLE SNIFF,1701 MARTIN LUTHER KING JR BLVD,CHAPEL HILL,NC,27516,1591996260000,1591996260000,1591996260000,TRAFFIC STOP,HIGHWAY/ROAD/ALLEY/STREET/SIDEWALK,<Null>,NONE,<Null>,<Null>,<Null>,35.962053,-79.058065,76140,POINT (-79.058065 35.962053)
181676,CHPD,STOLEN VEHICLE RECOVERED,ESTES DR/MARTIN LUTHER KING JR BLVD,CHAPEL HILL,NC,27516,1590385680000,1590345900000,1590385680000,MISC OFFICER IN,HIGHWAY/ROAD/ALLEY/STREET/SIDEWALK,<Null>,<Null>,48,W,F,35.935225,-79.056077,76146,POINT (-79.056077 35.935225)
181611,CHPD,B&E    LARCENY F/VEHICLE,332 W ROSEMARY ST,CHAPEL HILL,NC,27516,1590162720000,1589904000000,1590157800000,BURGLARY/HOME I,PARKING/DROP LOT/GARAGE,<Null>,NONE,20,B,F,35.912102,-79.061483,76163,POINT (-79.061483 35.912102)
182424,CHPD,B&E    LARCENY F/VEHICLE,101 PALAFOX DR,CHAPEL HILL,NC,27516,1593531600000,1593415800000,1593505800000,THEFT/LARCENY,RESIDENCE/HOME,N,<Null>,62,A,M,35.963554,-79.064308,76172,POINT (-79.064308 35.963554)
182185,CHPD,B&E    LARCENY F/VEHICLE,1 SHEPHERD LN,CHAPEL HILL,NC,27514,1592570460000,1592499600000,1592570400000,THEFT/LARCENY,PARKING/DROP LOT/GARAGE,<Null>,<Null>,21,W,M,35.924942,-79.031906,76199,POINT (-79.031906 35.924942)
182231,CHPD,B&E    LARCENY F/VEHICLE,1105 NC 54,CHAPEL HILL,NC,27514,1592748300000,1592665200000,1592737200000,THEFT/LARCENY,PARKING/DROP LOT/GARAGE,<Null>,<Null>,24,W,F,35.898182,-79.06739,76206,POINT (-79.06739 35.898182)
181863,CHPD,B&E    LARCENY F/VEHICLE,1105 NC 54,CHAPEL HILL,NC,27514,1591196220000,1591192800000,1591196160000,THEFT/LARCENY,HIGHWAY/ROAD/ALLEY/STREET/SIDEWALK,N,NONE,19,W,F,35.898037,-79.067749,76213,POINT (-79.067749 35.898037)
181685,CHPD,B&E    LARCENY F/VEHICLE,1064 NC 54,CHAPEL HILL,NC,27516,1590439500000,1590438900000,1590439500000,THEFT/LARCENY,HIGHWAY/ROAD/ALLEY/STREET/SIDEWALK,N,NONE,40,W,F,35.896442,-79.064827,76227,POINT (-79.064827 35.896442)
181736,CHPD,B&E    LARCENY F/VEHICLE,110 MELVILLE LOOP,CHAPEL HILL,NC,27514,1590646560000,1590606000000,1590646500000,THEFT/LARCENY,PARKING/DROP LOT/GARAGE,N,<Null>,48,B,M,35.948002,-79.017494,76233,POINT (-79.017494 35.948002)
182072,CHPD,ABANDONED VEHICLE,399 MT CARMEL CHURCH RD/BENNETT RD,CHAPEL HILL,NC,27517,1592040480000,1592024400000,1592040480000,MISC OFFICER IN,HIGHWAY/ROAD/ALLEY/STREET/SIDEWALK,<Null>,NONE,<Null>,<Null>,<Null>,35.886652,-79.057142,76269,POINT (-79.057142 35.886652)
181609,CHPD,DAMAGE TO VEHICLE,420 THORNWOOD RD,CHAPEL HILL,NC,27517,1590159000000,1589986200000,1590148800000,MISC OFFICER IN,OTHER/UNKNOWN,<Null>,NONE,<Null>,<Null>,<Null>,35.93412,-79.010324,76281,POINT (-79.010324 35.93412)
182049,CHPD,B&E    LARCENY F/VEHICLE,1330 EPHESUS CHURCH RD,CHAPEL HILL,NC,27517,1591949100000,1591902000000,1591949100000,THEFT/LARCENY,PARKING/DROP LOT/GARAGE,N,<Null>,34,B,F,35.933426,-79.019005,76294,POINT (-79.019005 35.933426)
181925,CHPD,B&E VEHICLE,1751 MARTIN LUTHER KING JR BLVD,CHAPEL HILL,NC,27516,1591461600000,1588445400000,1591461600000,BURGLARY/HOME I,HIGHWAY/ROAD/ALLEY/STREET/SIDEWALK,N,<Null>,36,W,M,35.963127,-79.05893,76318,POINT (-79.05893 35.963127)
182054,CHPD,B&E    LARCENY F/VEHICLE,106 ASCOT PL,CHAPEL HILL,NC,27517,1591952820000,1591952820000,1591952820000,THEFT/LARCENY,PARKING/DROP LOT/GARAGE,<Null>,<Null>,27,B,M,35.940281,-79.004982,76333,POINT (-79.004982 35.940281)
182492,CHPD,B&E    LARCENY F/VEHICLE,203 BARKSDALE DR,CHAPEL HILL,NC,27516,1593790200000,1593729000000,1593788400000,THEFT/LARCENY,HIGHWAY/ROAD/ALLEY/STREET/SIDEWALK,N,<Null>,26,W,M,35.881935,-79.062943,76354,POINT (-79.062943 35.881935)
182069,CHPD,VEHICLE LOCKOUT,201 E FRANKLIN ST,CHAPEL HILL,NC,27514,1591998240000,1591998240000,1591998240000,PUBLIC SERVICE,HIGHWAY/ROAD/ALLEY/STREET/SIDEWALK,Y,NONE,41,B,M,35.914635,-79.052887,76374,POINT (-79.052887 35.914635)
182505,CHPD,ASSIST CARRBORO PD,1105 NC 54,CHAPEL HILL,NC,27514,1593836820000,1593836760000,1593836820000,TRAFFIC STOP,<Null>,<Null>,<Null>,<Null>,<Null>,<Null>,35.897976,-79.067737,76417,POINT (-79.067737 35.897976)
181897,CHPD,VEHICLE UNLOCK,100 LOUIS ARMSTRONG CT,CHAPEL HILL,NC,27514,1591359480000,1591359480000,1591359480000,PUBLIC SERVICE,RESIDENCE/HOME,N,NONE,57,B,F,35.947227,-79.047112,76420,POINT (-79.047112 35.947227)
181745,CHPD,OTHER VEHICLE THEFT,125 SCHULTZ ST,CHAPEL HILL,NC,27514,1590670200000,1590480000000,1590598800000,THEFT/LARCENY,PARKING/DROP LOT/GARAGE,<Null>,<Null>,<Null>,<Null>,<Null>,35.965214,-79.04837,76423,POINT (-79.04837 35.965214)
182648,CHPD,VEHICLE LOCKOUT,100 E ROSEMARY ST,CHAPEL HILL,NC,27514,1594406520000,1594406400000,1594406520000,PUBLIC SERVICE,PARKING/DROP LOT/GARAGE,Y,NONE,18,W,F,35.913223,-79.055756,76428,POINT (-79.055756 35.913223)
181946,CHPD,ASSIST CARRBORO PD K9 TRACK,200 NC 54,CARRBORO,NC,27510,1591570920000,1591570920000,1591570920000,BURGLARY/HOME I,<Null>,<Null>,<Null>,<Null>,<Null>,<Null>,35.911312,-79.092583,76450,POINT (-79.092583 35.911312)
182300,CHPD,VEHICLE FIRE,501 EDWARDS DR,CHAPEL HILL,NC,27516,1593020940000,1593020400000,1593020940000,VEHICLE FIRE,RESIDENCE/HOME,<Null>,<Null>,32,B,F,35.916157,-79.064873,76493,POINT (-79.064873 35.916157)
181716,CHPD,B&E    LARCENY F/VEHICLE,1000 DOGWOOD ACRES DR,CHAPEL HILL,NC,27514,1590589800000,1590348600000,1590349200000,THEFT/LARCENY,PARKING/DROP LOT/GARAGE,<Null>,<Null>,28,W,M,35.872366,-79.06918,76494,POINT (-79.06918 35.872366)
182410,CHPD,B&E    LARCENY F/VEHICLE,308 NEW PARKSIDE DR,CHAPEL HILL,NC,27516,1593514080000,1593450000000,1593513900000,THEFT/LARCENY,HIGHWAY/ROAD/ALLEY/STREET/SIDEWALK,N,<Null>,<Null>,W,M,35.956932,-79.06105,76531,POINT (-79.06105 35.956932)
181632,CHPD,B&E    LARCENY F/VEHICLE,333 W ROSEMARY ST,CHAPEL HILL,NC,27516,1590235380000,1590172200000,1590235380000,THEFT/LARCENY,PARKING/DROP LOT/GARAGE,<Null>,<Null>,20,W,F,35.911853,-79.061669,76555,POINT (-79.061669 35.911853)
181466,CHPD,LARCENY OF MOTOR VEHICLE,301 ASHLEY FOREST RD,CHAPEL HILL,NC,27514,1589553360000,1589486400000,1589553000000,THEFT/LARCENY,PARKING/DROP LOT/GARAGE,<Null>,NONE,26,B,M,35.944241,-79.057991,76557,POINT (-79.057991 35.944241)
182314,CHPD,CREDIT CARD/ATM FRAUD,828 MARTIN LUTHER KING JR BLVD,CHAPEL HILL,NC,27514,1593089760000,1593089760000,1593089760000,FRAUD OR DECEPT,SERVICE/GAS STATION,<Null>,NONE,60,W,M,35.926901,-79.052931,76558,POINT (-79.052931 35.926901)
182545,CHPD,B&E    LARCENY F/VEHICLE,501 CHURCH ST,CHAPEL HILL,NC,27516,1594029720000,1593864000000,1593990000000,BURGLARY/HOME I,PARKING/DROP LOT/GARAGE,N,<Null>,21,W,F,35.915974,-79.060554,76571,POINT (-79.060554 35.915974)
181742,CHPD,B&E    LARCENY F/VEHICLE,114 MELVILLE LOOP,CHAPEL HILL,NC,27514,1590665220000,1590634800000,1590663600000,THEFT/LARCENY,PARKING/DROP LOT/GARAGE,N,<Null>,35,B,F,35.947514,-79.016731,76572,POINT (-79.016731 35.947514)
181636,CHPD,SUSPICIOUS VEHICLE,110 UMSTEAD DR,CHAPEL HILL,NC,27516,1590241380000,1590068580000,1590241380000,SUSPICIOUS/WANT,PARKING/DROP LOT/GARAGE,<Null>,<Null>,44,W,M,35.925465,-79.054977,76613,POINT (-79.054977 35.925465)
181811,CHPD,B&E    LARCENY F/VEHICLE,803 EMORY DR,CHAPEL HILL,NC,27517,1590994200000,1590969660000,1590993900000,THEFT/LARCENY,PARKING/DROP LOT/GARAGE,<Null>,<Null>,63,B,M,35.926258,-79.013695,76620,POINT (-79.013695 35.926258)
181788,CHPD,B&E    LARCENY F/VEHICLE,100 SUMAC RD,CHAPEL HILL,NC,27517,1590845040000,1590838200000,1590845040000,THEFT/LARCENY,PARKING/DROP LOT/GARAGE,<Null>,OTHER,45,W,F,35.872425,-79.069191,76631,POINT (-79.069191 35.872425)
182585,CHPD,SUSPICIOUS VEHICLE,209 LAUREL HILL RD,CHAPEL HILL,NC,27514,1594149300000,1594147800000,1594147800000,SUSPICIOUS/WANT,HIGHWAY/ROAD/ALLEY/STREET/SIDEWALK,<Null>,NONE,<Null>,<Null>,<Null>,35.904324,-79.039726,76634,POINT (-79.039726 35.904324)
181945,CHPD,SUSPICIOUS VEHICLE,701 BRADLEY RD/READE RD,CHAPEL HILL,NC,27516,1591567080000,1591566600000,1591567080000,SUSPICIOUS/WANT,RESIDENCE/HOME,<Null>,<Null>,83,W,F,35.925568,-79.059502,76672,POINT (-79.059502 35.925568)
181697,CHPD,LARCENY FROM MOTOR VEHICLE,5623 FORDHAM BLVD,DURHAM,NC,27707,1590490920000,1590444000000,1590471900000,THEFT/LARCENY,PARKING/DROP LOT/GARAGE,Y,PERSONAL WEAPONS,<Null>,<Null>,<Null>,35.949471,-79.000275,76677,POINT (-79.000275 35.949471)
182047,CHPD,B&E    LARCENY F/VEHICLE,106 BLUEFIELD RD,CHAPEL HILL,NC,27517,1591944900000,1591944900000,1591944900000,THEFT/LARCENY,PARKING/DROP LOT/GARAGE,<Null>,<Null>,32,W,M,35.943279,-79.003731,76687,POINT (-79.003731 35.943279)
181747,CHPD,B&E    LARCENY F/VEHICLE,101 MELVILLE LOOP,CHAPEL HILL,NC,27514,1590672180000,1590633000000,1590665400000,MISC OFFICER IN,PARKING/DROP LOT/GARAGE,<Null>,<Null>,25,W,M,35.948309,-79.01709,76694,POINT (-79.01709 35.948309)
181590,CHPD,SUSPICIOUS VEHICLE,5623 FORDHAM BLVD,DURHAM,NC,27707,1590096360000,1590096360000,1590096360000,SUSPICIOUS/WANT,HIGHWAY/ROAD/ALLEY/STREET/SIDEWALK,<Null>,NONE,<Null>,<Null>,<Null>,35.949471,-79.000275,76696,POINT (-79.000275 35.949471)
182398,CHPD,SUSPICIOUS VEHICLE,221 KOUSA TRL,CHAPEL HILL,NC,27516,1593455760000,1593453240000,1593453240000,SUSPICIOUS/WANT,RESIDENCE/HOME,N,<Null>,39,W,M,35.968781,-79.072258,76729,POINT (-79.072258 35.968781)
181866,CHPD,REC. STOLEN VEHICLE FROM ANOTHER JURISDICTION,286 SUMMERWALK CIR,CHAPEL HILL,NC,27517,1591197840000,1590840000000,1591197600000,SUSPICIOUS/WANT,HIGHWAY/ROAD/ALLEY/STREET/SIDEWALK,<Null>,NONE,<Null>,<Null>,<Null>,35.897213,-79.009247,76753,POINT (-79.009247 35.897213)
181530,CHPD,B&E    LARCENY F/VEHICLE,415 CHURCH ST,CHAPEL HILL,NC,27516,1589816100000,1589805000000,1589807700000,THEFT/LARCENY,RESIDENCE/HOME,<Null>,<Null>,22,W,F,35.91573,-79.060387,76758,POINT (-79.060387 35.91573)
182570,CHPD,VEHICLE UNLOCK,800 PRITCHARD AVE X,CHAPEL HILL,NC,27516,1594131420000,1594131420000,1594131420000,MISC OFFICER IN,PARKING/DROP LOT/GARAGE,<Null>,<Null>,42,B,F,35.92063,-79.060446,76774,POINT (-79.060446 35.92063)
182068,CHPD,ASSIST OTHER AGENCY - CARRBORO PD,108 HENDERSON ST,CHAPEL HILL,NC,27514,1591991040000,1591990800000,1591991040000,MISC OFFICER IN,RESTAURANT,N,<Null>,<Null>,<Null>,<Null>,35.914805,-79.052895,76798,POINT (-79.052895 35.914805)
182055,CHPD,B&E    LARCENY F/VEHICLE,103 ASCOT PL,CHAPEL HILL,NC,27517,1591954980000,1591954980000,1591954980000,THEFT/LARCENY,PARKING/DROP LOT/GARAGE,<Null>,<Null>,37,A,M,35.940574,-79.005265,76799,POINT (-79.005265 35.940574)
181828,CHPD,B&E    LARCENY F/VEHICLE,440 W FRANKLIN ST,CHAPEL HILL,NC,27516,1591061700000,1591060500000,1591061700000,INFO MESSAGE,HIGHWAY/ROAD/ALLEY/STREET/SIDEWALK,N,UNKNOWN,19,W,M,35.911575,-79.061935,76819,POINT (-79.061935 35.911575)
181787,CHPD,B&E    LARCENY F/VEHICLE,100 SUMAC RD,CHAPEL HILL,NC,27517,1590844200000,1590839100000,1590844200000,THEFT/LARCENY,PARKING/DROP LOT/GARAGE,<Null>,OTHER,41,W,F,35.872425,-79.069191,76830,POINT (-79.069191 35.872425)
182407,CHPD,VEHICLE UNLOCK,110 S ELLIOTT RD,CHAPEL HILL,NC,27514,1593510540000,1593510300000,1593510540000,PUBLIC SERVICE,PARKING/DROP LOT/GARAGE,N,NONE,61,B,F,35.933697,-79.028564,76832,POINT (-79.028564 35.933697)
182404,CHPD,ASSIST CARRBORO PD,847 MARTIN LUTHER KING JR BLVD,CHAPEL HILL,NC,27516,1593483900000,1593483900000,1593483900000,LE ASSISTANCE,HIGHWAY/ROAD/ALLEY/STREET/SIDEWALK,<Null>,<Null>,<Null>,<Null>,<Null>,35.928093,-79.055031,76856,POINT (-79.055031 35.928093)
181952,CHPD,ABANDONED VEHICLE,FORDHAM BLVD/CARMICHAEL ST,CHAPEL HILL,NC,27514,1591603620000,1591603500000,1591603620000,SUSPICIOUS/WANT,HIGHWAY/ROAD/ALLEY/STREET/SIDEWALK,<Null>,<Null>,<Null>,<Null>,<Null>,35.905076,-79.030087,76859,POINT (-79.030087 35.905076)
182056,CHPD,B&E    LARCENY F/VEHICLE,1105 NC 54,CHAPEL HILL,NC,27514,1591950420000,1591927200000,1591950000000,THEFT/LARCENY,PARKING/DROP LOT/GARAGE,N,<Null>,43,W,M,35.899101,-79.07029,76868,POINT (-79.07029 35.899101)
182508,CHPD,ASSIST CARRBORO POLICE,NC 54/US 15-501,CHAPEL HILL,NC,27514,1593876480000,1593876480000,1593876480000,TRAFFIC STOP,HIGHWAY/ROAD/ALLEY/STREET/SIDEWALK,<Null>,<Null>,<Null>,<Null>,<Null>,35.908756,-79.027167,76870,POINT (-79.027167 35.908756)
182349,CHPD,ABANDONED VEHICLE,US 15-501/MORGAN CREEK,CHAPEL HILL,NC,27516,1593247140000,1593247140000,1593247140000,MISC OFFICER IN,<Null>,<Null>,<Null>,<Null>,<Null>,<Null>,35.894855,-79.050443,76893,POINT (-79.050443 35.894855)
182366,CHPD,ASSIST CARRBORO,828 MARTIN LUTHER KING JR BLVD,CHAPEL HILL,NC,27514,1593312540000,1593312540000,1593312540000,MISC OFFICER IN,GOVERNMENT/PUBLIC BUILDING,<Null>,NONE,<Null>,<Null>,<Null>,35.926901,-79.052931,76898,POINT (-79.052931 35.926901)
182221,CHPD,VEHICLE K9 SNIFF,MLK JR BLVD NEW STATESIDE DR,CHAPEL HILL,NC,27514,1592699460000,1592699460000,1592699460000,TRAFFIC STOP,<Null>,<Null>,<Null>,<Null>,<Null>,<Null>,35.95513,-79.058009,76907,POINT (-79.058009 35.95513)
182013,CHPD,SUSPICIOUS VEHICLE,1220 MARTIN LUTHER KING JR BLVD,CHAPEL HILL,NC,27514,1591854720000,1591854720000,1591854720000,SUSPICIOUS/WANT,CHURCH/SYNAGOGUE/TEMPLE/MOSQUE,N,NONE,<Null>,<Null>,<Null>,35.948786,-79.057811,76911,POINT (-79.057811 35.948786)
181789,CHPD,B&E    LARCENY F/VEHICLE,100 SUMAC RD,CHAPEL HILL,NC,27517,1590841800000,1590839100000,1590841800000,THEFT/LARCENY,PARKING/DROP LOT/GARAGE,<Null>,OTHER,58,W,F,35.872425,-79.069191,76929,POINT (-79.069191 35.872425)
182154,CHPD,B&E    LARCENY F/VEHICLE,130 S ESTES DR,CHAPEL HILL,NC,27514,1592476620000,1592391600000,1592460000000,THEFT/LARCENY,PARKING/DROP LOT/GARAGE,N,<Null>,55,W,F,35.926739,-79.031418,76959,POINT (-79.031418 35.926739)
182226,CHPD,B&E    LARCENY F/VEHICLE,1105 NC 54,CHAPEL HILL,NC,27514,1592723400000,1592668800000,1592721900000,THEFT/LARCENY,PARKING/DROP LOT/GARAGE,N,<Null>,48,A,M,35.897663,-79.067856,76964,POINT (-79.067856 35.897663)
182061,CHPD,B&E    LARCENY F/VEHICLE,112 ST AYERS WAY,CHAPEL HILL,NC,27514,1591961640000,1591927200000,1591952400000,MISC OFFICER IN,PARKING/DROP LOT/GARAGE,N,<Null>,57,W,F,35.940842,-79.004619,76967,POINT (-79.004619 35.940842)
181883,CHPD,SUSPICIOUS VEHICLE,1740 FORDHAM BLVD,CHAPEL HILL,NC,27517,1591288440000,1591288200000,1591288260000,SUSPICIOUS/WANT,PARKING/DROP LOT/GARAGE,<Null>,NONE,<Null>,<Null>,<Null>,35.938811,-79.019749,76979,POINT (-79.019749 35.938811)
181984,CHPD,K-9 VEHICLE SNIFF,230 E FRANKLIN ST/PICKARD LN,CHAPEL HILL,NC,27514,1591735980000,1591735920000,1591735980000,TRAFFIC STOP,HIGHWAY/ROAD/ALLEY/STREET/SIDEWALK,<Null>,NONE,<Null>,<Null>,<Null>,35.915088,-79.050671,76984,POINT (-79.050671 35.915088)
181687,CHPD,B&E    LARCENY F/VEHICLE,1064 NC 54,CHAPEL HILL,NC,27516,1590439500000,1590436800000,1590439500000,THEFT/LARCENY,HIGHWAY/ROAD/ALLEY/STREET/SIDEWALK,N,NONE,53,W,F,35.896442,-79.064827,76986,POINT (-79.064827 35.896442)
183471,CHPD,B&E    LARCENY F/VEHICLE,703 N COLUMBIA ST,CHAPEL HILL,NC,27516,1597491780000,1597447800000,1597487400000,THEFT/LARCENY,RESIDENCE/HOME,Y,PERSONAL WEAPONS,59,W,M,35.920547,-79.059837,77008,POINT (-79.059837 35.920547)
182917,CHPD,B&E    LARCENY F/VEHICLE,1100 NC 54,CHAPEL HILL,NC,27516,1595514060000,1595437200000,1595514000000,THEFT/LARCENY,PARKING/DROP LOT/GARAGE,<Null>,<Null>,22,W,F,35.900257,-79.065552,77026,POINT (-79.065552 35.900257)
183548,CHPD,B&E    LARCENY F/VEHICLE,620 COOLIDGE ST,CHAPEL HILL,NC,27516,1597741980000,1597528800000,1597741200000,MISC OFFICER IN,PARKING/DROP LOT/GARAGE,N,<Null>,21,W,F,35.897996,-79.06363,77027,POINT (-79.06363 35.897996)
183165,CHPD,B&E    LARCENY F/VEHICLE,317 BURLAGE CIR,CHAPEL HILL,NC,27514,1596537960000,1596323700000,1596358800000,MISC OFFICER IN,RESIDENCE/HOME,<Null>,<Null>,56,W,F,35.928249,-79.042252,77037,POINT (-79.042252 35.928249)
182775,CHPD,B&E    LARCENY F/VEHICLE,110 W FRANKLIN ST,CHAPEL HILL,NC,27516,1594902480000,1594897200000,1594901520000,THEFT/LARCENY,PARKING/DROP LOT/GARAGE,N,NONE,34,W,M,35.913284,-79.056618,77058,POINT (-79.056618 35.913284)
183066,CHPD,LARCENY FROM MOTOR VEHICLE,845 MARTIN LUTHER KING JR BLVD,CHAPEL HILL,NC,27516,1596123780000,1596056400000,1596123780000,THEFT/LARCENY,HIGHWAY/ROAD/ALLEY/STREET/SIDEWALK,N,NONE,29,B,F,35.92802,-79.055023,77082,POINT (-79.055023 35.92802)
183354,CHPD,B&E    LARCENY F/VEHICLE,5623 FORDHAM BLVD,DURHAM,NC,27707,1597130460000,1597059000000,1597130400000,THEFT/LARCENY,PARKING/DROP LOT/GARAGE,<Null>,<Null>,34,B,M,35.949471,-79.000275,77090,POINT (-79.000275 35.949471)
182674,CHPD,B&E    LARCENY F/VEHICLE,104 JULIETTE CT,CHAPEL HILL,NC,27516,1594555620000,1594503000000,1594554900000,THEFT/LARCENY,HIGHWAY/ROAD/ALLEY/STREET/SIDEWALK,N,<Null>,53,A,M,35.958519,-79.062294,77094,POINT (-79.062294 35.958519)
183545,CHPD,B&E    LARCENY F/VEHICLE,902 DAWES ST,CHAPEL HILL,NC,27516,1597738500000,1597687200000,1597733100000,THEFT/LARCENY,PARKING/DROP LOT/GARAGE,N,<Null>,44,W,F,35.898458,-79.061033,77097,POINT (-79.061033 35.898458)
183528,CHPD,ABANDONED VEHICLE,604 COPPERLINE DR,CHAPEL HILL,NC,27516,1597678080000,1597671000000,1597671000000,MISC OFFICER IN,<Null>,<Null>,<Null>,62,B,M,35.880898,-79.068047,77109,POINT (-79.068047 35.880898)
182688,CHPD,B&E    LARCENY F/VEHICLE,305 COLUMBIA PL E,CHAPEL HILL,NC,27516,1594596540000,1594594800000,1594596540000,THEFT/LARCENY,RESIDENCE/HOME,N,UNKNOWN,21,W,M,35.92696,-79.05294,77126,POINT (-79.05294 35.92696)
183355,CHPD,B&E    LARCENY F/VEHICLE,133 W FRANKLIN ST,CHAPEL HILL,NC,27516,1597136460000,1597060800000,1597136460000,THEFT/LARCENY,PARKING/DROP LOT/GARAGE,<Null>,<Null>,19,W,F,35.912331,-79.057335,77139,POINT (-79.057335 35.912331)
182673,CHPD,B&E    LARCENY F/VEHICLE,108 JULIETTE CT,CHAPEL HILL,NC,27516,1594557000000,1594497600000,1594548000000,THEFT/LARCENY,PARKING/DROP LOT/GARAGE,<Null>,<Null>,57,<Null>,M,35.958142,-79.062623,77144,POINT (-79.062623 35.958142)
183920,CHPD,B&E    LARCENY F/VEHICLE,806 OLD PITTSBORO RD,CHAPEL HILL,NC,27516,1599054960000,1598898600000,1599051600000,THEFT/LARCENY,RESIDENCE/HOME,N,<Null>,21,A,F,35.900317,-79.058583,77149,POINT (-79.058583 35.900317)
182949,CHPD,SUSPICIOUS VEHICLE,600 MARTIN LUTHER KING JR BLVD,CHAPEL HILL,NC,27514,1595621640000,1595621520000,1595621640000,SUSPICIOUS/WANT,PARKING/DROP LOT/GARAGE,N,NONE,<Null>,<Null>,<Null>,35.918559,-79.055692,77168,POINT (-79.055692 35.918559)
183386,CHPD,B&E    LARCENY F/VEHICLE,1710 AUDUBON RD,CHAPEL HILL,NC,27514,1597222680000,1597125600000,1597221900000,THEFT/LARCENY,RESIDENCE/HOME,<Null>,<Null>,51,W,M,35.939182,-79.036949,77171,POINT (-79.036949 35.939182)
182906,CHPD,SUSPICIOUS VEHICLES,500 WEAVER DAIRY RD,CHAPEL HILL,NC,27514,1595468160000,1595467800000,1595468100000,MISC OFFICER IN,<Null>,<Null>,<Null>,<Null>,<Null>,<Null>,35.960574,-79.02857,77173,POINT (-79.02857 35.960574)
183726,CHPD,B&E    LARCENY F/VEHICLE,2400 HOMESTEAD RD,CHAPEL HILL,NC,27516,1598459760000,1597941360000,1598458500000,THEFT/LARCENY,PARKING/DROP LOT/GARAGE,<Null>,KNIFE/CUTTING INSTRUMENT,<Null>,<Null>,<Null>,35.95197,-79.066793,77191,POINT (-79.066793 35.95197)
183101,CHPD,B&E    LARCENY F/VEHICLE,1900 ROLLING RD,CHAPEL HILL,NC,27514,1596272220000,1596227400000,1596263400000,THEFT/LARCENY,RESIDENCE/HOME,Y,<Null>,23,W,M,35.940002,-79.03257,77199,POINT (-79.03257 35.940002)
183242,CHPD,B&E    LARCENY F/VEHICLE,710 E ROSEMARY ST,CHAPEL HILL,NC,27514,1596717000000,1596652200000,1596715200000,DAMAGE/VANDALIS,PARKING/DROP LOT/GARAGE,<Null>,<Null>,25,W,M,35.918626,-79.043573,77204,POINT (-79.043573 35.918626)
183248,CHPD,B&E    LARCENY F/VEHICLE,375 TENNEY CIR,CHAPEL HILL,NC,27514,1596725400000,1596650400000,1596722400000,THEFT/LARCENY,RESIDENCE/HOME,N,<Null>,<Null>,W,F,35.920212,-79.043228,77211,POINT (-79.043228 35.920212)
183252,CHPD,B&E    LARCENY F/VEHICLE,313 N BOUNDARY ST,CHAPEL HILL,NC,27514,1596733620000,1596672060000,1596699000000,THEFT/LARCENY,RESIDENCE/HOME,<Null>,NONE,55,W,F,35.91996,-79.048637,77221,POINT (-79.048637 35.91996)
183527,CHPD,LARCENY OF GOLF CART,100 DREW HILL LN,CHAPEL HILL,NC,27514,1597675680000,1597546800000,1597600800000,MISC OFFICER IN,PARKING/DROP LOT/GARAGE,N,NONE,<Null>,<Null>,<Null>,35.951229,-79.010313,77225,POINT (-79.010313 35.951229)
183552,CHPD,B&E    LARCENY F/VEHICLE,1011 DAWES ST,CHAPEL HILL,NC,27516,1597752540000,1597707900000,1597749600000,THEFT/LARCENY,PARKING/DROP LOT/GARAGE,N,<Null>,21,W,M,35.896157,-79.060319,77230,POINT (-79.060319 35.896157)
183554,CHPD,TOWED VEHICLE,1 SAGE RD/ERWIN RD,CHAPEL HILL,NC,27514,1597742940000,1597742940000,1597742940000,MISC OFFICER IN,HIGHWAY/ROAD/ALLEY/STREET/SIDEWALK,<Null>,<Null>,<Null>,<Null>,<Null>,35.951589,-79.016504,77246,POINT (-79.016504 35.951589)
183123,CHPD,B&E    LARCENY F/VEHICLE,302 BURLAGE CIR,CHAPEL HILL,NC,27514,1596368820000,1596312000000,1596366900000,THEFT/LARCENY,RESIDENCE/HOME,<Null>,<Null>,47,A,F,35.929886,-79.040314,77249,POINT (-79.040314 35.929886)
183914,CHPD,B&E    LARCENY F/VEHICLE,5623 FORDHAM BLVD,CHAPEL HILL,NC,27514,1599033720000,1598983200000,1599033600000,THEFT/LARCENY,PARKING/DROP LOT/GARAGE,<Null>,<Null>,61,B,M,35.949471,-79.000275,77251,POINT (-79.000275 35.949471)
182832,CHPD,ASSIST CARRBORO,828 MARTIN LUTHER KING JR BLVD,CHAPEL HILL,NC,27514,1595124540000,1595124540000,1595124540000,LE ASSISTANCE,<Null>,<Null>,<Null>,<Null>,<Null>,<Null>,35.926901,-79.052931,77281,POINT (-79.052931 35.926901)
183916,CHPD,B&E    LARCENY F/VEHICLE,510 DOGWOOD DR,CHAPEL HILL,NC,27516,1599038040000,1598911200000,1598965200000,MISC OFFICER IN,RESIDENCE/HOME,N,NONE,34,W,M,35.90133,-79.062139,77288,POINT (-79.062139 35.90133)
183598,CHPD,B&E VEHICLE,800 MARTIN LUTHER KING JR BLVD,CHAPEL HILL,NC,27514,1597957260000,1597947300000,1597956600000,THEFT/LARCENY,RESIDENCE/HOME,N,<Null>,30,W,M,35.925335,-79.053542,77303,POINT (-79.053542 35.925335)
182778,CHPD,B&E    LARCENY F/VEHICLE,2000 NOVUS LN,CHAPEL HILL,NC,27517,1594915800000,1594848600000,1594915800000,THEFT/LARCENY,PARKING/DROP LOT/GARAGE,Y,<Null>,23,W,F,35.937981,-79.01947,77311,POINT (-79.01947 35.937981)
183899,CHPD,B&E    LARCENY F/VEHICLE,540 CHASE PARK RD,CHAPEL HILL,NC,27516,1598985540000,1598896800000,1598985000000,THEFT/LARCENY,RESIDENCE/HOME,N,NONE,22,W,M,35.899933,-79.060745,77312,POINT (-79.060745 35.899933)
183757,CHPD,ABANDONED VEHICLE,103 MASON ST,CHAPEL HILL,NC,27516,1598539320000,1595851200000,1598539260000,<Null>,HIGHWAY/ROAD/ALLEY/STREET/SIDEWALK,<Null>,NONE,<Null>,<Null>,<Null>,35.918134,-79.06492,77317,POINT (-79.06492 35.918134)
182985,CHPD,B&E    LARCENY F/VEHICLE,195 MARILYN LN,CHAPEL HILL,NC,27514,1595832420000,1595787300000,1595832300000,THEFT/LARCENY,PARKING/DROP LOT/GARAGE,<Null>,<Null>,47,W,F,35.920826,-79.036865,77342,POINT (-79.036865 35.920826)
183331,CHPD,B&E    LARCENY F/VEHICLE,738 E FRANKLIN ST,CHAPEL HILL,NC,27514,1597049700000,1597017600000,1597049700000,MISC OFFICER IN,RESIDENCE/HOME,<Null>,<Null>,20,W,M,35.917445,-79.040447,77356,POINT (-79.040447 35.917445)
183133,CHPD,B&E    LARCENY F/VEHICLE,318 BURLAGE CIR,CHAPEL HILL,NC,27514,1596384360000,1596301200000,1596373200000,THEFT/LARCENY,HIGHWAY/ROAD/ALLEY/STREET/SIDEWALK,<Null>,<Null>,56,W,F,35.929516,-79.043152,77373,POINT (-79.043152 35.929516)
183286,CHPD,B&E    LARCENY F/VEHICLE,514 NORTH ST,CHAPEL HILL,NC,27514,1596885960000,1596751200000,1596787200000,THEFT/LARCENY,HIGHWAY/ROAD/ALLEY/STREET/SIDEWALK,N,NONE,68,W,M,35.91838,-79.047994,77387,POINT (-79.047994 35.91838)
182766,CHPD,FRAUD CREDIT CARD,203 CONNER DR,CHAPEL HILL,NC,27514,1594842300000,1594755660000,1594842060000,FRAUD OR DECEPT,CYBERSPACE,<Null>,NONE,35,A,M,35.931202,-79.031609,77413,POINT (-79.031609 35.931202)
183210,CHPD,B&E    LARCENY F/VEHICLE,100 MISTYWOODS CIR,CHAPEL HILL,NC,27514,1596644760000,1596553200000,1596616200000,PUBLIC SERVICE,PARKING/DROP LOT/GARAGE,<Null>,<Null>,27,W,M,35.937751,-79.055511,77419,POINT (-79.055511 35.937751)
183239,CHPD,UNAUTHORIZED USE OF A FINANCIAL TRANSACTION CARD,313 BROOKS ST,CHAPEL HILL,NC,27516,1596709740000,1596542400000,1596614400000,FRAUD OR DECEPT,OTHER/UNKNOWN,<Null>,<Null>,<Null>,A,F,35.916148,-79.061773,77420,POINT (-79.061773 35.916148)
183180,CHPD,SUSPICIOUS VEHICLE,1900 ROLLING RD,CHAPEL HILL,NC,27514,1596571920000,1596571560000,1596571920000,THEFT/LARCENY,CONSTRUCTION SITE,<Null>,NONE,<Null>,<Null>,<Null>,35.940002,-79.03257,77438,POINT (-79.03257 35.940002)
183755,CHPD,ABANDONED VEHICLE,336 MCMASTERS ST,CHAPEL HILL,NC,27516,1598539320000,1595851200000,1598539260000,MISC OFFICER IN,HIGHWAY/ROAD/ALLEY/STREET/SIDEWALK,<Null>,NONE,<Null>,<Null>,<Null>,35.91777,-79.065145,77450,POINT (-79.065145 35.91777)
182678,CHPD,B&E    LARCENY F/VEHICLE,106 TIMBER HOLLOW CT,CHAPEL HILL,NC,27514,1594565940000,1594503000000,1594565940000,THEFT/LARCENY,PARKING/DROP LOT/GARAGE,N,<Null>,42,W,M,35.941059,-79.054039,77452,POINT (-79.054039 35.941059)
183324,CHPD,B&E    LARCENY F/VEHICLE,738 E FRANKLIN ST,CHAPEL HILL,NC,27514,1597049700000,1597001400000,1597049700000,THEFT/LARCENY,RESIDENCE/HOME,<Null>,<Null>,21,W,F,35.917503,-79.040459,77455,POINT (-79.040459 35.917503)
182919,CHPD,B&E    LARCENY F/VEHICLE,1100 NC 54,CHAPEL HILL,NC,27516,1595514060000,1595437200000,1595514000000,THEFT/LARCENY,PARKING/DROP LOT/GARAGE,<Null>,<Null>,22,W,F,35.900257,-79.065552,77474,POINT (-79.065552 35.900257)
182950,CHPD,ABANDONED VEHICLE,140 WENTWORTH ST/LINCOLN LN,CHAPEL HILL,NC,27516,1595625420000,1595625420000,1595625420000,SUSPICIOUS/WANT,HIGHWAY/ROAD/ALLEY/STREET/SIDEWALK,N,NONE,<Null>,<Null>,<Null>,35.90393,-79.069668,77485,POINT (-79.069668 35.90393)
183171,CHPD,B&E    LARCENY F/VEHICLE,507 N ESTES DR,CHAPEL HILL,NC,27514,1596556320000,1596498900000,1596538800000,THEFT/LARCENY,PARKING/DROP LOT/GARAGE,N,NONE,41,W,F,35.934837,-79.044754,77490,POINT (-79.044754 35.934837)
183060,CHPD,B&E    LARCENY F/VEHICLE,809 E FRANKLIN ST,CHAPEL HILL,NC,27514,1596103560000,1596060000000,1596103560000,THEFT/LARCENY,RESIDENCE/HOME,<Null>,<Null>,42,W,F,35.919308,-79.039284,77514,POINT (-79.039284 35.919308)
183335,CHPD,SUSPICIOUS VEHICLE,207 CHIPOAKS DR/PERRY CREEK DR,CHAPEL HILL,NC,27514,1597074600000,1597074300000,1597074540000,SUSPICIOUS/WANT,HIGHWAY/ROAD/ALLEY/STREET/SIDEWALK,<Null>,<Null>,<Null>,<Null>,<Null>,35.955921,-79.018684,77516,POINT (-79.018684 35.955921)
183429,CHPD,B&E    LARCENY F/VEHICLE,1706 MICHAUX RD,CHAPEL HILL,NC,27514,1597394160000,1596962160000,1597394160000,THEFT/LARCENY,RESIDENCE/HOME,N,<Null>,43,W,F,35.937977,-79.034187,77527,POINT (-79.034187 35.937977)
183198,CHPD,LARCENY FROM MOTOR VEHICLE,1801 FORDHAM BLVD,CHAPEL HILL,NC,27514,1596631200000,1596528000000,1596549600000,THEFT/LARCENY,PARKING/DROP LOT/GARAGE,N,<Null>,41,W,M,35.947834,-79.01281,77528,POINT (-79.01281 35.947834)
183744,CHPD,FRAUDULENT USE OF DEBIT CARD,325 W ROSEMARY ST,CHAPEL HILL,NC,27516,1598553180000,1598466780000,1598553120000,THEFT/LARCENY,CONVENIENCE STORE,<Null>,NONE,38,B,M,35.912094,-79.060529,77538,POINT (-79.060529 35.912094)
183700,CHPD,TOWED VEHICLE,PRITCHARD AVE EXT/UMSTEAD DR,CHAPEL HILL,NC,27516,1598286240000,1598286000000,1598286240000,TRAFFIC VIOLATI,HIGHWAY/ROAD/ALLEY/STREET/SIDEWALK,<Null>,<Null>,<Null>,<Null>,<Null>,35.922663,-79.060238,77539,POINT (-79.060238 35.922663)
183577,CHPD,ABANDONED VEHICLE,1 DOBBINS DR/COSGROVE AVE,CHAPEL HILL,NC,27514,1597854240000,1597854240000,1597854240000,TRAFFIC VIOLATI,HIGHWAY/ROAD/ALLEY/STREET/SIDEWALK,N,NONE,<Null>,<Null>,<Null>,35.943486,-79.016034,77551,POINT (-79.016034 35.943486)
183163,CHPD,B&E    LARCENY F/VEHICLE,610 SURRY RD,CHAPEL HILL,NC,27514,1596534840000,1596470400000,1596534300000,THEFT/LARCENY,RESIDENCE/HOME,N,<Null>,84,W,F,35.934292,-79.047195,77594,POINT (-79.047195 35.934292)
183323,CHPD,B&E    LARCENY F/VEHICLE,738 E FRANKLIN ST,CHAPEL HILL,NC,27514,1597049700000,1597001400000,1597049700000,THEFT/LARCENY,PARKING/DROP LOT/GARAGE,N,<Null>,21,W,F,35.917503,-79.040459,77610,POINT (-79.040459 35.917503)
183900,CHPD,B&E    LARCENY F/VEHICLE,422 WESTWOOD DR,CHAPEL HILL,NC,27516,1598984100000,1598896800000,1598983200000,THEFT/LARCENY,RESIDENCE/HOME,<Null>,<Null>,67,W,F,35.901482,-79.059792,77628,POINT (-79.059792 35.901482)
183388,CHPD,B&E    LARCENY F/VEHICLE,1705 ALLARD RD,CHAPEL HILL,NC,27514,1597225860000,1597179600000,1597215600000,PUBLIC SERVICE,RESIDENCE/HOME,N,<Null>,61,W,M,35.93726,-79.036003,77634,POINT (-79.036003 35.93726)
182989,CHPD,B&E    LARCENY F/VEHICLE,998 E FRANKLIN ST,CHAPEL HILL,NC,27514,1595845800000,1595793600000,1595835000000,THEFT/LARCENY,RESIDENCE/HOME,<Null>,<Null>,<Null>,W,M,35.920953,-79.038331,77638,POINT (-79.038331 35.920953)
183431,CHPD,ABANDONED VEHICLE,311 PRITCHARD AVE,CHAPEL HILL,NC,27516,1597395840000,1597395840000,1597395840000,TRAFFIC VIOLATI,HIGHWAY/ROAD/ALLEY/STREET/SIDEWALK,<Null>,NONE,<Null>,<Null>,<Null>,35.915013,-79.058724,77639,POINT (-79.058724 35.915013)
182742,CHPD,B&E    LARCENY F/VEHICLE,1740 FORDHAM BLVD,CHAPEL HILL,NC,27517,1594761780000,1594758600000,1594761300000,THEFT/LARCENY,HOTEL/MOTEL/ETC.,N,<Null>,<Null>,W,M,35.938811,-79.019749,77646,POINT (-79.019749 35.938811)
182754,CHPD,B&E    LARCENY F/VEHICLE,104 DRISKEL CT,CHAPEL HILL,NC,27517,1594827540000,1594827540000,1594827540000,THEFT/LARCENY,RESIDENCE/HOME,N,<Null>,52,W,F,35.911789,-79.013733,77656,POINT (-79.013733 35.911789)
183268,CHPD,B&E    LARCENY F/VEHICLE,104 ROSE LN,CHAPEL HILL,NC,27514,1596818700000,1596313800000,1596786300000,THEFT/LARCENY,RESIDENCE/HOME,N,<Null>,24,W,F,35.922054,-79.048424,77664,POINT (-79.048424 35.922054)
183630,CHPD,B&E    LARCENY F/VEHICLE,980 MARTIN LUTHER KING JR BLVD,CHAPEL HILL,NC,27514,1598102340000,1598088600000,1598102340000,THEFT/LARCENY,PARKING/DROP LOT/GARAGE,Y,<Null>,18,W,F,35.933972,-79.054371,77696,POINT (-79.054371 35.933972)
183370,CHPD,B&E    LARCENY F/VEHICLE,1111 E FRANKLIN ST,CHAPEL HILL,NC,27514,1597164840000,1597006800000,1597093200000,THEFT/LARCENY,RESIDENCE/HOME,<Null>,<Null>,37,U,F,35.923687,-79.039093,77724,POINT (-79.039093 35.923687)
183191,CHPD,B&E    LARCENY F/VEHICLE,66 FERNWOOD LN,CHAPEL HILL,NC,27516,1596615960000,1596574800000,1596603600000,THEFT/LARCENY,RESIDENCE/HOME,<Null>,NONE,31,A,F,35.920784,-79.067039,77732,POINT (-79.067039 35.920784)
183423,CHPD,ABANDONED VEHICLE,805 WOODLAND AVE,CHAPEL HILL,NC,27516,1597347660000,1597347660000,1597347660000,MISC OFFICER IN,HIGHWAY/ROAD/ALLEY/STREET/SIDEWALK,N,<Null>,<Null>,<Null>,<Null>,35.900063,-79.059418,77734,POINT (-79.059418 35.900063)
183327,CHPD,B&E    LARCENY F/VEHICLE,738 E FRANKLIN ST,CHAPEL HILL,NC,27514,1597049700000,1597006800000,1597049400000,THEFT/LARCENY,RESIDENCE/HOME,N,<Null>,20,W,F,35.917503,-79.040459,77739,POINT (-79.040459 35.917503)
183549,CHPD,B&E    LARCENY F/VEHICLE,622 COOLIDGE ST,CHAPEL HILL,NC,27516,1597741020000,1597710600000,1597739400000,THEFT/LARCENY,PARKING/DROP LOT/GARAGE,N,NONE,19,W,F,35.897753,-79.063724,77744,POINT (-79.063724 35.897753)
183712,CHPD,B&E    LARCENY F/VEHICLE,220 ELIZABETH ST,CHAPEL HILL,NC,27514,1598324580000,1598324520000,1598324580000,<Null>,PARKING/DROP LOT/GARAGE,<Null>,<Null>,55,W,F,35.925653,-79.04199,77749,POINT (-79.04199 35.925653)
183724,CHPD,SUSPICIOUS VEHICLE,142 BERRY PATCH LN,CHAPEL HILL,NC,27514,1598439420000,1598439420000,1598439420000,SUSPICIOUS/WANT,HIGHWAY/ROAD/ALLEY/STREET/SIDEWALK,N,<Null>,<Null>,<Null>,<Null>,35.944416,-79.022801,77754,POINT (-79.022801 35.944416)
183140,CHPD,ASSIST CARRBORO PD,179 E FRANKLIN ST,CHAPEL HILL,NC,27514,1596406080000,1596405900000,1596406080000,INFO MESSAGE,<Null>,<Null>,<Null>,<Null>,<Null>,<Null>,35.914555,-79.053276,77757,POINT (-79.053276 35.914555)
183303,CHPD,ABANDONED VEHICLE,RALEIGH RD/FORDHAM-RALEIGH RD EXIT,CHAPEL HILL,NC,27514,1596941760000,1596941760000,1596941760000,TRAFFIC VIOLATI,HIGHWAY/ROAD/ALLEY/STREET/SIDEWALK,N,NONE,<Null>,<Null>,<Null>,35.908682,-79.027052,77761,POINT (-79.027052 35.908682)
183287,CHPD,B&E    LARCENY F/VEHICLE,518 NORTH ST,CHAPEL HILL,NC,27514,1596884040000,1596650400000,1596873600000,THEFT/LARCENY,HIGHWAY/ROAD/ALLEY/STREET/SIDEWALK,N,NONE,46,W,M,35.918678,-79.047562,77767,POINT (-79.047562 35.918678)
183189,CHPD,B&E    LARCENY F/VEHICLE,500 UMSTEAD DR,CHAPEL HILL,NC,27516,1596609180000,1596555900000,1596609180000,THEFT/LARCENY,PARKING/DROP LOT/GARAGE,<Null>,<Null>,37,B,M,35.923401,-79.065529,77777,POINT (-79.065529 35.923401)
182907,CHPD,VEHICLE SEARCH,717 MARTIN LUTHER KING JR BLVD/BOLIN HEIGHTS,CHAPEL HILL,NC,27516,1595470440000,1595470380000,1595470440000,TRAFFIC STOP,HIGHWAY/ROAD/ALLEY/STREET/SIDEWALK,N,NONE,<Null>,<Null>,<Null>,35.92696,-79.05294,77787,POINT (-79.05294 35.92696)
183573,CHPD,SUSPICIOUS VEHICLE,1670 MARTIN LUTHER KING JR BLVD,CHAPEL HILL,NC,27514,1597822260000,1597795200000,1597822260000,SUSPICIOUS/WANT,PARKING/DROP LOT/GARAGE,N,<Null>,<Null>,<Null>,<Null>,35.962695,-79.057152,77793,POINT (-79.057152 35.962695)
183621,CHPD,FICT/ALT TITLE/REG CARD/TAG,1718 FORDHAM BLVD,CHAPEL HILL,NC,27517,1598064300000,1598063280000,1598063280000,MISC OFFICER IN,HIGHWAY/ROAD/ALLEY/STREET/SIDEWALK,N,NONE,<Null>,<Null>,<Null>,35.936448,-79.022597,77810,POINT (-79.022597 35.936448)
183346,CHPD,B&E  VEHICLE,103 ELIZABETH ST,CHAPEL HILL,NC,27514,1597089960000,1596916800000,1597089600000,THEFT/LARCENY,RESIDENCE/HOME,N,<Null>,20,W,F,35.923954,-79.038971,77814,POINT (-79.038971 35.923954)
182876,CHPD,B&E    LARCENY F/VEHICLE,110 GRANT ST,CHAPEL HILL,NC,27516,1595331420000,1595264400000,1595272440000,THEFT/LARCENY,HIGHWAY/ROAD/ALLEY/STREET/SIDEWALK,N,NONE,21,W,F,35.9049,-79.065659,77816,POINT (-79.065659 35.9049)
183226,CHPD,ASSIST CARRBORO PD,828 MARTIN LUTHER KING JR BLVD,CHAPEL HILL,NC,27514,1596682800000,1596681900000,1596682800000,LE ASSISTANCE,<Null>,<Null>,<Null>,<Null>,<Null>,<Null>,35.92696,-79.05294,77820,POINT (-79.05294 35.92696)
183427,CHPD,B&E    LARCENY F/VEHICLE,100 AQUATIC DR,CHAPEL HILL,NC,27516,1597362480000,1597345200000,1597362480000,MISC OFFICER IN,PARK/PLAYGROUND,N,NONE,34,W,M,35.955963,-79.063896,77825,POINT (-79.063896 35.955963)
183385,CHPD,B&E    LARCENY F/VEHICLE,1708 MICHAUX RD,CHAPEL HILL,NC,27514,1597223220000,1597183200000,1597216500000,THEFT/LARCENY,RESIDENCE/HOME,N,<Null>,45,W,F,35.938061,-79.034401,77844,POINT (-79.034401 35.938061)
183943,CHPD,TOWED VEHICLE,126 W FRANKLIN ST,CHAPEL HILL,NC,27516,1599135660000,1599135660000,1599135660000,MISC OFFICER IN,HIGHWAY/ROAD/ALLEY/STREET/SIDEWALK,<Null>,<Null>,<Null>,<Null>,<Null>,35.913036,-79.057312,77847,POINT (-79.057312 35.913036)
182913,CHPD,B&E    LARCENY F/VEHICLE,1100 NC 54 W,CHAPEL HILL,NC,27516,1595511000000,1595444400000,1595505600000,BURGLARY/HOME I,PARKING/DROP LOT/GARAGE,<Null>,NONE,44,B,F,35.900225,-79.066308,77850,POINT (-79.066308 35.900225)
183756,CHPD,ABANDONED VEHICLE,336 MCMASTERS ST,CHAPEL HILL,NC,27516,1598539320000,1595851200000,1598539260000,<Null>,HIGHWAY/ROAD/ALLEY/STREET/SIDEWALK,<Null>,NONE,<Null>,<Null>,<Null>,35.91777,-79.065145,77854,POINT (-79.065145 35.91777)
183112,CHPD,ABANDONED VEHICLE,4989 S COLUMBIA ST/US 15 501 S,CHAPEL HILL,NC,27517,1596324240000,1596324240000,1596324240000,TRAFFIC VIOLATI,HIGHWAY/ROAD/ALLEY/STREET/SIDEWALK,<Null>,<Null>,<Null>,<Null>,<Null>,35.873445,-79.066376,77861,POINT (-79.066376 35.873445)
183931,CHPD,B&E    LARCENY F/VEHICLE,9115 SEAWELL SCHOOL RD,CHAPEL HILL,NC,27516,1599077280000,1599075000000,1599077100000,THEFT/LARCENY,PARKING/DROP LOT/GARAGE,<Null>,BLUNT OBJECT,48,W,M,35.940853,-79.07869,77871,POINT (-79.07869 35.940853)
183638,CHPD,B&E    LARCENY F/VEHICLE,205 S ESTES DR,CHAPEL HILL,NC,27514,1598106480000,1598101200000,1598103900000,THEFT/LARCENY,PARK/PLAYGROUND,Y,<Null>,61,W,F,35.927373,-79.029696,77891,POINT (-79.029696 35.927373)
182685,CHPD,B&E OF VEHICLE,225 ASHLEY FOREST RD,CHAPEL HILL,NC,27514,1594584420000,1594527000000,1594540800000,SUSPICIOUS/WANT,PARKING/DROP LOT/GARAGE,N,NONE,50,A,M,35.944782,-79.056099,77893,POINT (-79.056099 35.944782)
183384,CHPD,B&E    LARCENY F/VEHICLE,1900 S LAKESHORE DR,CHAPEL HILL,NC,27514,1597221180000,1597172400000,1597219200000,THEFT/LARCENY,RESIDENCE/HOME,N,<Null>,43,U,F,35.941956,-79.035385,77896,POINT (-79.035385 35.941956)
183220,CHPD,ABANDONED VEHICLE,1060 NC 54,CHAPEL HILL,NC,27516,1596657360000,1596657360000,1596657360000,MISC OFFICER IN,HIGHWAY/ROAD/ALLEY/STREET/SIDEWALK,<Null>,<Null>,<Null>,<Null>,<Null>,35.898637,-79.064328,77910,POINT (-79.064328 35.898637)
182770,CHPD,B&E    LARCENY F/VEHICLE,502 W FRANKLIN ST,CHAPEL HILL,NC,27516,1594889940000,1594836000000,1594886400000,THEFT/LARCENY,SERVICE/GAS STATION,N,NONE,70,W,F,35.910465,-79.063667,77924,POINT (-79.063667 35.910465)
183205,CHPD,B&E    LARCENY F/VEHICLE,400 FAIROAKS CIR,CHAPEL HILL,NC,27516,1596637800000,1596564000000,1596636000000,THEFT/LARCENY,PARKING/DROP LOT/GARAGE,N,<Null>,<Null>,W,F,35.921723,-79.069691,77935,POINT (-79.069691 35.921723)
183434,CHPD,B&E    LARCENY F/VEHICLE,1022 SALUDA CT,CHAPEL HILL,NC,27514,1597398720000,1597356000000,1597398720000,THEFT/LARCENY,PARKING/DROP LOT/GARAGE,N,<Null>,30,W,F,35.958908,-79.05439,77944,POINT (-79.05439 35.958908)
183774,CHPD,DOG LEFT IN VEHICLE,81 S ELLIOTT RD,CHAPEL HILL,NC,27514,1598642940000,1598642400000,1598642940000,ANIMAL,<Null>,<Null>,<Null>,<Null>,<Null>,<Null>,35.934693,-79.0281,77946,POINT (-79.0281 35.934693)
183173,CHPD,B&E    LARCENY F/VEHICLE,510 CASWELL RD,CHAPEL HILL,NC,27514,1596558720000,1596484800000,1596524400000,MISC OFFICER IN,HIGHWAY/ROAD/ALLEY/STREET/SIDEWALK,N,NONE,65,W,M,35.933852,-79.044271,77949,POINT (-79.044271 35.933852)
184781,CHPD,LARCENY FROM MOTOR VEHICLE,505 GINKGO TRL,CHAPEL HILL,NC,27516,1602057240000,1602056700000,1602057240000,THEFT/LARCENY,RESIDENCE/HOME,N,NONE,40,W,F,35.967838,-79.06842,78026,POINT (-79.06842 35.967838)
184143,CHPD,B&E    LARCENY F/VEHICLE,714 MARTIN LUTHER KING JR BLVD,CHAPEL HILL,NC,27514,1599818640000,1599778800000,1599782340000,THEFT/LARCENY,PARKING/DROP LOT/GARAGE,<Null>,<Null>,22,A,F,35.921635,-79.053719,78037,POINT (-79.053719 35.921635)
184173,CHPD,ABANDONED VEHICLE,SAGE RD/ERWIN RD,CHAPEL HILL,NC,27516,1599912180000,1599912180000,1599912180000,MISC OFFICER IN,HIGHWAY/ROAD/ALLEY/STREET/SIDEWALK,<Null>,<Null>,<Null>,<Null>,<Null>,35.951579,-79.016538,78041,POINT (-79.016538 35.951579)
184146,CHPD,LARCENY FROM MOTOR VEHICLE,411 WESTBURY DR,CHAPEL HILL,NC,27516,1599823380000,1599769800000,1599823380000,THEFT/LARCENY,HIGHWAY/ROAD/ALLEY/STREET/SIDEWALK,N,<Null>,<Null>,W,M,35.895563,-79.072364,78044,POINT (-79.072364 35.895563)
184149,CHPD,LARCENY FROM MOTOR VEHICLE,115 BRISTOL DR,CHAPEL HILL,NC,27516,1599823560000,1599760800000,1599823560000,THEFT/LARCENY,RESIDENCE/HOME,N,<Null>,<Null>,W,F,35.894169,-79.064468,78049,POINT (-79.064468 35.894169)
184148,CHPD,B&E    LARCENY F/VEHICLE,102 COLBURN PT,CHAPEL HILL,NC,27516,1599825000000,1599757200000,1599814800000,THEFT/LARCENY,RESIDENCE/HOME,N,<Null>,62,W,F,35.8937,-79.069206,78061,POINT (-79.069206 35.8937)
184386,CHPD,VEHICLE LOCK OUT,1749 DOBBINS DR,CHAPEL HILL,NC,27514,1600625100000,1600625100000,1600625100000,PUBLIC SERVICE,HIGHWAY/ROAD/ALLEY/STREET/SIDEWALK,Y,NONE,63,B,M,35.945683,-79.014503,78069,POINT (-79.014503 35.945683)
184281,CHPD,ASSIST CARRBORO PD,102 S MERRITT MILL RD,CARRBORO,NC,27514,1600260780000,1600260600000,1600260780000,MISC OFFICER IN,SPECIALTY/STORE,<Null>,<Null>,<Null>,<Null>,<Null>,35.909357,-79.065129,78070,POINT (-79.065129 35.909357)
184763,CHPD,B&E    LARCENY F/VEHICLE,604 COPPERLINE DR,CHAPEL HILL,NC,27516,1601985900000,1601919000000,1601985600000,THEFT/LARCENY,PARKING/DROP LOT/GARAGE,N,<Null>,80,W,F,35.880672,-79.067894,78085,POINT (-79.067894 35.880672)
184814,CHPD,B&E    LARCENY F/VEHICLE,100 KIRKWOOD DR,CHAPEL HILL,NC,27514,1602164160000,1602100800000,1602162900000,THEFT/LARCENY,PARKING/DROP LOT/GARAGE,N,<Null>,65,W,F,35.948284,-79.02124,78098,POINT (-79.02124 35.948284)
184396,CHPD,B&E    LARCENY F/VEHICLE,1801 FORDHAM BLVD,CHAPEL HILL,NC,27514,1600680180000,1600677660000,1600678020000,THEFT/LARCENY,PARKING/DROP LOT/GARAGE,N,NONE,29,W,M,35.947834,-79.01281,78104,POINT (-79.01281 35.947834)
184709,CHPD,B&E    LARCENY F/VEHICLE,103 OLD COOPER SQ,CHAPEL HILL,NC,27517,1601724180000,1601688600000,1601722800000,THEFT/LARCENY,PARKING/DROP LOT/GARAGE,N,<Null>,28,A,F,35.943916,-79.008453,78138,POINT (-79.008453 35.943916)
184612,CHPD,B&E    LARCENY F/VEHICLE,161 E FRANKLIN ST,CHAPEL HILL,NC,27514,1601478180000,1601472600000,1601473200000,THEFT/LARCENY,OTHER/UNKNOWN,<Null>,<Null>,43,W,M,35.914162,-79.053802,78176,POINT (-79.053802 35.914162)
185077,CHPD,SUSPICIOUS VEHICLE,501 WEAVER DAIRY RD,CHAPEL HILL,NC,27514,1603151040000,1603151040000,1603151040000,SUSPICIOUS/WANT,PARKING/DROP LOT/GARAGE,<Null>,<Null>,<Null>,W,F,35.959965,-79.033512,78182,POINT (-79.033512 35.959965)
184521,CHPD,ABANDONED VEHICLE,103 COLUMBIA PLACE DR,CHAPEL HILL,NC,27516,1601136480000,1599667500000,1601136480000,MISC OFFICER IN,HIGHWAY/ROAD/ALLEY/STREET/SIDEWALK,N,<Null>,<Null>,<Null>,<Null>,35.921964,-79.057731,78188,POINT (-79.057731 35.921964)
184948,CHPD,B&E    LARCENY F/VEHICLE,1081 NC 54,CHAPEL HILL,NC,27514,1602700980000,1602696600000,1602700980000,THEFT/LARCENY,PARKING/DROP LOT/GARAGE,<Null>,<Null>,50,W,F,35.89555,-79.063141,78192,POINT (-79.063141 35.89555)
184973,CHPD,ASSIST CARRBORO PD,703 GOMAINS AVE,CHAPEL HILL,NC,27516,1602775860000,1602775860000,1602775860000,LE ASSISTANCE,RESIDENCE/HOME,N,<Null>,<Null>,<Null>,<Null>,35.915318,-79.066491,78194,POINT (-79.066491 35.915318)
184765,CHPD,B&E    LARCENY F/VEHICLE,112 GRAYLYN DR,CHAPEL HILL,NC,27517,1601989740000,1601928420000,1601988900000,MISC OFFICER IN,RESIDENCE/HOME,N,<Null>,42,W,M,35.880856,-79.071243,78201,POINT (-79.071243 35.880856)
184171,CHPD,B&E    LARCENY F/VEHICLE,177 SUMMERWALK CIR,CHAPEL HILL,NC,27517,1599904800000,1599836400000,1599902100000,THEFT/LARCENY,PARKING/DROP LOT/GARAGE,N,<Null>,30,W,M,35.897545,-79.009338,78205,POINT (-79.009338 35.897545)
184201,CHPD,ASSIST CARRBORO PD,100 E MAIN ST,CARRBORO,NC,27510,1599961800000,1599961500000,1599961800000,LE ASSISTANCE,HIGHWAY/ROAD/ALLEY/STREET/SIDEWALK,<Null>,<Null>,<Null>,<Null>,<Null>,35.910255,-79.072144,78206,POINT (-79.072144 35.910255)
184839,CHPD,B&E    LARCENY F/VEHICLE,472 MELANIE CT,CHAPEL HILL,NC,27514,1602234360000,1602111600000,1602180000000,MISC OFFICER IN,PARKING/DROP LOT/GARAGE,<Null>,<Null>,28,A,M,35.92696,-79.05294,78218,POINT (-79.05294 35.92696)
184072,CHPD,CREDIT CARD THEFT,828 MARTIN LUTHER KING JR BLVD,CHAPEL HILL,NC,27514,1599585480000,1599585480000,1599585480000,THEFT/LARCENY,RESIDENCE/HOME,<Null>,NONE,<Null>,W,F,35.926901,-79.052931,78233,POINT (-79.052931 35.926901)
184090,CHPD,CARJACKING W/FORCE,201 S ESTES DR,CHAPEL HILL,NC,27514,1599626820000,1599626700000,1599626700000,THEFT/LARCENY,PARKING/DROP LOT/GARAGE,N,HANDGUN,<Null>,W,F,35.92786,-79.029716,78247,POINT (-79.029716 35.92786)
183956,CHPD,SUSPICIOUS VEHICLE,1220 MARTIN LUTHER KING JR BLVD,CHAPEL HILL,NC,27514,1599167340000,1599167340000,1599167340000,MISC OFFICER IN,PARKING/DROP LOT/GARAGE,<Null>,<Null>,<Null>,<Null>,<Null>,35.948845,-79.057823,78279,POINT (-79.057823 35.948845)
185003,CHPD,B&E    LARCENY F/VEHICLE,216 KNOLLS ST,CHAPEL HILL,NC,27516,1602860700000,1602781200000,1602860700000,THEFT/LARCENY,PARKING/DROP LOT/GARAGE,N,<Null>,65,B,M,35.905613,-79.069077,78287,POINT (-79.069077 35.905613)
185046,CHPD,LARCENY FROM MOTOR VEHICLE,100 MELVILLE LOOP,CHAPEL HILL,NC,27514,1603021560000,1602799200000,1602936000000,MISC OFFICER IN,HIGHWAY/ROAD/ALLEY/STREET/SIDEWALK,N,<Null>,25,W,M,35.948739,-79.016976,78313,POINT (-79.016976 35.948739)
185143,CHPD,CREDIT CARD THEFT,1510 E FRANKLIN ST,CHAPEL HILL,NC,27514,1603363980000,1603296000000,1603351800000,THEFT/LARCENY,SERVICE/GAS STATION,N,NONE,28,W,F,35.930909,-79.033014,78326,POINT (-79.033014 35.930909)
184535,CHPD,ABANDONED VEHICLE,1 FORDHAM BLVD,CHAPEL HILL,NC,27517,1601172180000,1601172180000,1601172180000,MISC OFFICER IN,HIGHWAY/ROAD/ALLEY/STREET/SIDEWALK,<Null>,<Null>,<Null>,<Null>,<Null>,35.94721,-79.007294,78348,POINT (-79.007294 35.94721)
184366,CHPD,TOWED VEHICLE,403 MARTIN LUTHER KING JR BLVD,CHAPEL HILL,NC,27516,1600503300000,1600503300000,1600503300000,TRAFFIC STOP,HIGHWAY/ROAD/ALLEY/STREET/SIDEWALK,<Null>,<Null>,<Null>,<Null>,<Null>,35.915999,-79.057235,78369,POINT (-79.057235 35.915999)
184046,CHPD,SUSPICIOUS VEHICLE,700 N ESTES DR,CHAPEL HILL,NC,27514,1599518040000,1599517500000,1599518040000,SUSPICIOUS/WANT,HIGHWAY/ROAD/ALLEY/STREET/SIDEWALK,N,<Null>,<Null>,<Null>,<Null>,35.93597,-79.049683,78376,POINT (-79.049683 35.93597)
184790,CHPD,LARCENY FROM MOTOR VEHICLE,105 VITEX ST,CHAPEL HILL,NC,27516,1602086940000,1602025200000,1602082800000,THEFT/LARCENY,RESIDENCE/HOME,N,<Null>,29,W,F,35.968939,-79.071297,78379,POINT (-79.071297 35.968939)
184168,CHPD,SUSPICIOUS VEHICLE,1830 FORDHAM BLVD,CHAPEL HILL,NC,27517,1599871140000,1599871140000,1599871140000,SUSPICIOUS/WANT,PARKING/DROP LOT/GARAGE,<Null>,NONE,<Null>,<Null>,<Null>,35.945625,-79.006113,78380,POINT (-79.006113 35.945625)
184170,CHPD,LARCENY FROM MOTOR VEHICLE,304 VILLAGE CROSSING DR,CHAPEL HILL,NC,27517,1599896580000,1599852600000,1599896580000,THEFT/LARCENY,PARKING/DROP LOT/GARAGE,N,<Null>,<Null>,W,M,35.90514,-79.007698,78394,POINT (-79.007698 35.90514)
184234,CHPD,B&E    LARCENY F/VEHICLE,105 ELMWOOD CIR,CHAPEL HILL,NC,27514,1600087440000,1599858000000,1599901200000,PUBLIC SERVICE,PARKING/DROP LOT/GARAGE,N,<Null>,29,W,F,35.949348,-79.021347,78407,POINT (-79.021347 35.949348)
184482,CHPD,B&E    LARCENY F/VEHICLE,320 W ROSEMARY ST,CHAPEL HILL,NC,27516,1600963980000,1600893000000,1600963140000,THEFT/LARCENY,PARKING/DROP LOT/GARAGE,<Null>,<Null>,18,W,F,35.912991,-79.060226,78417,POINT (-79.060226 35.912991)
184567,CHPD,B&E    LARCENY F/VEHICLE,101 ERWIN RD,CHAPEL HILL,NC,27514,1601299140000,1601247600000,1601290800000,MISC OFFICER IN,HOTEL/MOTEL/ETC.,N,<Null>,67,W,F,35.943356,-79.019603,78446,POINT (-79.019603 35.943356)
184926,CHPD,B&E    LARCENY F/VEHICLE,100 CLARK LAKE RD,DURHAM,NC,27707,1602614100000,1602345600000,1602349200000,MISC OFFICER IN,RESIDENCE/HOME,<Null>,<Null>,65,W,M,35.926901,-79.052931,78462,POINT (-79.052931 35.926901)
184694,CHPD,B&E VEHICLE,114 OLD COOPER SQ,CHAPEL HILL,NC,27517,1601680620000,1601680380000,1601680380000,SUSPICIOUS/WANT,RESIDENCE/HOME,N,<Null>,44,W,F,35.944313,-79.008736,78478,POINT (-79.008736 35.944313)
184295,CHPD,LARCENY FROM MOTOR VEHICLE,508 CHURCH ST,CHAPEL HILL,NC,27516,1600286880000,1599336480000,1600286400000,THEFT/LARCENY,RESIDENCE/HOME,<Null>,NONE,20,W,M,35.91663,-79.060402,78493,POINT (-79.060402 35.91663)
184576,CHPD,CARJACKING W/FORCE,1728 FORDHAM BLVD,CHAPEL HILL,NC,27517,1601310240000,1601308440000,1601310240000,ASSAULT/SEXUAL,PARKING/DROP LOT/GARAGE,Y,NONE,55,B,F,35.937523,-79.020828,78500,POINT (-79.020828 35.937523)
184440,CHPD,FICT/ALT TITLE/REG CARD/TAG,166 E ROSEMARY ST,CHAPEL HILL,NC,27514,1600850700000,1600850700000,1600850700000,TRAFFIC STOP,HIGHWAY/ROAD/ALLEY/STREET/SIDEWALK,N,<Null>,<Null>,<Null>,<Null>,35.915169,-79.053375,78528,POINT (-79.053375 35.915169)
185058,CHPD,B&E    LARCENY F/VEHICLE,115 CHANNING LN,CHAPEL HILL,NC,27516,1603049340000,1602963000000,1603022400000,THEFT/LARCENY,OTHER/UNKNOWN,<Null>,PERSONAL WEAPONS,41,W,F,35.892426,-79.063484,78542,POINT (-79.063484 35.892426)
184761,CHPD,VEHICLE UNLOCK,1181 WEAVER DAIRY RD,CHAPEL HILL,NC,27514,1601979180000,1601979060000,1601979060000,PUBLIC SERVICE,PARKING/DROP LOT/GARAGE,N,NONE,30,W,F,35.963543,-79.057564,78546,POINT (-79.057564 35.963543)
184891,CHPD,SUSPICIOUS VEHICLE,720 GIMGHOUL RD,CHAPEL HILL,NC,27514,1602437460000,1602435600000,1602436500000,SUSPICIOUS/WANT,RESIDENCE/HOME,<Null>,<Null>,<Null>,<Null>,<Null>,35.912827,-79.039688,78564,POINT (-79.039688 35.912827)
184905,CHPD,CREDIT CARD/ATM FRAUD,1720 FORDHAM BLVD,CHAPEL HILL,NC,27514,1602515040000,1602251400000,1602253800000,PUBLIC SERVICE,CYBERSPACE,<Null>,<Null>,43,B,M,35.936885,-79.022096,78571,POINT (-79.022096 35.936885)
184129,CHPD,JOINTLY OWNED VEHICLE NOT RETURNED,800 PRITCHARD AVE EXT,CHAPEL HILL,NC,27516,1599782820000,1599663600000,1599775200000,THEFT/LARCENY,<Null>,<Null>,<Null>,42,B,M,35.92027,-79.061178,78575,POINT (-79.061178 35.92027)
184344,CHPD,B&E    LARCENY F/VEHICLE,5623 FORDHAM BLVD,DURHAM,NC,27707,1600429980000,1600297200000,1600340400000,THEFT/LARCENY,HIGHWAY/ROAD/ALLEY/STREET/SIDEWALK,N,NONE,35,W,M,35.949471,-79.000275,78584,POINT (-79.000275 35.949471)
184354,CHPD,B&E TO VEHICLE,102 BIG MEADOW PL,CHAPEL HILL,NC,27514,1600440660000,1600354260000,1600437600000,THEFT/LARCENY,RESIDENCE/HOME,N,NONE,57,W,F,35.955551,-79.017998,78586,POINT (-79.017998 35.955551)
184477,CHPD,TAMPERING WITH VEHICLE,303 WESLEY DR,CHAPEL HILL,NC,27516,1600956420000,1600776000000,1600790400000,DAMAGE/VANDALIS,HIGHWAY/ROAD/ALLEY/STREET/SIDEWALK,N,<Null>,73,W,F,35.9245,-79.059006,78588,POINT (-79.059006 35.9245)
184611,CHPD,ABANDONED VEHICLE,108 BLUEFIELD RD,CHAPEL HILL,NC,27517,1601472900000,1601472900000,1601472900000,MISC OFFICER IN,HIGHWAY/ROAD/ALLEY/STREET/SIDEWALK,<Null>,<Null>,<Null>,<Null>,<Null>,35.943117,-79.003717,78594,POINT (-79.003717 35.943117)
184572,CHPD,ASSIST CITIZEN WITH LOCKED CAR,1749 DOBBINS DR,CHAPEL HILL,NC,27514,1601318400000,1601318040000,1601318400000,PUBLIC SERVICE,PARKING/DROP LOT/GARAGE,<Null>,<Null>,63,B,M,35.945683,-79.014503,78606,POINT (-79.014503 35.945683)
185043,CHPD,B&E    LARCENY F/VEHICLE,100 CARRAWAY XING,CHAPEL HILL,NC,27516,1603007700000,1602964800000,1603007400000,THEFT/LARCENY,PARKING/DROP LOT/GARAGE,N,NONE,24,W,F,35.971176,-79.069939,78619,POINT (-79.069939 35.971176)
184174,CHPD,B&E    LARCENY F/VEHICLE,1412 VILLAGE CROSSING DR,CHAPEL HILL,NC,27517,1599913260000,1599854400000,1599894000000,THEFT/LARCENY,PARKING/DROP LOT/GARAGE,<Null>,<Null>,61,W,F,35.903984,-79.008804,78631,POINT (-79.008804 35.903984)
185173,CHPD,LOUD VEHICLE EXHAUST,2107 MARKHAM DR,CHAPEL HILL,NC,27514,1603466100000,1603466040000,1603466100000,MISC OFFICER IN,HIGHWAY/ROAD/ALLEY/STREET/SIDEWALK,<Null>,NONE,<Null>,<Null>,<Null>,35.944846,-79.030853,78636,POINT (-79.030853 35.944846)
185147,CHPD,ABANDONED VEHICLE,109 NEWELL ST,CHAPEL HILL,NC,27516,1603363020000,1603363020000,1603363020000,TRAFFIC VIOLATI,HIGHWAY/ROAD/ALLEY/STREET/SIDEWALK,<Null>,<Null>,<Null>,<Null>,<Null>,35.886171,-79.066568,78645,POINT (-79.066568 35.886171)
184150,CHPD,ABANDONED VEHICLE,103 LEDGE LN,CHAPEL HILL,NC,27514,1599829440000,1599829440000,1599829440000,TRAFFIC VIOLATI,RESIDENCE/HOME,<Null>,<Null>,<Null>,<Null>,<Null>,35.910304,-79.037885,78646,POINT (-79.037885 35.910304)
185059,CHPD,SUSPICIOUS VEHICLE,501 WEAVER DAIRY RD,CHAPEL HILL,NC,27514,1603059900000,1603058160000,1603058160000,MISC OFFICER IN,<Null>,<Null>,<Null>,<Null>,<Null>,<Null>,35.959965,-79.033512,78651,POINT (-79.033512 35.959965)
185053,CHPD,B&E    LARCENY F/VEHICLE,128 CHANNING LN,CHAPEL HILL,NC,27516,1603039500000,1602957600000,1603039500000,THEFT/LARCENY,RESIDENCE/HOME,N,<Null>,59,W,F,35.892925,-79.063759,78654,POINT (-79.063759 35.892925)
185042,CHPD,LARCENY FROM MOTOR VEHICLE,201 FAN BRANCH LN,CHAPEL HILL,NC,27516,1603003860000,1602957600000,1603003860000,THEFT/LARCENY,RESIDENCE/HOME,<Null>,NONE,50,W,M,35.88929,-79.063858,78660,POINT (-79.063858 35.88929)
184691,CHPD,VEHICLE LOCK OUT,1800 E FRANKLIN ST,CHAPEL HILL,NC,27514,1601664240000,1601664240000,1601664240000,PUBLIC SERVICE,SHOPPING MALL,<Null>,<Null>,<Null>,<Null>,<Null>,35.935905,-79.026337,78676,POINT (-79.026337 35.935905)
184190,CHPD,B&E LARCENY FROM VEHICLE,903 VILLAGE CROSSING DR,CHAPEL HILL,NC,27517,1599937560000,1599848100000,1599899400000,THEFT/LARCENY,RESIDENCE/HOME,Y,PERSONAL WEAPONS,24,W,M,35.902416,-79.007942,78677,POINT (-79.007942 35.902416)
184429,CHPD,B&E    LARCENY F/VEHICLE,407 CHURCH ST,CHAPEL HILL,NC,27516,1600787520000,1600720200000,1600761600000,THEFT/LARCENY,RESIDENCE/HOME,N,<Null>,19,W,F,35.92696,-79.05294,78683,POINT (-79.05294 35.92696)
183986,CHPD,ABANDONED VEHICLE,1 VILLAGE DR/JAY ST,CHAPEL HILL,NC,27516,1599300000000,1599300000000,1599300000000,TRAFFIC VIOLATI,HIGHWAY/ROAD/ALLEY/STREET/SIDEWALK,<Null>,<Null>,<Null>,<Null>,<Null>,35.92063,-79.067548,78718,POINT (-79.067548 35.92063)
184437,CHPD,B&E    LARCENY F/VEHICLE,100 MARRIOTT WAY,CHAPEL HILL,NC,27517,1600846980000,1600795800000,1600845300000,THEFT/LARCENY,PARKING/DROP LOT/GARAGE,Y,<Null>,64,W,M,35.90173,-79.010147,78739,POINT (-79.010147 35.90173)
184335,CHPD,B&E TO VEHICLE,303 ORCHARD LN,CHAPEL HILL,NC,27514,1600417260000,1600395060000,1600417260000,THEFT/LARCENY,RESIDENCE/HOME,N,NONE,43,W,F,35.954479,-79.019836,78741,POINT (-79.019836 35.954479)
185141,CHPD,ABANDONED VEHICLE,2000 FOUNTAIN RIDGE RD,CHAPEL HILL,NC,27517,1603357320000,1603357200000,1603357320000,TRAFFIC VIOLATI,HIGHWAY/ROAD/ALLEY/STREET/SIDEWALK,<Null>,<Null>,<Null>,<Null>,<Null>,35.936052,-79.001166,78768,POINT (-79.001166 35.936052)
185091,CHPD,ABANDONED VEHICLE,105 SUMAC RD,CHAPEL HILL,NC,27514,1603200960000,1603200600000,1603200960000,TRAFFIC VIOLATI,PARKING/DROP LOT/GARAGE,N,<Null>,<Null>,<Null>,<Null>,35.878743,-79.065887,78769,POINT (-79.065887 35.878743)
184862,CHPD,ASSIST CARRBORO PD,810 OLD FAYETTEVILLE RD,CHAPEL HILL,NC,27516,1602341040000,1602341040000,1602341040000,DISTURBANCE/NUI,<Null>,<Null>,<Null>,<Null>,<Null>,<Null>,35.924835,-79.09874,78771,POINT (-79.09874 35.924835)
184479,CHPD,B&E    LARCENY F/VEHICLE,324 W ROSEMARY ST,CHAPEL HILL,NC,27516,1600959000000,1600885800000,1600959000000,THEFT/LARCENY,PARKING/DROP LOT/GARAGE,N,<Null>,19,W,F,35.912586,-79.061081,78782,POINT (-79.061081 35.912586)
184339,CHPD,ILLEGALLY PARKED VEHICLE,102 E LONGVIEW ST,CHAPEL HILL,NC,27516,1600421520000,1600419600000,1600419720000,TRAFFIC VIOLATI,HIGHWAY/ROAD/ALLEY/STREET/SIDEWALK,N,NONE,48,W,M,35.919853,-79.059204,78800,POINT (-79.059204 35.919853)
185142,CHPD,ABANDONED VEHICLE,332 MCMASTERS ST,CHAPEL HILL,NC,27516,1603360500000,1603094400000,1603360500000,PUBLIC SERVICE,HIGHWAY/ROAD/ALLEY/STREET/SIDEWALK,N,NONE,<Null>,<Null>,<Null>,35.917874,-79.064758,78820,POINT (-79.064758 35.917874)
184940,CHPD,LARCENY FROM MOTOR VEHICLE,149 BROOKBERRY CIR,CHAPEL HILL,NC,27517,1602683760000,1602683760000,1602683760000,THEFT/LARCENY,RESIDENCE/HOME,N,NONE,48,W,F,35.89946,-79.009026,78829,POINT (-79.009026 35.89946)
184172,CHPD,B&E    LARCENY F/VEHICLE,477 SUMMERWALK CIR,CHAPEL HILL,NC,27517,1599905520000,1599872400000,1599886800000,PUBLIC SERVICE,PARKING/DROP LOT/GARAGE,<Null>,<Null>,27,B,M,35.896469,-79.00824,78855,POINT (-79.00824 35.896469)
184929,CHPD,B&E    LARCENY F/VEHICLE,110 N GRAHAM ST,CHAPEL HILL,NC,27516,1602636300000,1602636120000,1602636300000,DAMAGE/VANDALIS,RESIDENCE/HOME,Y,UNKNOWN,47,B,M,35.910851,-79.064445,78863,POINT (-79.064445 35.910851)
185031,CHPD,B&E    LARCENY F/VEHICLE,210 CONNER DR,CHAPEL HILL,NC,27514,1602943800000,1602892740000,1602932400000,THEFT/LARCENY,RESIDENCE/HOME,N,<Null>,24,B,M,35.93108,-79.0298,78869,POINT (-79.0298 35.93108)
184336,CHPD,B&E    LARCENY F/VEHICLE,109 COVINGTON DR,CHAPEL HILL,NC,27514,1600418280000,1600376400000,1600418280000,THEFT/LARCENY,HIGHWAY/ROAD/ALLEY/STREET/SIDEWALK,N,NONE,51,W,M,35.952495,-79.017213,78871,POINT (-79.017213 35.952495)
185187,CHPD,K9 TRACK FOR CARRBORO PD,112 NC HWY 54,CARRBORO,NC,27510,1603484820000,1603484820000,1603484820000,BURGLARY/HOME I,<Null>,<Null>,<Null>,<Null>,<Null>,<Null>,35.915483,-79.09631,78882,POINT (-79.09631 35.915483)
184250,CHPD,B&E    LARCENY F/VEHICLE,100 VILLAGE CROSSING DR,CHAPEL HILL,NC,27517,1600175640000,1599681600000,1599728400000,MISC OFFICER IN,PARKING/DROP LOT/GARAGE,<Null>,<Null>,73,W,M,35.92696,-79.05294,78893,POINT (-79.05294 35.92696)
184907,CHPD,ATT CREDIT CARD FRAUD,106 PRIESTLY CREEK DR,CHAPEL HILL,NC,27514,1602522480000,1601971200000,1601971260000,PUBLIC SERVICE,CYBERSPACE,<Null>,<Null>,37,W,F,35.943859,-79.048513,78916,POINT (-79.048513 35.943859)
185008,CHPD,LARCENY FROM MOTOR VEHICLE,400 W ROSEMARY ST,CHAPEL HILL,NC,27516,1602866100000,1602802800000,1602856800000,MISC OFFICER IN,HIGHWAY/ROAD/ALLEY/STREET/SIDEWALK,N,<Null>,24,W,M,35.911782,-79.062877,78923,POINT (-79.062877 35.911782)
184293,CHPD,LARCENY FROM MOTOR VEHICLE,113 BRITT CT,CHAPEL HILL,NC,27514,1600282260000,1600198200000,1600230600000,THEFT/LARCENY,RESIDENCE/HOME,<Null>,<Null>,25,B,F,35.941132,-79.022827,78933,POINT (-79.022827 35.941132)
184257,CHPD,ASSIST CARRBORO PD,1830 E FRANKLIN ST/FORDHAM BLVD,CHAPEL HILL,NC,27514,1600186500000,1600186500000,1600186500000,TRAFFIC STOP,HIGHWAY/ROAD/ALLEY/STREET/SIDEWALK,N,<Null>,<Null>,<Null>,<Null>,35.937412,-79.02516,78949,POINT (-79.02516 35.937412)
184177,CHPD,UNLOCK CAR,1207 MARTIN LUTHER KING JR BLVD,CHAPEL HILL,NC,27516,1599918900000,1599918900000,1599918900000,PUBLIC SERVICE,<Null>,<Null>,<Null>,<Null>,<Null>,<Null>,35.947071,-79.059067,78990,POINT (-79.059067 35.947071)
184514,CHPD,SUSPICIOUS VEHICLE,605 ABERDEEN DR,CHAPEL HILL,NC,27516,1601092500000,1601092500000,1601092500000,SUSPICIOUS/WANT,HIGHWAY/ROAD/ALLEY/STREET/SIDEWALK,<Null>,<Null>,<Null>,<Null>,<Null>,35.881191,-79.070763,78995,POINT (-79.070763 35.881191)
186141,CHPD,B&E    LARCENY F/VEHICLE,2105 OLD OXFORD RD E,CHAPEL HILL,NC,27514,1606846260000,1606768200000,1606825800000,MISC OFFICER IN,RESIDENCE/HOME,N,<Null>,46,W,F,35.944234,-79.026126,79001,POINT (-79.026126 35.944234)
186481,CHPD,B&E VEHICLE (NO PROPERTY TAKEN),211 CHURCH ST,CHAPEL HILL,NC,27516,1608196260000,1608157800000,1608189300000,MISC OFFICER IN,HIGHWAY/ROAD/ALLEY/STREET/SIDEWALK,N,NONE,21,W,M,35.913406,-79.059476,79019,POINT (-79.059476 35.913406)
186218,CHPD,B&E VEHICLE,1081 NC 54,CHAPEL HILL,NC,27514,1607103240000,1607095800000,1607097900000,LE ASSISTANCE,PARKING/DROP LOT/GARAGE,Y,UNKNOWN,23,W,F,35.89555,-79.063141,79027,POINT (-79.063141 35.89555)
186453,CHPD,B&E    LARCENY F/VEHICLE,600 CHURCH ST,CHAPEL HILL,NC,27516,1608018540000,1607988600000,1608018540000,THEFT/LARCENY,PARKING/DROP LOT/GARAGE,N,<Null>,80,B,M,35.917019,-79.060638,79029,POINT (-79.060638 35.917019)
186402,CHPD,B&E    LARCENY F/VEHICLE,425 HILLSBOROUGH ST,CHAPEL HILL,NC,27514,1607795940000,1607677200000,1607765400000,THEFT/LARCENY,RESIDENCE/HOME,<Null>,<Null>,21,W,M,35.920395,-79.052292,79044,POINT (-79.052292 35.920395)
185980,CHPD,B&E    LARCENY F/VEHICLE,201 S ESTES DR,CHAPEL HILL,NC,27514,1606160340000,1606155000000,1606160100000,THEFT/LARCENY,PARKING/DROP LOT/GARAGE,<Null>,UNKNOWN,18,A,F,35.92786,-79.029716,79054,POINT (-79.029716 35.92786)
186214,CHPD,B&E VEHICLE,1105 NC 54,CHAPEL HILL,NC,27514,1607097060000,1607093460000,1607097060000,THEFT/LARCENY,PARKING/DROP LOT/GARAGE,N,NONE,20,W,F,35.898396,-79.067879,79056,POINT (-79.067879 35.898396)
186246,CHPD,CARELESS AND RECKLESS DRIVING,1800 E FRANKLIN ST,CHAPEL HILL,NC,27514,1607210460000,1607209500000,1607210460000,TRAFFIC VIOLATI,PARKING/DROP LOT/GARAGE,<Null>,<Null>,<Null>,<Null>,<Null>,35.935066,-79.029427,79057,POINT (-79.029427 35.935066)
186090,CHPD,SUSPICIOUS VEHICLE,BARCLAY RD @ BRANCH ST,CHAPEL HILL,NC,27516,1606602120000,1606602120000,1606602120000,MISC OFFICER IN,HIGHWAY/ROAD/ALLEY/STREET/SIDEWALK,<Null>,<Null>,<Null>,<Null>,<Null>,35.92906,-79.05959,79063,POINT (-79.05959 35.92906)
185296,CHPD,FOUND DEBIT CARD,1722 FORDHAM BLVD,CHAPEL HILL,NC,27517,1603837380000,1603837380000,1603837380000,ADMINISTRATIVE,<Null>,<Null>,<Null>,<Null>,<Null>,<Null>,35.938083,-79.021964,79067,POINT (-79.021964 35.938083)
185970,CHPD,B&E    LARCENY F/VEHICLE,1000 DOGWOOD ACRES DR,CHAPEL HILL,NC,27516,1606145580000,1606138500000,1606143600000,THEFT/LARCENY,PARKING/DROP LOT/GARAGE,<Null>,<Null>,45,W,F,35.872425,-79.069191,79071,POINT (-79.069191 35.872425)
186030,CHPD,SUSPICIOUS VEHICLE,N COLUMBIA ST @ W ROSEMARY ST,CHAPEL HILL,NC,27514,1606350300000,1606350000000,1606350300000,TRAFFIC VIOLATI,HIGHWAY/ROAD/ALLEY/STREET/SIDEWALK,<Null>,<Null>,<Null>,<Null>,<Null>,35.91407,-79.05629,79075,POINT (-79.05629 35.91407)
185900,CHPD,B&E    LARCENY F/VEHICLE,150 E ROSEMARY ST,CHAPEL HILL,NC,27514,1605893760000,1605886200000,1605886200000,MISC OFFICER IN,PARKING/DROP LOT/GARAGE,Y,NONE,54,W,F,35.914604,-79.054127,79078,POINT (-79.054127 35.914604)
185528,CHPD,B&E    LARCENY F/VEHICLE,9115 SEAWELL SCHOOL RD,CHAPEL HILL,NC,27516,1604595720000,1604592900000,1604595600000,THEFT/LARCENY,PARKING/DROP LOT/GARAGE,Y,NONE,58,W,F,35.940853,-79.07869,79092,POINT (-79.07869 35.940853)
186454,CHPD,B&E    LARCENY F/VEHICLE,207 SHORT ST,CHAPEL HILL,NC,27516,1608026880000,1607954400000,1608026400000,THEFT/LARCENY,RESIDENCE/HOME,N,<Null>,<Null>,W,F,35.91404,-79.058746,79113,POINT (-79.058746 35.91404)
185258,CHPD,CREDIT CARD FRAUD,1801 FORDHAM BLVD,CHAPEL HILL,NC,27514,1603710300000,1603364700000,1603710300000,FRAUD OR DECEPT,SPECIALTY/STORE,N,NONE,62,W,F,35.947834,-79.01281,79116,POINT (-79.01281 35.947834)
186383,CHPD,B&E    LARCENY F/VEHICLE,201 S ESTES DR,CHAPEL HILL,NC,27514,1607716260000,1607710200000,1607713320000,THEFT/LARCENY,PARKING/DROP LOT/GARAGE,Y,NONE,26,W,F,35.92786,-79.029716,79139,POINT (-79.029716 35.92786)
185274,CHPD,SUSPICIOUS DEBIT CARD FRAUD,610 BROOKGREEN DR,CHAPEL HILL,NC,27516,1603742040000,1603735200000,1603735200000,FRAUD OR DECEPT,OTHER/UNKNOWN,<Null>,<Null>,<Null>,<Null>,<Null>,35.885471,-79.070465,79172,POINT (-79.070465 35.885471)
186095,CHPD,B&E    LARCENY F/VEHICLE,500 UMSTEAD DR,CHAPEL HILL,NC,27516,1606660920000,1606574520000,1606645800000,ADMINISTRATIVE,PARKING/DROP LOT/GARAGE,N,NONE,27,B,F,35.924637,-79.065885,79191,POINT (-79.065885 35.924637)
186220,CHPD,ASSIST EMS CARDIAC ARREST,130 S ESTES DR,CHAPEL HILL,NC,27514,1607105700000,1607105400000,1607105700000,CARDIAC RESP AR,RESIDENCE/HOME,N,<Null>,<Null>,B,F,35.926876,-79.031456,79192,POINT (-79.031456 35.926876)
185979,CHPD,B&E    LARCENY F/VEHICLE,257 S ELLIOTT RD,CHAPEL HILL,NC,27514,1606159860000,1606155300000,1606159560000,THEFT/LARCENY,PARKING/DROP LOT/GARAGE,Y,UNKNOWN,22,W,F,35.932949,-79.025833,79222,POINT (-79.025833 35.932949)
185435,CHPD,B&E    LARCENY F/VEHICLE,2 CLARK CT,CHAPEL HILL,NC,27516,1604320020000,1604287800000,1604289480000,THEFT/LARCENY,PARKING/DROP LOT/GARAGE,Y,NONE,20,W,F,35.915673,-79.059949,79228,POINT (-79.059949 35.915673)
185344,CHPD,UNLOCK VEHICLE,406 W ROSEMARY ST,CHAPEL HILL,NC,27516,1603986660000,1603986540000,1603986660000,PUBLIC SERVICE,HIGHWAY/ROAD/ALLEY/STREET/SIDEWALK,N,<Null>,38,W,F,35.911713,-79.063095,79236,POINT (-79.063095 35.911713)
186030,CHPD,SUSPICIOUS VEHICLE,N COLUMBIA ST @ W ROSEMARY ST,CHAPEL HILL,NC,27514,1606350300000,1606350000000,1606350300000,TRAFFIC VIOLATI,HIGHWAY/ROAD/ALLEY/STREET/SIDEWALK,<Null>,<Null>,<Null>,<Null>,<Null>,35.91407,-79.05629,79240,POINT (-79.05629 35.91407)
186541,CHPD,SUSPICIOUS VEHICLE,1830 FORDHAM BLVD,CHAPEL HILL,NC,27517,1608419100000,1608419100000,1608419100000,SUSPICIOUS/WANT,PARKING/DROP LOT/GARAGE,<Null>,<Null>,<Null>,<Null>,<Null>,35.945625,-79.006113,79246,POINT (-79.006113 35.945625)
186371,CHPD,CARJACKING,304 UMSTEAD DR,CHAPEL HILL,NC,27516,1607647620000,1607647500000,1607647620000,STAB GUNSHOT PE,RESIDENCE/HOME,N,FIREARM (TYPE NOT STATED),<Null>,W,M,35.924076,-79.05851,79261,POINT (-79.05851 35.924076)
185659,CHPD,CREDIT CARD FRAUD,2809 HOMESTEAD RD,CHAPEL HILL,NC,27516,1605113580000,1604593800000,1605024000000,MISC OFFICER IN,RESTAURANT,<Null>,<Null>,<Null>,<Null>,<Null>,35.949399,-79.058963,79262,POINT (-79.058963 35.949399)
186018,CHPD,VEHICLE FIRE,1860 MARTIN LUTHER KING JR BLVD,CHAPEL HILL,NC,27514,1606315860000,1606315500000,1606315800000,VEHICLE FIRE,CONVENIENCE STORE,<Null>,<Null>,<Null>,W,F,35.966667,-79.0588,79265,POINT (-79.0588 35.966667)
186400,CHPD,LARCENY FROM MOTOR VEHICLE,404 LAUREL HILL RD,CHAPEL HILL,NC,27514,1607790960000,1607630400000,1607781600000,THEFT/LARCENY,RESIDENCE/HOME,N,<Null>,59,W,F,35.90387,-79.037514,79296,POINT (-79.037514 35.90387)
186329,CHPD,B&E    LARCENY F/VEHICLE,712 MARTIN LUTHER KING JR BLVD,CHAPEL HILL,NC,27514,1607520900000,1607466600000,1607511600000,MISC OFFICER IN,RESIDENCE/HOME,N,UNKNOWN,18,B,F,35.921782,-79.054912,79299,POINT (-79.054912 35.921782)
186456,CHPD,B&E    LARCENY F/VEHICLE,320 BROOKS ST,CHAPEL HILL,NC,27516,1608036420000,1607976000000,1608030000000,THEFT/LARCENY,PARKING/DROP LOT/GARAGE,N,<Null>,21,W,F,35.916336,-79.062492,79301,POINT (-79.062492 35.916336)
185436,CHPD,CREDIT CARD FRAUD,116 W BARBEE CHAPEL RD,CHAPEL HILL,NC,27517,1604321520000,1604145600000,1604307600000,MISC OFFICER IN,GROCERY/SUPERMARKET,<Null>,<Null>,<Null>,W,F,35.92696,-79.05294,79304,POINT (-79.05294 35.92696)
186507,CHPD,LARCENY FROM MOTOR VEHICLE,308 MCDADE ST,CHAPEL HILL,NC,27516,1608298620000,1608250500000,1608296400000,THEFT/LARCENY,HIGHWAY/ROAD/ALLEY/STREET/SIDEWALK,<Null>,<Null>,22,W,F,35.915723,-79.061184,79334,POINT (-79.061184 35.915723)
186215,CHPD,B&E VEHICLE,1081 NC 54,CHAPEL HILL,NC,27514,1607099760000,1607095800000,1607099760000,THEFT/LARCENY,PARKING/DROP LOT/GARAGE,Y,UNKNOWN,50,W,F,35.89555,-79.063141,79339,POINT (-79.063141 35.89555)
186131,CHPD,B&E    LARCENY F/VEHICLE,2206 OLD OXFORD RD E,CHAPEL HILL,NC,27514,1606822560000,1606773600000,1606775400000,MISC OFFICER IN,RESIDENCE/HOME,N,NONE,53,W,M,35.946132,-79.021861,79348,POINT (-79.021861 35.946132)
186034,CHPD,B&E    LARCENY F/VEHICLE,113 BRITT CT,CHAPEL HILL,NC,27514,1606393920000,1606341600000,1606370100000,THEFT/LARCENY,PARKING/DROP LOT/GARAGE,N,NONE,22,B,M,35.941132,-79.022827,79379,POINT (-79.022827 35.941132)
186258,CHPD,B&E    LARCENY F/VEHICLE,104 OOSTING DR,CHAPEL HILL,NC,27514,1607233860000,1607205600000,1607233740000,THEFT/LARCENY,RESIDENCE/HOME,N,<Null>,67,W,M,35.944885,-79.048157,79387,POINT (-79.048157 35.944885)
185876,CHPD,CREDIT CARD THEFT,154 HAMILTON RD,CHAPEL HILL,NC,27517,1605822840000,1605137400000,1605819600000,THEFT/LARCENY,OTHER/UNKNOWN,<Null>,<Null>,<Null>,<Null>,<Null>,35.915127,-79.022545,79392,POINT (-79.022545 35.915127)
185977,CHPD,LOCKED VEHICLE,1129 WEAVER DAIRY RD,CHAPEL HILL,NC,27514,1606157760000,1606157400000,1606157460000,PUBLIC SERVICE,PARKING/DROP LOT/GARAGE,<Null>,NONE,21,W,M,35.962193,-79.054802,79398,POINT (-79.054802 35.962193)
185529,CHPD,B&E    LARCENY F/VEHICLE,9115 SEAWELL SCHOOL RD,CHAPEL HILL,NC,27516,1604595720000,1604592900000,1604595600000,THEFT/LARCENY,PARKING/DROP LOT/GARAGE,Y,NONE,53,W,F,35.940853,-79.07869,79415,POINT (-79.07869 35.940853)
185968,CHPD,ABANDONED VEHICLE,1 VILLAGE DR,CHAPEL HILL,NC,27516,1606145640000,1606145640000,1606145640000,TRAFFIC VIOLATI,HIGHWAY/ROAD/ALLEY/STREET/SIDEWALK,<Null>,<Null>,<Null>,<Null>,<Null>,35.920715,-79.067574,79432,POINT (-79.067574 35.920715)
185634,CHPD,LARCENY FROM MOTOR VEHICLE,990 CARMICHAEL ST,CHAPEL HILL,NC,27514,1605020880000,1605020400000,1605020400000,THEFT/LARCENY,CONSTRUCTION SITE,N,NONE,53,W,M,35.900745,-79.033989,79455,POINT (-79.033989 35.900745)
185709,CHPD,ASSIST CARRBORO PD,103 CULBRETH RD,CARRBORO,NC,27510,1605244320000,1605244320000,1605244320000,WEAPON/FIREARMS,PARKING/DROP LOT/GARAGE,<Null>,<Null>,<Null>,<Null>,<Null>,35.903289,-79.081699,79472,POINT (-79.081699 35.903289)
185613,CHPD,VEHICLE FIRE,100 KINGSTON DR,CHAPEL HILL,NC,27514,1604930460000,1604930280000,1604930460000,VEHICLE FIRE,HIGHWAY/ROAD/ALLEY/STREET/SIDEWALK,N,NONE,66,W,M,35.964008,-79.051933,79477,POINT (-79.051933 35.964008)
185972,CHPD,B&E    LARCENY F/VEHICLE,1081 NC 54,CHAPEL HILL,NC,27514,1606146240000,1606143600000,1606146000000,THEFT/LARCENY,PARKING/DROP LOT/GARAGE,N,BLUNT OBJECT,45,W,F,35.89555,-79.063141,79479,POINT (-79.063141 35.89555)
186182,CHPD,B&E    LARCENY F/VEHICLE,103 LANCASTER DR,CHAPEL HILL,NC,27517,1607006760000,1606909500000,1606927200000,MISC OFFICER IN,PARKING/DROP LOT/GARAGE,<Null>,<Null>,53,W,M,35.92696,-79.05294,79486,POINT (-79.05294 35.92696)
186162,CHPD,B&E    LARCENY F/VEHICLE,116 FAN BRANCH LN,CHAPEL HILL,NC,27516,1606921260000,1606145400000,1606381200000,MISC OFFICER IN,PARKING/DROP LOT/GARAGE,<Null>,<Null>,24,W,F,35.92696,-79.05294,79490,POINT (-79.05294 35.92696)
185844,CHPD,B&E    LARCENY F/VEHICLE,529 HILLSBOROUGH ST,CHAPEL HILL,NC,27514,1605723600000,1605657600000,1605711600000,THEFT/LARCENY,HIGHWAY/ROAD/ALLEY/STREET/SIDEWALK,Y,<Null>,25,B,F,35.92305,-79.052025,79504,POINT (-79.052025 35.92305)
186262,CHPD,B&E    LARCENY F/VEHICLE,109 PINCHOT LN,CHAPEL HILL,NC,27514,1607247420000,1607211000000,1607245200000,THEFT/LARCENY,PARKING/DROP LOT/GARAGE,<Null>,<Null>,50,W,M,35.941994,-79.050224,79515,POINT (-79.050224 35.941994)
185937,CHPD,LARCENY FROM MOTOR VEHICLE,211 CHURCH ST,CHAPEL HILL,NC,27516,1605996480000,1605906000000,1605996480000,THEFT/LARCENY,RESIDENCE/HOME,N,NONE,20,W,F,35.913464,-79.059486,79538,POINT (-79.059486 35.913464)
186090,CHPD,SUSPICIOUS VEHICLE,BARCLAY RD @ BRANCH ST,CHAPEL HILL,NC,27516,1606602120000,1606602120000,1606602120000,MISC OFFICER IN,HIGHWAY/ROAD/ALLEY/STREET/SIDEWALK,<Null>,<Null>,<Null>,<Null>,<Null>,35.92906,-79.05959,79553,POINT (-79.05959 35.92906)
186213,CHPD,B&E VEHICLE,1100 NC 54,CHAPEL HILL,NC,27516,1607099100000,1607097600000,1607099100000,THEFT/LARCENY,PARKING/DROP LOT/GARAGE,N,NONE,22,W,M,35.900444,-79.066925,79555,POINT (-79.066925 35.900444)
186106,CHPD,B&E    LARCENY F/VEHICLE,25 BLUFF TRL,CHAPEL HILL,NC,27516,1606733820000,1606595400000,1606635000000,PUBLIC SERVICE,RESIDENCE/HOME,N,NONE,57,U,F,35.920413,-79.066345,79584,POINT (-79.066345 35.920413)
186401,CHPD,SUSPICIOUS PERSON/VEHICLE,704 MARTIN LUTHER KING JR BLVD,CHAPEL HILL,NC,27514,1607792400000,1607789700000,1607792400000,THEFT/LARCENY,RESIDENCE/HOME,<Null>,<Null>,<Null>,<Null>,<Null>,35.921413,-79.054985,79591,POINT (-79.054985 35.921413)
186534,CHPD,VEHICLE UNLOCK,63 HAMILTON RD,CHAPEL HILL,NC,27517,1608365100000,1608364800000,1608364800000,PUBLIC SERVICE,HIGHWAY/ROAD/ALLEY/STREET/SIDEWALK,N,NONE,46,B,F,35.911259,-79.023567,79593,POINT (-79.023567 35.911259)
186562,CHPD,LARCENY FROM MOTOR VEHICLE,375 UMSTEAD DR,CHAPEL HILL,NC,27516,1608578100000,1607803200000,1608134400000,THEFT/LARCENY,HIGHWAY/ROAD/ALLEY/STREET/SIDEWALK,<Null>,<Null>,36,W,M,35.922428,-79.064949,79594,POINT (-79.064949 35.922428)
186349,CHPD,LARCENY FROM MOTOR VEHICLE,102 EPHESUS CHURCH RD,CHAPEL HILL,NC,27517,1607610300000,1607083200000,1607607000000,THEFT/LARCENY,AUTO DEALERSHIP NEW/USED,<Null>,<Null>,67,W,M,35.935765,-79.022424,79596,POINT (-79.022424 35.935765)
186265,CHPD,B&E    LARCENY F/VEHICLE,137 OLD FOREST CREEK DR,CHAPEL HILL,NC,27514,1607248740000,1607193000000,1607245200000,THEFT/LARCENY,PARKING/DROP LOT/GARAGE,<Null>,<Null>,50,W,F,35.942986,-79.051178,79599,POINT (-79.051178 35.942986)
186510,CHPD,B&E    LARCENY F/VEHICLE,9115 SEAWELL SCHOOL RD,CHAPEL HILL,NC,27516,1608300660000,1608296400000,1608300600000,THEFT/LARCENY,PARKING/DROP LOT/GARAGE,Y,<Null>,82,W,F,35.940853,-79.07869,79614,POINT (-79.07869 35.940853)
186299,CHPD,DEBIT CARD FRAUD,1740 FORDHAM BLVD,CHAPEL HILL,NC,27517,1607421660000,1607360760000,1607421660000,FRAUD OR DECEPT,HOTEL/MOTEL/ETC.,N,NONE,39,W,M,35.938869,-79.01976,79636,POINT (-79.01976 35.938869)
186393,CHPD,B&E    LARCENY F/VEHICLE,601 LAUREL HILL RD,CHAPEL HILL,NC,27514,1607779980000,1607724000000,1607763600000,MISC OFFICER IN,PARKING/DROP LOT/GARAGE,<Null>,<Null>,40,W,F,35.903408,-79.035301,79646,POINT (-79.035301 35.903408)
186390,CHPD,SUSPICIOUS VEHICLE,NC 86 S @ I 40 E ENT 266,CHAPEL HILL,NC,27516,1607770920000,1607770920000,1607770920000,TRAFFIC STOP,HIGHWAY/ROAD/ALLEY/STREET/SIDEWALK,<Null>,UNKNOWN,<Null>,<Null>,<Null>,35.969725,-79.061588,79652,POINT (-79.061588 35.969725)
185832,CHPD,LARCENY FROM MOTOR VEHICLE,114 COLE ST,CHAPEL HILL,NC,27516,1605688020000,1605634200000,1605679200000,THEFT/LARCENY,RESIDENCE/HOME,N,NONE,42,W,M,35.905506,-79.065132,79670,POINT (-79.065132 35.905506)
186223,CHPD,CARELESS AND RECKLESS DRIVING,S COLUMBIA ST,CHAPEL HILL,NC,27514,1607113980000,1607112600000,1607113980000,TRAFFIC VIOLATI,HIGHWAY/ROAD/ALLEY/STREET/SIDEWALK,<Null>,NONE,30,W,M,35.904253,-79.054956,79695,POINT (-79.054956 35.904253)
185827,CHPD,ABANDONED VEHICLE,FORDHAM-RALEIGH RD EXIT @ RALEIGH RD,CHAPEL HILL,NC,27516,1605671700000,1605671700000,1605671700000,MISC OFFICER IN,HIGHWAY/ROAD/ALLEY/STREET/SIDEWALK,<Null>,<Null>,<Null>,<Null>,<Null>,35.909131,-79.029124,79696,POINT (-79.029124 35.909131)
185859,CHPD,LARCENY FROM MOTOR VEHICLE,1800 FORDHAM BLVD,CHAPEL HILL,NC,27517,1605778740000,1605614400000,1605776400000,THEFT/LARCENY,CONSTRUCTION SITE,N,<Null>,<Null>,<Null>,<Null>,35.944695,-79.011574,79713,POINT (-79.011574 35.944695)
185459,CHPD,TOWED VEHICLE,41 DAVIE CIR,CHAPEL HILL,NC,27514,1604394480000,1604394480000,1604394480000,TRAFFIC VIOLATI,<Null>,<Null>,<Null>,<Null>,<Null>,<Null>,35.919422,-79.036888,79724,POINT (-79.036888 35.919422)
186389,CHPD,B&E    LARCENY F/VEHICLE,501 LAUREL HILL RD,CHAPEL HILL,NC,27514,1607762040000,1607683500000,1607752800000,THEFT/LARCENY,PARKING/DROP LOT/GARAGE,<Null>,NONE,33,W,M,35.903908,-79.036468,79754,POINT (-79.036468 35.903908)
186044,CHPD,LARCENY FROM MOTOR VEHICLE,316 COBBLESTONE CT,CHAPEL HILL,NC,27514,1606475700000,1605709800000,1606473900000,THEFT/LARCENY,PARKING/DROP LOT/GARAGE,N,<Null>,20,W,F,35.942291,-79.02343,79767,POINT (-79.02343 35.942291)
185761,CHPD,SUSPICIOUS VEHICLE,313 DEEPWOOD RD,CHAPEL HILL,NC,27514,1605451500000,1605387600000,1605387600000,SUSPICIOUS/WANT,RESIDENCE/HOME,<Null>,NONE,67,W,F,35.92347,-79.04171,79768,POINT (-79.04171 35.92347)
185532,CHPD,SUSPICIOUS VEHICLE,318 EDISTO CT,CHAPEL HILL,NC,27514,1604599380000,1604514600000,1604599380000,SUSPICIOUS/WANT,RESIDENCE/HOME,<Null>,<Null>,<Null>,<Null>,<Null>,35.961685,-79.051445,79782,POINT (-79.051445 35.961685)
186537,CHPD,SUSPICIOUS VEHICLE,399 UMSTEAD DR,CHAPEL HILL,NC,27516,1608403140000,1608403140000,1608403140000,SUSPICIOUS/WANT,PARKING/DROP LOT/GARAGE,<Null>,<Null>,<Null>,<Null>,<Null>,35.921436,-79.06353,79783,POINT (-79.06353 35.921436)
185303,CHPD,B&E    LARCENY F/VEHICLE,419 WESTWOOD DR,CHAPEL HILL,NC,27516,1603882200000,1603828800000,1603872000000,THEFT/LARCENY,HIGHWAY/ROAD/ALLEY/STREET/SIDEWALK,N,<Null>,22,W,M,35.902683,-79.059944,79802,POINT (-79.059944 35.902683)
185441,CHPD,B&E    LARCENY F/VEHICLE,508 CHURCH ST,CHAPEL HILL,NC,27516,1604328360000,1603836000000,1603875600000,THEFT/LARCENY,RESIDENCE/HOME,N,<Null>,<Null>,W,M,35.916569,-79.060395,79803,POINT (-79.060395 35.916569)
185969,CHPD,ABANDONED VEHICLE,312 LINDSAY ST,CHAPEL HILL,NC,27516,1606146360000,1606146360000,1606146360000,MISC OFFICER IN,HIGHWAY/ROAD/ALLEY/STREET/SIDEWALK,<Null>,<Null>,<Null>,<Null>,<Null>,35.914454,-79.060681,79827,POINT (-79.060681 35.914454)
186268,CHPD,B&E    LARCENY F/VEHICLE,312 OLD FOREST CREEK DR,CHAPEL HILL,NC,27514,1607250120000,1607212860000,1607247000000,THEFT/LARCENY,RESIDENCE/HOME,N,<Null>,51,W,F,35.941673,-79.053001,79835,POINT (-79.053001 35.941673)
186294,CHPD,ABANDONED VEHICLE,US 15-501 S @ NC 54,CHAPEL HILL,NC,27514,1607380980000,1607380980000,1607380980000,TRAFFIC VIOLATI,<Null>,<Null>,<Null>,<Null>,<Null>,<Null>,35.89363,-79.05748,79851,POINT (-79.05748 35.89363)
186229,CHPD,LARCENY FROM MOTOR VEHICLE,220 SILVER CREEK TRL,CHAPEL HILL,NC,27514,1607146740000,1607112000000,1607145900000,THEFT/LARCENY,RESIDENCE/HOME,N,<Null>,56,W,M,35.9589,-79.021729,79852,POINT (-79.021729 35.9589)
186394,CHPD,B&E    LARCENY F/VEHICLE,304 COLUMBIA PL E,CHAPEL HILL,NC,27516,1607780220000,1607698800000,1607765400000,THEFT/LARCENY,HIGHWAY/ROAD/ALLEY/STREET/SIDEWALK,N,NONE,25,W,M,35.922447,-79.056847,79853,POINT (-79.056847 35.922447)
186140,CHPD,B&E    LARCENY F/VEHICLE,2210 DALEY RD,CHAPEL HILL,NC,27514,1606841580000,1606784400000,1606820400000,THEFT/LARCENY,RESIDENCE/HOME,N,NONE,61,W,F,35.944679,-79.0261,79854,POINT (-79.0261 35.944679)
186528,CHPD,LARCENY FROM MOTOR VEHICLE,105 CALDWELL ST,CHAPEL HILL,NC,27516,1608331080000,1608242400000,1608331080000,THEFT/LARCENY,RESIDENCE/HOME,N,<Null>,21,W,F,35.9179,-79.059486,79872,POINT (-79.059486 35.9179)
186267,CHPD,B&E    LARCENY F/VEHICLE,233 OLD FOREST CREEK DR,CHAPEL HILL,NC,27514,1607250360000,1607187600000,1607248800000,THEFT/LARCENY,RESIDENCE/HOME,<Null>,NONE,69,A,M,35.943728,-79.05328,79882,POINT (-79.05328 35.943728)
185863,CHPD,ABANDONED VEHICLE,100 BLUEFIELD RD,CHAPEL HILL,NC,27517,1605787260000,1605787260000,1605787260000,TRAFFIC VIOLATI,HIGHWAY/ROAD/ALLEY/STREET/SIDEWALK,<Null>,NONE,<Null>,<Null>,<Null>,35.944373,-79.00331,79890,POINT (-79.00331 35.944373)
186135,CHPD,ABANDONED VEHICLE,306 HICKORY DR,CHAPEL HILL,NC,27517,1606834140000,1606834140000,1606834140000,MISC OFFICER IN,<Null>,<Null>,<Null>,<Null>,<Null>,<Null>,35.929768,-79.023081,79922,POINT (-79.023081 35.929768)
185626,CHPD,LARCENY FROM MOTOR VEHICLE,132 MALLARD CT,CHAPEL HILL,NC,27517,1604999280000,1604955600000,1604998800000,THEFT/LARCENY,HIGHWAY/ROAD/ALLEY/STREET/SIDEWALK,N,NONE,46,W,M,35.889637,-79.055672,79923,POINT (-79.055672 35.889637)
185359,CHPD,B&E    LARCENY F/VEHICLE,113 TURVEY CT,CHAPEL HILL,NC,27514,1604044800000,1604010600000,1604040300000,THEFT/LARCENY,RESIDENCE/HOME,N,<Null>,21,W,F,35.944843,-79.017929,79930,POINT (-79.017929 35.944843)
185598,CHPD,MOTOR VEHICLE INVESTIGATION,803 E FRANKLIN ST,CHAPEL HILL,NC,27514,1604862120000,1604862000000,1604862120000,MVC W INJURY,HIGHWAY/ROAD/ALLEY/STREET/SIDEWALK,<Null>,<Null>,<Null>,W,F,35.918606,-79.039635,79939,POINT (-79.039635 35.918606)
186444,CHPD,LARCENY FROM MOTOR VEHICLE,1105 NC 54,CHAPEL HILL,NC,27514,1607978160000,1607977800000,1607978160000,THEFT/LARCENY,RESIDENCE/HOME,N,UNKNOWN,33,B,M,35.898037,-79.067749,79941,POINT (-79.067749 35.898037)
186550,CHPD,B&E    LARCENY F/VEHICLE,602 MARTIN LUTHER KING JR BLVD,CHAPEL HILL,NC,27514,1608540060000,1608483600000,1608540060000,THEFT/LARCENY,PARKING/DROP LOT/GARAGE,<Null>,<Null>,20,W,M,35.919044,-79.053604,79953,POINT (-79.053604 35.919044)
185460,CHPD,ABANDONED VEHICLE,209 N GRAHAM ST,CHAPEL HILL,NC,27516,1604397960000,1604397960000,1604397960000,TRAFFIC VIOLATI,HIGHWAY/ROAD/ALLEY/STREET/SIDEWALK,<Null>,<Null>,<Null>,<Null>,<Null>,35.912024,-79.065531,79967,POINT (-79.065531 35.912024)
186504,CHPD,B&E    LARCENY F/VEHICLE,211 CHURCH ST,CHAPEL HILL,NC,27516,1608289380000,1608228000000,1608289380000,THEFT/LARCENY,RESIDENCE/HOME,Y,BLUNT OBJECT,20,W,M,35.913406,-79.059476,79979,POINT (-79.059476 35.913406)
186084,CHPD,SUSPICIOUS VEHICLE,1720 FORDHAM BLVD,CHAPEL HILL,NC,27517,1606590180000,1606589100000,1606590180000,DISTURBANCE/NUI,PARKING/DROP LOT/GARAGE,<Null>,<Null>,<Null>,<Null>,<Null>,35.936943,-79.022102,79982,POINT (-79.022102 35.936943)
186269,CHPD,B&E    LARCENY F/VEHICLE,223 OLD FOREST CREEK DR,CHAPEL HILL,NC,27514,1607250780000,1607196600000,1607245200000,THEFT/LARCENY,RESIDENCE/HOME,N,<Null>,70,A,F,35.944218,-79.052719,79985,POINT (-79.052719 35.944218)
186637,CHPD,SUSPICIOUS VEHICLE,102 EPHESUS CHURCH RD,CHAPEL HILL,NC,27517,1609039620000,1609039620000,1609039620000,SUSPICIOUS/WANT,AUTO DEALERSHIP NEW/USED,<Null>,NONE,<Null>,<Null>,<Null>,35.935765,-79.022424,80273,POINT (-79.022424 35.935765)
186668,CHPD,LARCENY FROM MOTOR VEHICLE,1740 FORDHAM BLVD,CHAPEL HILL,NC,27517,1609178700000,1608897600000,1609167600000,THEFT/LARCENY,HIGHWAY/ROAD/ALLEY/STREET/SIDEWALK,<Null>,<Null>,70,W,F,35.938869,-79.01976,80301,POINT (-79.01976 35.938869)
187453,CHPD,IMPROPERLY PARKED VEHICLE,2429 TILGHMAN CIR,CHAPEL HILL,NC,27514,1612450320000,1606824000000,1612450320000,TRAFFIC VIOLATI,HIGHWAY/ROAD/ALLEY/STREET/SIDEWALK,<Null>,NONE,33,W,F,35.952454,-79.025887,80351,POINT (-79.025887 35.952454)
186654,CHPD,VEHICLE UNLOCK,1724 FORDHAM BLVD,CHAPEL HILL,NC,27517,1609149420000,1609149000000,1609149420000,PUBLIC SERVICE,PARKING/DROP LOT/GARAGE,<Null>,<Null>,68,W,M,35.937149,-79.02182,80367,POINT (-79.02182 35.937149)
186659,CHPD,LARCENY FROM MOTOR VEHICLE,400 S ELLIOTT RD,CHAPEL HILL,NC,27514,1609164120000,1609149000000,1609164000000,THEFT/LARCENY,PARKING/DROP LOT/GARAGE,<Null>,<Null>,36,B,M,35.931553,-79.0261,80573,POINT (-79.0261 35.931553)
186686,CHPD,SUSPICIOUS VEHICLE,15 FRANCES ST,CHAPEL HILL,NC,27517,1609295100000,1609295040000,1609295100000,SUSPICIOUS/WANT,HIGHWAY/ROAD/ALLEY/STREET/SIDEWALK,<Null>,<Null>,<Null>,<Null>,<Null>,35.931812,-79.01976,80656,POINT (-79.01976 35.931812)
186648,CHPD,B&E    LARCENY F/VEHICLE,600 MARTIN LUTHER KING JR BLVD,CHAPEL HILL,NC,27514,1609079400000,1609032600000,1609079400000,THEFT/LARCENY,PARKING/DROP LOT/GARAGE,<Null>,<Null>,23,W,M,35.918559,-79.055692,80811,POINT (-79.055692 35.918559)
186690,CHPD,B&E    LARCENY F/VEHICLE,800 PRITCHARD AVE EXT,CHAPEL HILL,NC,27516,1609330860000,1609281000000,1609313400000,THEFT/LARCENY,PARKING/DROP LOT/GARAGE,N,<Null>,43,B,F,35.921658,-79.059875,80816,POINT (-79.059875 35.921658)
186778,CHPD,CREDIT CARD/ATM FRAUD,201 S ESTES DR,CHAPEL HILL,NC,27514,1609774800000,1608973200000,1609774800000,MISC OFFICER IN,SERVICE/GAS STATION,<Null>,<Null>,19,W,F,35.92696,-79.05294,80990,POINT (-79.05294 35.92696)
193844,CHPD,CREDIT CARD FRAUD,740 GIMGHOUL RD,CHAPEL HILL,NC,27514,1633443240000,1579953600000,1633438800000,FRAUD OR DECEPT,RESIDENCE/HOME,<Null>,<Null>,51,W,F,35.912216,-79.037743,85130,POINT (-79.037743 35.912216)
232432,CHPD,B&E    LARCENY F/VEHICLE,1742 FORDHAM BLVD,CHAPEL HILL,NC,27517,1725953640000,1599706800000,1725953640000,THEFT/LARCENY,HOTEL/MOTEL/ETC.,,UNKNOWN,36,W,M,35.93971252,-79.02027893,108959,POINT (-79.02027893 35.93971252)
187867,CHPD,LARCENY FROM MOTOR VEHICLE,26 PRESTWICK RD,CHAPEL HILL,NC,27517,1613985840000,1613718000000,1613746800000,MISC OFFICER IN,HIGHWAY/ROAD/ALLEY/STREET/SIDEWALK,N,KNIFE/CUTTING INSTRUMENT,62,W,F,35.904617,-79.018889,80001,POINT (-79.018889 35.904617)
187080,CHPD,B&E    LARCENY F/VEHICLE,104 HARDWICK PL,CHAPEL HILL,NC,27516,1611046800000,1610719200000,1610724600000,ADMINISTRATIVE,HIGHWAY/ROAD/ALLEY/STREET/SIDEWALK,<Null>,<Null>,28,W,M,35.927886,-79.068344,80002,POINT (-79.068344 35.927886)
187826,CHPD,LARCENY FROM MOTOR VEHICLE,600 MARTIN LUTHER KING JR BLVD,CHAPEL HILL,NC,27514,1613757720000,1613676600000,1613750400000,MISC OFFICER IN,HIGHWAY/ROAD/ALLEY/STREET/SIDEWALK,N,UNKNOWN,20,W,F,35.918559,-79.055692,80016,POINT (-79.055692 35.918559)
187235,CHPD,SUSPICIOUS VEHICLE,924 PINEHURST DR,CHAPEL HILL,NC,27517,1611652140000,1611651600000,1611651600000,SUSPICIOUS/WANT,RESIDENCE/HOME,N,NONE,45,W,F,35.920601,-79.011375,80017,POINT (-79.011375 35.920601)
187880,CHPD,B&E    LARCENY F/VEHICLE,1504 E FRANKLIN ST,CHAPEL HILL,NC,27514,1614014400000,1613916000000,1614011400000,THEFT/LARCENY,PARKING/DROP LOT/GARAGE,Y,NONE,19,W,M,35.929509,-79.032818,80032,POINT (-79.032818 35.929509)
187362,CHPD,ABANDONED VEHICLE,1098 MARTIN LUTHER KING JR BLVD,CHAPEL HILL,NC,27514,1612065840000,1612065840000,1612065840000,TRAFFIC VIOLATI,HIGHWAY/ROAD/ALLEY/STREET/SIDEWALK,<Null>,NONE,<Null>,<Null>,<Null>,35.939306,-79.056866,80034,POINT (-79.056866 35.939306)
187462,CHPD,FRAUDULENT USE OF CREDIT CARD,210 W FRANKLIN ST,CHAPEL HILL,NC,27516,1612463400000,1612462260000,1612462500000,THEFT/LARCENY,SPECIALTY/STORE,N,NONE,27,W,M,35.911839,-79.062889,80051,POINT (-79.062889 35.911839)
187602,CHPD,CARDIAC ARREST,912 PINEHURST DR,CHAPEL HILL,NC,27517,1612951860000,1612945800000,1612945800000,CARDIAC,RESIDENCE/HOME,N,NONE,<Null>,W,F,35.921768,-79.011291,80076,POINT (-79.011291 35.921768)
187111,CHPD,B&E    LARCENY F/VEHICLE,1505 MICHAUX RD,CHAPEL HILL,NC,27514,1611152280000,1610366400000,1610388000000,THEFT/LARCENY,RESIDENCE/HOME,N,<Null>,49,B,F,35.935239,-79.034545,80077,POINT (-79.034545 35.935239)
187634,CHPD,ABANDONED VEHICLE,400 EASTOWNE DR,CHAPEL HILL,NC,27514,1613054700000,1613054700000,1613054700000,ADMINISTRATIVE,HIGHWAY/ROAD/ALLEY/STREET/SIDEWALK,<Null>,<Null>,<Null>,<Null>,<Null>,35.948948,-79.00631,80090,POINT (-79.00631 35.948948)
187846,CHPD,VEHICLE LOCKOUT,1720 FORDHAM BLVD,CHAPEL HILL,NC,27517,1613859720000,1613854800000,1613854800000,LE ASSISTANCE,PARKING/DROP LOT/GARAGE,<Null>,<Null>,20,W,F,35.936943,-79.022102,80101,POINT (-79.022102 35.936943)
187116,CHPD,UNLOCK RUNNING VEHICLE,200 WESTMINSTER DR,CHAPEL HILL,NC,27514,1611163740000,1611163440000,1611163440000,PUBLIC SERVICE,PARKING/DROP LOT/GARAGE,<Null>,NONE,28,B,F,35.961548,-79.055199,80106,POINT (-79.055199 35.961548)
186753,CHPD,LARCENY FROM MOTOR VEHICLE,205 CARVER ST,CHAPEL HILL,NC,27516,1609671420000,1609527600000,1609668000000,THEFT/LARCENY,RESIDENCE/HOME,N,NONE,19,W,F,35.918842,-79.064384,80122,POINT (-79.064384 35.918842)
187209,CHPD,B&E    LARCENY F/VEHICLE,980 MARTIN LUTHER KING JR BLVD,CHAPEL HILL,NC,27514,1611507360000,1611504000000,1611506700000,THEFT/LARCENY,PARKING/DROP LOT/GARAGE,<Null>,<Null>,34,W,F,35.933972,-79.054371,80193,POINT (-79.054371 35.933972)
187463,CHPD,LARCENY FROM MOTOR VEHICLE,8444 MERIN RD,CHAPEL HILL,NC,27516,1612459920000,1612459500000,1612459920000,DISTURBANCE/NUI,RESIDENCE/HOME,N,KNIFE/CUTTING INSTRUMENT,54,B,M,35.954422,-79.07251,80242,POINT (-79.07251 35.954422)
187361,CHPD,ABANDONED VEHICLE,FORDHAM BLVD @ SAGE RD,CHAPEL HILL,NC,27514,1612065480000,1612065480000,1612065480000,TRAFFIC STOP,HIGHWAY/ROAD/ALLEY/STREET/SIDEWALK,<Null>,<Null>,<Null>,<Null>,<Null>,35.94599,-79.01326,80281,POINT (-79.01326 35.94599)
186901,CHPD,ABANDONED VEHICLE,106 MALLETTE ST,CHAPEL HILL,NC,27516,1610363940000,1610363940000,1610363940000,TRAFFIC VIOLATI,PARKING/DROP LOT/GARAGE,N,<Null>,<Null>,<Null>,<Null>,35.90934,-79.058113,80283,POINT (-79.058113 35.90934)
187797,CHPD,ABANDONED VEHICLE,150 CHRISTOPHER RD,CHAPEL HILL,NC,27514,1613685300000,1613685300000,1613685300000,TRAFFIC STOP,HIGHWAY/ROAD/ALLEY/STREET/SIDEWALK,<Null>,<Null>,<Null>,<Null>,<Null>,35.906818,-79.028636,80285,POINT (-79.028636 35.906818)
187299,CHPD,B&E    LARCENY F/VEHICLE,100 AQUATIC DR,CHAPEL HILL,NC,27516,1611847740000,1611847200000,1611847740000,THEFT/LARCENY,PARKING/DROP LOT/GARAGE,Y,NONE,42,A,F,35.955921,-79.064903,80306,POINT (-79.064903 35.955921)
187544,CHPD,B&E    LARCENY F/VEHICLE,213 CHESLEY LN,CHAPEL HILL,NC,27514,1612782600000,1612695600000,1612782540000,THEFT/LARCENY,RESIDENCE/HOME,<Null>,NONE,72,W,F,35.954823,-79.027298,80324,POINT (-79.027298 35.954823)
187320,CHPD,ABANDONED VEHICLE,103 COLUMBIA PLACE DR,CHAPEL HILL,NC,27516,1611936060000,1611934620000,1611934620000,MISC OFFICER IN,HIGHWAY/ROAD/ALLEY/STREET/SIDEWALK,<Null>,<Null>,<Null>,<Null>,<Null>,35.921964,-79.057731,80348,POINT (-79.057731 35.921964)
186786,CHPD,DISABLED VEHICLE/HAZMAT,1800 FORDHAM BLVD,CHAPEL HILL,NC,27517,1609766280000,1609765800000,1609766280000,TRAFFIC VIOLATI,HIGHWAY/ROAD/ALLEY/STREET/SIDEWALK,<Null>,<Null>,<Null>,<Null>,<Null>,35.94474,-79.012596,80370,POINT (-79.012596 35.94474)
187208,CHPD,TOWED VEHICLE,143 W FRANKLIN ST,CHAPEL HILL,NC,27516,1611494460000,1611494460000,1611494460000,TRAFFIC VIOLATI,HIGHWAY/ROAD/ALLEY/STREET/SIDEWALK,N,NONE,<Null>,<Null>,<Null>,35.911922,-79.058235,80406,POINT (-79.058235 35.911922)
186767,CHPD,B&E    LARCENY F/VEHICLE,104 CARVER ST,CHAPEL HILL,NC,27516,1609714140000,1609603200000,1609714140000,THEFT/LARCENY,RESIDENCE/HOME,N,<Null>,19,W,M,35.919052,-79.063019,80429,POINT (-79.063019 35.919052)
187569,CHPD,B&E    LARCENY F/VEHICLE,1081 NC 54,CHAPEL HILL,NC,27514,1612872000000,1612868700000,1612872000000,SUSPICIOUS/WANT,PARK/PLAYGROUND,Y,UNKNOWN,20,W,F,35.89555,-79.063141,80440,POINT (-79.063141 35.89555)
187851,CHPD,SUSPICIOUS VEHICLE,500 WEAVER DAIRY RD,CHAPEL HILL,NC,27514,1613865000000,1613864940000,1613865000000,MISC OFFICER IN,<Null>,<Null>,<Null>,<Null>,<Null>,<Null>,35.960632,-79.02858,80444,POINT (-79.02858 35.960632)
187724,CHPD,CREDIT CARD THEFT,1740 FORDHAM BLVD,CHAPEL HILL,NC,27517,1613406900000,1612802100000,1613404800000,PUBLIC SERVICE,HOTEL/MOTEL/ETC.,<Null>,NONE,38,W,M,35.938811,-79.019749,80445,POINT (-79.019749 35.938811)
187574,CHPD,ANIMAL LOCKED IN VEHICLE,1501 EPHESUS CHURCH RD,CHAPEL HILL,NC,27517,1612878060000,1612878000000,1612878000000,ANIMAL,PARK/PLAYGROUND,<Null>,NONE,<Null>,<Null>,<Null>,35.933712,-79.014809,80448,POINT (-79.014809 35.933712)
187361,CHPD,ABANDONED VEHICLE,FORDHAM BLVD @ SAGE RD,CHAPEL HILL,NC,27514,1612065480000,1612065480000,1612065480000,TRAFFIC STOP,HIGHWAY/ROAD/ALLEY/STREET/SIDEWALK,<Null>,<Null>,<Null>,<Null>,<Null>,35.94599,-79.01326,80456,POINT (-79.01326 35.94599)
187607,CHPD,ASSIST CARRBORO PD,100 S GREENSBORO ST,CARRBORO,NC,27510,1612966020000,1612966020000,1612966020000,MISC OFFICER IN,RESTAURANT,<Null>,NONE,<Null>,<Null>,<Null>,35.910032,-79.07265,80461,POINT (-79.07265 35.910032)
186777,CHPD,LARCENY FROM MOTOR VEHICLE,295 SUMMERWALK CIR,CHAPEL HILL,NC,27517,1609772640000,1609734600000,1609770600000,THEFT/LARCENY,PARKING/DROP LOT/GARAGE,<Null>,KNIFE/CUTTING INSTRUMENT,64,W,F,35.896083,-79.010514,80467,POINT (-79.010514 35.896083)
187838,CHPD,VEHICLE CRASH,XX,CHAPEL HILL,NC,27516,1613830260000,1613566800000,1613566800000,TRAFFIC/TRANSPO,PARKING/DROP LOT/GARAGE,<Null>,<Null>,34,B,M,35.927603,-79.052845,80472,POINT (-79.052845 35.927603)
187122,CHPD,SUSPICIOUS VEHICLE,1786 FORDHAM BLVD,CHAPEL HILL,NC,27514,1611180480000,1611180480000,1611180480000,TRAFFIC/TRANSPO,HIGHWAY/ROAD/ALLEY/STREET/SIDEWALK,<Null>,<Null>,<Null>,<Null>,<Null>,35.943115,-79.015472,80531,POINT (-79.015472 35.943115)
187568,CHPD,CREDIT CARD/ATM FRAUD,1720 FORDHAM BLVD,CHAPEL HILL,NC,27516,1612873020000,1609668000000,1609754400000,FRAUD OR DECEPT,GROCERY/SUPERMARKET,N,NONE,64,W,M,35.92696,-79.05294,80592,POINT (-79.05294 35.92696)
187510,CHPD,LARCENY FROM MOTOR VEHICLE,103 LANCASTER DR,CHAPEL HILL,NC,27517,1612634040000,1612623600000,1612629000000,THEFT/LARCENY,PARKING/DROP LOT/GARAGE,N,PERSONAL WEAPONS,56,W,M,35.921272,-79.00853,80599,POINT (-79.00853 35.921272)
186855,CHPD,SUSPICIOUS VEHICLE,407 W FRANKLIN ST,CHAPEL HILL,NC,27516,1610051880000,1610050800000,1610051880000,TRAFFIC VIOLATI,PARKING/DROP LOT/GARAGE,<Null>,NONE,34,B,M,35.910866,-79.061165,80603,POINT (-79.061165 35.910866)
187536,CHPD,CAR LOCK OUT,500 PINE BLUFF TRL,CHAPEL HILL,NC,27516,1612743420000,1612743000000,1612743420000,PUBLIC SERVICE,RESIDENCE/HOME,<Null>,<Null>,21,B,F,35.897133,-79.062012,80669,POINT (-79.062012 35.897133)
187345,CHPD,CHECK ON VEHICLE,316 CHARLESTON LN,CHAPEL HILL,NC,27517,1612017000000,1612017000000,1612017000000,MISC OFFICER IN,<Null>,<Null>,<Null>,<Null>,<Null>,<Null>,35.940136,-79.003319,80682,POINT (-79.003319 35.940136)
187609,CHPD,ABANDONED VEHICLE,100 MALLETTE ST,CHAPEL HILL,NC,27516,1612966740000,1612966740000,1612966740000,MISC OFFICER IN,PARKING/DROP LOT/GARAGE,<Null>,<Null>,<Null>,<Null>,<Null>,35.91171,-79.059527,80723,POINT (-79.059527 35.91171)
186744,CHPD,TOWED VEHICLE,230 E FRANKLIN ST,CHAPEL HILL,NC,27514,1609596480000,1609596480000,1609596480000,TRAFFIC VIOLATI,<Null>,<Null>,<Null>,<Null>,<Null>,<Null>,35.915088,-79.050671,80727,POINT (-79.050671 35.915088)
187210,CHPD,B&E    LARCENY F/VEHICLE,120 S ESTES DR,CHAPEL HILL,NC,27514,1611510000000,1611501000000,1611509220000,THEFT/LARCENY,COMMUNITY CENTER,Y,NONE,47,W,F,35.925953,-79.03289,80741,POINT (-79.03289 35.925953)
186906,CHPD,LARCENY FROM MOTOR VEHICLE,131 HAMILTON RD,CHAPEL HILL,NC,27517,1610379000000,1610229600000,1610262000000,THEFT/LARCENY,RESIDENCE/HOME,N,NONE,34,W,F,35.913727,-79.024017,80813,POINT (-79.024017 35.913727)
186875,CHPD,B&E    LARCENY F/VEHICLE,103 E LAKEVIEW DR,DURHAM,NC,27707,1610181180000,1610150400000,1610180100000,THEFT/LARCENY,RESIDENCE/HOME,N,<Null>,24,W,M,35.947304,-79.001686,80823,POINT (-79.001686 35.947304)
187497,CHPD,ABANDONED VEHICLE,111 OLD DURHAM RD,CHAPEL HILL,NC,27517,1612562400000,1612562400000,1612562400000,MISC OFFICER IN,HIGHWAY/ROAD/ALLEY/STREET/SIDEWALK,<Null>,<Null>,<Null>,<Null>,<Null>,35.944298,-79.011396,80869,POINT (-79.011396 35.944298)
187354,CHPD,CARELESS/RECKLESS DRIVING,211 CONNER DR,CHAPEL HILL,NC,27514,1612039500000,1612038900000,1612039500000,DISTURBANCE/NUI,PARKING/DROP LOT/GARAGE,<Null>,<Null>,31,W,F,35.932262,-79.030426,80887,POINT (-79.030426 35.932262)
187681,CHPD,B&E    LARCENY F/VEHICLE,106 N ELLIOTT RD,CHAPEL HILL,NC,27514,1613225400000,1612279800000,1613224800000,THEFT/LARCENY,PARKING/DROP LOT/GARAGE,N,<Null>,34,W,F,35.937492,-79.02932,80890,POINT (-79.02932 35.937492)
186897,CHPD,SUSPICIOUS VEHICLE,430 MASON ST,CHAPEL HILL,NC,27516,1610325180000,1610324100000,1610325180000,SUSPICIOUS/WANT,RESIDENCE/HOME,<Null>,<Null>,<Null>,<Null>,<Null>,35.918262,-79.065399,80911,POINT (-79.065399 35.918262)
187483,CHPD,CREDIT/DEBIT CARD FRAUD,713 VILLAGE CROSSING DR,CHAPEL HILL,NC,27517,1612528440000,1612357200000,1612442040000,FRAUD OR DECEPT,CYBERSPACE,<Null>,<Null>,25,W,F,35.92696,-79.05294,80939,POINT (-79.05294 35.92696)
186988,CHPD,B&E    LARCENY F/VEHICLE,980 MARTIN LUTHER KING JR BLVD,CHAPEL HILL,NC,27514,1610727120000,1610724600000,1610727060000,THEFT/LARCENY,PARKING/DROP LOT/GARAGE,Y,NONE,36,W,F,35.934032,-79.054382,80953,POINT (-79.054382 35.934032)
189002,CHPD,B&E VEHICLE,2505 FOXWOOD DR,CHAPEL HILL,NC,27514,1618079040000,1618079040000,1618079040000,THEFT/LARCENY,RESIDENCE/HOME,N,<Null>,72,W,M,35.948957,-79.023693,81002,POINT (-79.023693 35.948957)
188322,CHPD,ABANDONED VEHICLE,100 ELDERBERRY DR,CHAPEL HILL,NC,27517,1615541220000,1615541220000,1615541220000,PUBLIC SERVICE,HIGHWAY/ROAD/ALLEY/STREET/SIDEWALK,<Null>,<Null>,<Null>,<Null>,<Null>,35.938316,-79.013481,81024,POINT (-79.013481 35.938316)
187961,CHPD,CREDIT CARD FRAUD,121 N COLUMBIA ST,CHAPEL HILL,NC,27516,1614270480000,1611140400000,1611140400000,THEFT/LARCENY,HIGHWAY/ROAD/ALLEY/STREET/SIDEWALK,N,NONE,55,W,M,35.913644,-79.056384,81025,POINT (-79.056384 35.913644)
188824,CHPD,SUSPICIOUS VEHICLE,130 BERRY PATCH LN,CHAPEL HILL,NC,27514,1617378840000,1617378000000,1617378780000,SUSPICIOUS/WANT,PARKING/DROP LOT/GARAGE,<Null>,<Null>,<Null>,<Null>,<Null>,35.945087,-79.022217,81029,POINT (-79.022217 35.945087)
188905,CHPD,B&E    LARCENY F/VEHICLE,305 PRESQUE ISLE LN,CHAPEL HILL,NC,27514,1617695580000,1617667200000,1617694200000,THEFT/LARCENY,PARKING/DROP LOT/GARAGE,N,NONE,74,W,M,35.950601,-79.016462,81069,POINT (-79.016462 35.950601)
188934,CHPD,B&E    LARCENY F/VEHICLE,731 PROVIDENCE GLEN DR,CHAPEL HILL,NC,27514,1617821100000,1617723060000,1617813900000,<Null>,PARKING/DROP LOT/GARAGE,<Null>,NONE,29,A,F,35.949703,-79.010778,81102,POINT (-79.010778 35.949703)
187956,CHPD,IMPROPERLY PARKED VEHICLE,14 DAVIE CIR,CHAPEL HILL,NC,27514,1614258180000,1614257400000,1614258180000,TRAFFIC VIOLATI,HIGHWAY/ROAD/ALLEY/STREET/SIDEWALK,N,NONE,<Null>,<Null>,<Null>,35.917892,-79.037575,81148,POINT (-79.037575 35.917892)
188944,CHPD,FRAUD DEBIT CARD,156 ST ANDREWS LN,CHAPEL HILL,NC,27517,1617804780000,1617545580000,1617804780000,<Null>,SERVICE/GAS STATION,<Null>,<Null>,70,W,F,35.93839,-79.009353,81156,POINT (-79.009353 35.93839)
188257,CHPD,DAMAGE TO VEHICLE,120 N COLUMBIA ST,CHAPEL HILL,NC,27514,1615312140000,1615311600000,1615312140000,DAMAGE/VANDALIS,HIGHWAY/ROAD/ALLEY/STREET/SIDEWALK,N,<Null>,<Null>,U,U,35.914154,-79.056274,81177,POINT (-79.056274 35.914154)
188883,CHPD,SUSPICIOUS VEHICLE,500 WEAVER DAIRY RD,CHAPEL HILL,NC,27514,1617641400000,1616760000000,1616774340000,SUSPICIOUS/WANT,SCHOOL/COLLEGE (USE 52 OR 53),<Null>,<Null>,<Null>,<Null>,<Null>,35.960574,-79.02857,81182,POINT (-79.02857 35.960574)
189147,CHPD,ABANDONED VEHICLE,442 RIDGEFIELD RD,CHAPEL HILL,NC,27517,1618592220000,1618592220000,1618592220000,MISC OFFICER IN,HIGHWAY/ROAD/ALLEY/STREET/SIDEWALK,N,NONE,<Null>,<Null>,<Null>,35.92576,-79.0244,81209,POINT (-79.0244 35.92576)
188999,CHPD,B&E VEHICLE,2510 FOXWOOD DR,CHAPEL HILL,NC,27514,1618075560000,1618075200000,1618075560000,THEFT/LARCENY,RESIDENCE/HOME,N,<Null>,38,W,F,35.948602,-79.024649,81228,POINT (-79.024649 35.948602)
188405,CHPD,SUSPICIOUS VEHICLE,300 MARKET ST,CHAPEL HILL,NC,27516,1615830060000,1615829940000,1615830000000,SUSPICIOUS/WANT,PARKING/DROP LOT/GARAGE,<Null>,NONE,<Null>,W,F,35.88046,-79.064996,81311,POINT (-79.064996 35.88046)
189086,CHPD,TOWED VEHICLE,1701 MARTIN LUTHER KING JR BLVD,CHAPEL HILL,NC,27516,1618384680000,1618384680000,1618384680000,TRAFFIC VIOLATI,HIGHWAY/ROAD/ALLEY/STREET/SIDEWALK,<Null>,<Null>,<Null>,<Null>,<Null>,35.962053,-79.058065,81326,POINT (-79.058065 35.962053)
188858,CHPD,VEHICLE LOCKOUT,200 STANDISH DR,CHAPEL HILL,NC,27517,1617554580000,1617553200000,1617554580000,PUBLIC SERVICE,RESIDENCE/HOME,N,<Null>,<Null>,W,M,35.939307,-79.009343,81347,POINT (-79.009343 35.939307)
187935,CHPD,CREDIT CARD FRAUD,1521 E FRANKLIN ST,CHAPEL HILL,NC,27514,1614168000000,1611932400000,1611932700000,FRAUD OR DECEPT,SPECIALTY/STORE,N,<Null>,60,W,F,35.933036,-79.032733,81354,POINT (-79.032733 35.933036)
188807,CHPD,B&E VEHICLE,137 E ROSEMARY ST,CHAPEL HILL,NC,27514,1617311160000,1617301800000,1617310800000,DAMAGE/VANDALIS,PARKING/DROP LOT/GARAGE,Y,BLUNT OBJECT,29,W,F,35.914673,-79.054932,81356,POINT (-79.054932 35.914673)
188097,CHPD,CARJACKING W/FORCE,1807 FORDHAM BLVD,CHAPEL HILL,NC,27514,1614714720000,1614714480000,1614714720000,ROBBERY/CARJACK,PARKING/DROP LOT/GARAGE,<Null>,HANDGUN,30,W,M,35.946209,-79.011658,81378,POINT (-79.011658 35.946209)
188086,CHPD,SUSPICIOUS VEHICLE,200 CHARLESTON LN,CHAPEL HILL,NC,27517,1614700740000,1614686400000,1614700680000,SUSPICIOUS/WANT,HIGHWAY/ROAD/ALLEY/STREET/SIDEWALK,<Null>,NONE,<Null>,<Null>,<Null>,35.942722,-79.0037,81424,POINT (-79.0037 35.942722)
187938,CHPD,ABANDONED VEHICLE,500 N COLUMBIA ST,CHAPEL HILL,NC,27516,1614185760000,1613908800000,1614185700000,MISC OFFICER IN,PARKING/DROP LOT/GARAGE,<Null>,NONE,<Null>,<Null>,<Null>,35.917458,-79.058062,81460,POINT (-79.058062 35.917458)
188987,CHPD,FOUND HANDGUN IN RENTAL CAR,1300 E FRANKLIN ST,CHAPEL HILL,NC,27514,1618050120000,1618048800000,1618049700000,ADMINISTRATIVE,OTHER/UNKNOWN,<Null>,HANDGUN,<Null>,<Null>,<Null>,35.926945,-79.035703,81479,POINT (-79.035703 35.926945)
188503,CHPD,CARDIAC ARREST,642 CHRISTOPHER RD,CHAPEL HILL,NC,27514,1616240820000,1616240820000,1616240820000,CARDIAC ARREST,<Null>,<Null>,<Null>,<Null>,W,M,35.918461,-79.027061,81567,POINT (-79.027061 35.918461)
188551,CHPD,SUSPICIOUS VEHICLE,408 MARKET ST,CHAPEL HILL,NC,27516,1616466180000,1616464560000,1616465700000,SUSPICIOUS/WANT,HIGHWAY/ROAD/ALLEY/STREET/SIDEWALK,<Null>,<Null>,<Null>,<Null>,<Null>,35.881851,-79.066002,81598,POINT (-79.066002 35.881851)
188015,CHPD,SUSPICIOUS VEHICLE,142 BERRY PATCH LN,CHAPEL HILL,NC,27514,1614438540000,1614438000000,1614438540000,SUSPICIOUS/WANT,PARKING/DROP LOT/GARAGE,<Null>,<Null>,<Null>,<Null>,<Null>,35.944416,-79.022801,81613,POINT (-79.022801 35.944416)
188873,CHPD,LARCENY FROM MOTOR VEHICLE,1746 FORDHAM BLVD,CHAPEL HILL,NC,27514,1617620640000,1617273480000,1617307200000,MISC OFFICER IN,SERVICE/GAS STATION,N,<Null>,<Null>,U,M,35.940445,-79.019501,81622,POINT (-79.019501 35.940445)
188118,CHPD,SUSPICIOUS VEHICLE,789 MARTIN LUTHER KING JR BLVD,CHAPEL HILL,NC,27516,1614812460000,1614812400000,1614812460000,TRAFFIC/TRANSPO,HIGHWAY/ROAD/ALLEY/STREET/SIDEWALK,<Null>,<Null>,<Null>,<Null>,<Null>,35.925086,-79.054192,81648,POINT (-79.054192 35.925086)
188793,CHPD,UNLOCK VEHICLE,6900 MILLHOUSE RD,CHAPEL HILL,NC,27516,1617281100000,1617281100000,1617281100000,PUBLIC SERVICE,PARKING/DROP LOT/GARAGE,N,<Null>,<Null>,<Null>,<Null>,35.975755,-79.071869,81678,POINT (-79.071869 35.975755)
188776,CHPD,IMPROPERLY PARKED VEHICLE,120 SPRINGBERRY LN,CHAPEL HILL,NC,27517,1617236760000,1617236760000,1617236760000,TRAFFIC VIOLATI,HIGHWAY/ROAD/ALLEY/STREET/SIDEWALK,<Null>,<Null>,<Null>,<Null>,<Null>,35.898238,-79.008418,81701,POINT (-79.008418 35.898238)
188289,CHPD,TOWED VEHICLE,1757 LEGION RD,CHAPEL HILL,NC,27517,1615455840000,1615455840000,1615455840000,TRAFFIC VIOLATI,HIGHWAY/ROAD/ALLEY/STREET/SIDEWALK,<Null>,NONE,<Null>,<Null>,<Null>,35.94289,-79.011604,81716,POINT (-79.011604 35.94289)
188917,CHPD,LARCENY FROM MOTOR VEHICLE,221 PROVIDENCE GLEN DR,CHAPEL HILL,NC,27514,1617735900000,1617647400000,1617735900000,THEFT/LARCENY,HIGHWAY/ROAD/ALLEY/STREET/SIDEWALK,N,<Null>,36,A,F,35.949989,-79.013058,81720,POINT (-79.013058 35.949989)
188397,CHPD,SUSPICIOUS VEHICLE,1050 MARTIN LUTHER KING JR BLVD,CHAPEL HILL,NC,27514,1615806000000,1615806000000,1615806000000,SUSPICIOUS/WANT,<Null>,<Null>,<Null>,34,B,M,35.942212,-79.056613,81767,POINT (-79.056613 35.942212)
188756,CHPD,CREDIT CARD/ATM FRAUD,1510 E FRANKLIN ST,CHAPEL HILL,NC,27514,1617183060000,1615712400000,1616760000000,MISC OFFICER IN,CYBERSPACE,<Null>,<Null>,47,W,F,35.930909,-79.033014,81814,POINT (-79.033014 35.930909)
188159,CHPD,B&E    LARCENY F/VEHICLE,333 W ROSEMARY ST,CHAPEL HILL,NC,27516,1614933420000,1614932100000,1614933420000,THEFT/LARCENY,HIGHWAY/ROAD/ALLEY/STREET/SIDEWALK,<Null>,<Null>,35,W,M,35.911716,-79.061256,81842,POINT (-79.061256 35.911716)
187975,CHPD,TOWED VEHICLE,14 DAVIE CIR,CHAPEL HILL,NC,27514,1614331620000,1614331620000,1614331620000,TRAFFIC VIOLATI,<Null>,<Null>,<Null>,<Null>,<Null>,<Null>,35.917892,-79.037575,81844,POINT (-79.037575 35.917892)
188167,CHPD,B&E    LARCENY F/VEHICLE,1710 E FRANKLIN ST,CHAPEL HILL,NC,27514,1614934860000,1614893400000,1614933000000,THEFT/LARCENY,CONVENIENCE STORE,Y,<Null>,67,W,M,35.935883,-79.026855,81864,POINT (-79.026855 35.935883)
188132,CHPD,B&E    LARCENY F/VEHICLE,1081 NC 54,CHAPEL HILL,NC,27514,1614859320000,1614855600000,1614859200000,THEFT/LARCENY,HIGHWAY/ROAD/ALLEY/STREET/SIDEWALK,<Null>,<Null>,22,W,F,35.89555,-79.063141,81874,POINT (-79.063141 35.89555)
188898,CHPD,B&E    LARCENY F/VEHICLE,1224 ARBORGATE CIRCLE,CHAPEL HILL,NC,27516,1617708600000,1617544800000,1617705000000,<Null>,RESIDENCE/HOME,N,<Null>,63,W,F,35.950616,-79.012073,81879,POINT (-79.012073 35.950616)
189133,CHPD,B&E VEHICLE,204 CONNER DR,CHAPEL HILL,NC,27514,1618562160000,1618511400000,1618556400000,THEFT/LARCENY,PARKING/DROP LOT/GARAGE,N,<Null>,24,W,F,35.931167,-79.030827,81892,POINT (-79.030827 35.931167)
188556,CHPD,B&E    LARCENY F/VEHICLE,300 AQUATIC DR,CHAPEL HILL,NC,27514,1616486400000,1616483100000,1616486100000,THEFT/LARCENY,PARKING/DROP LOT/GARAGE,Y,<Null>,55,W,F,35.955904,-79.063886,81894,POINT (-79.063886 35.955904)
188975,CHPD,MISSING VEHICLE,8440 MERIN RD,CHAPEL HILL,NC,27514,1618002360000,1617985800000,1618002360000,THEFT/LARCENY,HIGHWAY/ROAD/ALLEY/STREET/SIDEWALK,<Null>,<Null>,30,B,M,35.954047,-79.072154,81912,POINT (-79.072154 35.954047)
187981,CHPD,CREDIT CARD THEFT,102 W FRANKLIN ST,CHAPEL HILL,NC,27516,1614347580000,1611230400000,1613390400000,PUBLIC SERVICE,OTHER/UNKNOWN,N,<Null>,18,W,M,35.913204,-79.05616,81941,POINT (-79.05616 35.913204)
188246,CHPD,ABANDONED VEHICLE,100 MCMASTERS ST,CHAPEL HILL,NC,27516,1615283100000,1615283100000,1615283100000,ADMINISTRATIVE,OTHER/UNKNOWN,<Null>,NONE,<Null>,U,U,35.919102,-79.060966,81943,POINT (-79.060966 35.919102)
188918,CHPD,B&E    LARCENY F/VEHICLE,201 MCGREGOR DR,CHAPEL HILL,NC,27514,1617753960000,1617753600000,1617753960000,SUSPICIOUS/WANT,HIGHWAY/ROAD/ALLEY/STREET/SIDEWALK,N,NONE,37,W,F,35.945989,-79.01848,81954,POINT (-79.01848 35.945989)
188443,CHPD,SUSPICIOUS VEHICLE,1112 WILLOW DR,CHAPEL HILL,NC,27517,1616005680000,1615568400000,1616005680000,MISC OFFICER IN,SPECIALTY/STORE,<Null>,<Null>,<Null>,<Null>,<Null>,35.928307,-79.019478,81971,POINT (-79.019478 35.928307)
188929,CHPD,ASSIST CARRBORO PD,104 CREEL ST,CHAPEL HILL,NC,27514,1617799800000,1617799740000,1617799740000,<Null>,RESIDENCE/HOME,<Null>,<Null>,<Null>,<Null>,<Null>,35.905354,-79.066539,81978,POINT (-79.066539 35.905354)
190073,CHPD,VEHICLE UNLOCK,110 STANCELL DR,CHAPEL HILL,NC,27517,1621578960000,1621578960000,1621578960000,PUBLIC SERVICE,CONVENIENCE STORE,<Null>,NONE,41,W,M,35.901165,-79.006981,82031,POINT (-79.006981 35.901165)
190057,CHPD,IMPROPERLY PARKED VEHICLE,209 E FRANKLIN ST,CHAPEL HILL,NC,27514,1621507740000,1620298140000,1621507200000,TRAFFIC VIOLATI,HIGHWAY/ROAD/ALLEY/STREET/SIDEWALK,N,NONE,<Null>,<Null>,<Null>,35.915028,-79.052498,82054,POINT (-79.052498 35.915028)
189151,CHPD,B&E    LARCENY F/VEHICLE,428 MELANIE CT,CHAPEL HILL,NC,27514,1618665420000,1618516800000,1618546320000,THEFT/LARCENY,PARKING/DROP LOT/GARAGE,N,<Null>,19,W,M,35.942014,-79.025726,82076,POINT (-79.025726 35.942014)
189897,CHPD,B&E   LARCENY F/ VEHICLE,16 SHEPHERD LN,CHAPEL HILL,NC,27514,1620925260000,1620860400000,1620925260000,THEFT/LARCENY,PARKING/DROP LOT/GARAGE,N,NONE,<Null>,W,F,35.925636,-79.030716,82079,POINT (-79.030716 35.925636)
189989,CHPD,ASSIST CARRBORO PD,215 KNOLLS ST,CHAPEL HILL,NC,27516,1621261920000,1621261800000,1621261860000,SUSPICIOUS/WANT,HIGHWAY/ROAD/ALLEY/STREET/SIDEWALK,<Null>,NONE,<Null>,<Null>,<Null>,35.905907,-79.069008,82095,POINT (-79.069008 35.905907)
190132,CHPD,SUSPICIOUS VEHICLE,110 PINCHOT LN,CHAPEL HILL,NC,27514,1621736100000,1621735800000,1621735920000,SUSPICIOUS/WANT,RESIDENCE/HOME,<Null>,<Null>,61,W,M,35.941994,-79.050224,82101,POINT (-79.050224 35.941994)
190339,CHPD,SUSPICIOUS VEHICLE,MARTIN LUTHER KING JR BLVD @ WEAVER DAIRY RD,CHAPEL HILL,NC,27514,1622567460000,1622567340000,1622567400000,HARASSMENT/STAL,HIGHWAY/ROAD/ALLEY/STREET/SIDEWALK,<Null>,NONE,<Null>,B,F,35.96398,-79.05849,82115,POINT (-79.05849 35.96398)
190144,CHPD,LARCENY FROM MOTOR VEHICLE,120 S ESTES DR,CHAPEL HILL,NC,27514,1621795800000,1621778400000,1621795800000,THEFT/LARCENY,COMMUNITY CENTER,<Null>,UNKNOWN,<Null>,W,F,35.925953,-79.03289,82143,POINT (-79.03289 35.925953)
189791,CHPD,MOTOR VEHICLE COLLISION DRIVER LEAVES SCENE,FORDHAM BLVD @ SERVICE RD,CHAPEL HILL,NC,27514,1620528060000,1620528060000,1620528060000,MOTOR VEHICLE C,HIGHWAY/ROAD/ALLEY/STREET/SIDEWALK,<Null>,<Null>,<Null>,<Null>,<Null>,35.93637,-79.02373,82156,POINT (-79.02373 35.93637)
190470,CHPD,B&E    LARCENY F/VEHICLE,406 N ESTES DR,CHAPEL HILL,NC,27514,1623008160000,1622930400000,1622995200000,THEFT/LARCENY,RESIDENCE/HOME,<Null>,<Null>,41,W,F,35.933983,-79.041702,82158,POINT (-79.041702 35.933983)
189793,CHPD,SUSPICIOUS VEHICLE,116 ISLEY ST,CHAPEL HILL,NC,27516,1620550380000,1620549600000,1620550380000,SUSPICIOUS/WANT,PARKING/DROP LOT/GARAGE,N,<Null>,<Null>,<Null>,<Null>,35.918972,-79.057541,82184,POINT (-79.057541 35.918972)
190327,CHPD,B&E    LARCENY F/VEHICLE,425 HILLSBOROUGH ST,CHAPEL HILL,NC,27514,1622542200000,1622199600000,1622278800000,THEFT/LARCENY,PARKING/DROP LOT/GARAGE,N,<Null>,20,W,M,35.920395,-79.052292,82196,POINT (-79.052292 35.920395)
189150,CHPD,ABANDONED VEHICLE,605 EASTOWNE DR,CHAPEL HILL,NC,27514,1618661580000,1618661580000,1618661580000,TRAFFIC VIOLATI,HIGHWAY/ROAD/ALLEY/STREET/SIDEWALK,N,NONE,<Null>,<Null>,<Null>,35.951519,-79.007089,82198,POINT (-79.007089 35.951519)
190205,CHPD,ABANDONED VEHICLE,104 PARTIN ST,CHAPEL HILL,NC,27514,1622017200000,1622017200000,1622017200000,TRAFFIC VIOLATI,HIGHWAY/ROAD/ALLEY/STREET/SIDEWALK,<Null>,NONE,<Null>,<Null>,<Null>,35.955112,-79.044113,82223,POINT (-79.044113 35.955112)
189504,CHPD,B&E    LARCENY F/VEHICLE,108 SHADOWOOD DR,CHAPEL HILL,NC,27514,1620204180000,1620164400000,1620204060000,THEFT/LARCENY,PARKING/DROP LOT/GARAGE,N,NONE,35,B,F,35.937892,-79.054428,82272,POINT (-79.054428 35.937892)
190233,CHPD,B&E    LARCENY F/VEHICLE,609 BYNUM ST,CHAPEL HILL,NC,27516,1622108040000,1622073660000,1622107800000,THEFT/LARCENY,RESIDENCE/HOME,N,NONE,39,W,M,35.915165,-79.067467,82290,POINT (-79.067467 35.915165)
189915,CHPD,B&E    LARCENY F/VEHICLE,832 N HERITAGE CIR,CHAPEL HILL,NC,27516,1620985080000,1620936900000,1620982800000,THEFT/LARCENY,HIGHWAY/ROAD/ALLEY/STREET/SIDEWALK,<Null>,<Null>,32,B,M,35.947979,-79.062462,82308,POINT (-79.062462 35.947979)
190237,CHPD,LARCENY FROM MOTOR VEHICLE,100 MELVILLE LOOP,CHAPEL HILL,NC,27514,1622124600000,1622062800000,1622122200000,THEFT/LARCENY,PARKING/DROP LOT/GARAGE,<Null>,NONE,29,B,M,35.94883,-79.01709,82354,POINT (-79.01709 35.94883)
190074,CHPD,B&E    LARCENY F/VEHICLE,116 SHADOWOOD DR,CHAPEL HILL,NC,27514,1621581780000,1621528200000,1621581780000,THEFT/LARCENY,RESIDENCE/HOME,N,NONE,23,W,F,35.93943,-79.054695,82359,POINT (-79.054695 35.93943)
190072,CHPD,B&E    LARCENY F/VEHICLE,109 SHADOWOOD DR,CHAPEL HILL,NC,27514,1621578540000,1621537200000,1621577700000,THEFT/LARCENY,PARKING/DROP LOT/GARAGE,N,<Null>,27,W,M,35.938202,-79.055199,82404,POINT (-79.055199 35.938202)
190281,CHPD,B&E    LARCENY F/VEHICLE,425 HILLSBOROUGH ST,CHAPEL HILL,NC,27514,1622277660000,1622232900000,1622277660000,THEFT/LARCENY,PARKING/DROP LOT/GARAGE,Y,<Null>,24,B,F,35.920395,-79.052292,82421,POINT (-79.052292 35.920395)
189154,CHPD,ABANDONED VEHICLE,500 EASTOWNE DR,CHAPEL HILL,NC,27514,1618654080000,1618654080000,1618654080000,MISC OFFICER IN,HIGHWAY/ROAD/ALLEY/STREET/SIDEWALK,N,<Null>,<Null>,<Null>,<Null>,35.94953,-79.007477,82423,POINT (-79.007477 35.94953)
190040,CHPD,B&E    LARCENY F/VEHICLE,1000 DOGWOOD ACRES DR,CHAPEL HILL,NC,27516,1621438680000,1621436400000,1621438200000,THEFT/LARCENY,PARKING/DROP LOT/GARAGE,<Null>,<Null>,42,W,F,35.872425,-79.069191,82437,POINT (-79.069191 35.872425)
189183,CHPD,LARCENY FROM MOTOR VEHICLE,200 PINEGATE CIR,CHAPEL HILL,NC,27514,1618834500000,1618743600000,1618772400000,THEFT/LARCENY,PARKING/DROP LOT/GARAGE,N,<Null>,37,W,M,35.947781,-79.010141,82446,POINT (-79.010141 35.947781)
189399,CHPD,CREDIT CARD THEFT,112 ASHLEY FOREST RD,CHAPEL HILL,NC,27514,1619745180000,1619741580000,1619745180000,THEFT/LARCENY,RESIDENCE/HOME,<Null>,NONE,55,B,M,35.943837,-79.056422,82451,POINT (-79.056422 35.943837)
189471,CHPD,LARCENY FROM MOTOR VEHICLE,1749 DOBBINS DR,CHAPEL HILL,NC,27514,1620061500000,1620054000000,1620054000000,PUBLIC SERVICE,HIGHWAY/ROAD/ALLEY/STREET/SIDEWALK,N,<Null>,34,B,F,35.945621,-79.014498,82460,POINT (-79.014498 35.945621)
189889,CHPD,B&E    LARCENY F/VEHICLE,436 VALLEY PARK DR,CHAPEL HILL,NC,27514,1620909000000,1620846000000,1620900000000,THEFT/LARCENY,PARKING/DROP LOT/GARAGE,N,<Null>,27,W,M,35.924121,-79.034923,82461,POINT (-79.034923 35.924121)
189746,CHPD,LARCENY FROM MOTOR VEHICLE,108 SHADOWOOD DR,CHAPEL HILL,NC,27514,1620393360000,1619888400000,1620205200000,THEFT/LARCENY,PARKING/DROP LOT/GARAGE,<Null>,<Null>,19,A,F,35.92696,-79.05294,82468,POINT (-79.05294 35.92696)
189654,CHPD,LARCENY FROM MOTOR VEHICLE,9217 SEAWELL SCHOOL RD,CHAPEL HILL,NC,27516,1620217440000,1620147600000,1620165600000,MISC OFFICER IN,PARKING/DROP LOT/GARAGE,<Null>,<Null>,<Null>,W,M,35.92696,-79.05294,82493,POINT (-79.05294 35.92696)
190076,CHPD,B&E    LARCENY F/VEHICLE,700 BOLINWOOD DR,CHAPEL HILL,NC,27514,1621587660000,1621555260000,1621587660000,THEFT/LARCENY,HIGHWAY/ROAD/ALLEY/STREET/SIDEWALK,Y,OTHER,44,W,F,35.92696,-79.05294,82503,POINT (-79.05294 35.92696)
189269,CHPD,B&E    LARCENY F/VEHICLE,1081 NC 54,CHAPEL HILL,NC,27514,1619194980000,1619189100000,1619192700000,THEFT/LARCENY,PARKING/DROP LOT/GARAGE,Y,<Null>,61,W,F,35.895491,-79.06313,82520,POINT (-79.06313 35.895491)
190358,CHPD,B&E    LARCENY F/VEHICLE,604 VILLAGE CROSSING DR,CHAPEL HILL,NC,27514,1622638260000,1622568600000,1622635200000,MISC OFFICER IN,PARKING/DROP LOT/GARAGE,N,NONE,31,U,F,35.92696,-79.05294,82537,POINT (-79.05294 35.92696)
190042,CHPD,B&E    LARCENY F/VEHICLE,501 WEAVER DAIRY RD,CHAPEL HILL,NC,27514,1621442400000,1621439100000,1621442280000,THEFT/LARCENY,PARKING/DROP LOT/GARAGE,<Null>,<Null>,40,W,F,35.960026,-79.033524,82548,POINT (-79.033524 35.960026)
189695,CHPD,UNLOCK VEHICLE,410 MARKET ST,CHAPEL HILL,NC,27516,1619088960000,1619085600000,1619088840000,PUBLIC SERVICE,PARKING/DROP LOT/GARAGE,N,NONE,<Null>,<Null>,<Null>,35.882065,-79.065742,82561,POINT (-79.065742 35.882065)
190356,CHPD,B&E    LARCENY F/VEHICLE,1207 ROOSEVELT DR,CHAPEL HILL,NC,27514,1622627700000,1622210400000,1622548800000,THEFT/LARCENY,PARKING/DROP LOT/GARAGE,<Null>,<Null>,26,W,F,35.924324,-79.037292,82565,POINT (-79.037292 35.924324)
190363,CHPD,ABANDONED VEHICLE,124 FORSYTH DR,CHAPEL HILL,NC,27517,1622648820000,1622648700000,1622648760000,MISC OFFICER IN,HIGHWAY/ROAD/ALLEY/STREET/SIDEWALK,<Null>,NONE,<Null>,<Null>,<Null>,35.942204,-79.007545,82576,POINT (-79.007545 35.942204)
190182,CHPD,B&E    LARCENY F/VEHICLE,108 MISTY WOODS CIR,CHAPEL HILL,NC,27514,1621931520000,1621895400000,1621929780000,BURGLARY/HOME I,PARKING/DROP LOT/GARAGE,N,NONE,33,W,F,35.938824,-79.056007,82593,POINT (-79.056007 35.938824)
189708,CHPD,IMPROPERLY PARKED VEHICLE,416 CHURCH ST,CHAPEL HILL,NC,27516,1620282180000,1620282180000,1620282180000,TRAFFIC VIOLATI,HIGHWAY/ROAD/ALLEY/STREET/SIDEWALK,N,NONE,<Null>,<Null>,<Null>,35.915909,-79.060249,82639,POINT (-79.060249 35.915909)
189219,CHPD,ABANDONED VEHICLE,101 KILDAIRE RD,CHAPEL HILL,NC,27516,1618791780000,1618791300000,1618791780000,INFO MESSAGE,HIGHWAY/ROAD/ALLEY/STREET/SIDEWALK,<Null>,<Null>,<Null>,<Null>,<Null>,35.880326,-79.063995,82681,POINT (-79.063995 35.880326)
189818,CHPD,ABANDONED VEHICLE,VILLAGE DR,CHAPEL HILL,NC,27516,1620648180000,1620412980000,1620648000000,TRAFFIC VIOLATI,HIGHWAY/ROAD/ALLEY/STREET/SIDEWALK,<Null>,<Null>,<Null>,<Null>,<Null>,35.921848,-79.070007,82689,POINT (-79.070007 35.921848)
190062,CHPD,B&E    LARCENY F/VEHICLE,1748 FORDHAM BLVD,CHAPEL HILL,NC,27514,1621523160000,1621501200000,1621501800000,THEFT/LARCENY,PARKING/DROP LOT/GARAGE,<Null>,<Null>,37,W,M,35.940769,-79.019119,82690,POINT (-79.019119 35.940769)
189987,CHPD,LARCENY FROM MOTOR VEHICLE,5000 ENVIRON WAY,CHAPEL HILL,NC,27517,1621251120000,1620000000000,1620345600000,THEFT/LARCENY,PARKING/DROP LOT/GARAGE,<Null>,<Null>,32,W,M,35.906345,-79.020866,82734,POINT (-79.020866 35.906345)
189382,CHPD,ABANDONED VEHICLE,3 FRANCES ST,CHAPEL HILL,NC,27517,1619692020000,1619691900000,1619691960000,SUSPICIOUS/WANT,HIGHWAY/ROAD/ALLEY/STREET/SIDEWALK,<Null>,<Null>,<Null>,<Null>,<Null>,35.932213,-79.018282,82737,POINT (-79.018282 35.932213)
189522,CHPD,B&E VEHICLE (NO PROPERTY TAKEN,2504 FOXWOOD DR,CHAPEL HILL,NC,27514,1618075800000,1618075620000,1618075800000,THEFT/LARCENY,RESIDENCE/HOME,<Null>,<Null>,62,W,F,35.94961,-79.024079,82752,POINT (-79.024079 35.94961)
189247,CHPD,SUSPICIOUS VEHICLE,5623 FORDHAM BLVD,CHAPEL HILL,NC,27514,1619107140000,1619107140000,1619107140000,STATIONARY PATR,HOTEL/MOTEL/ETC.,N,<Null>,<Null>,<Null>,<Null>,35.94977,-79.001699,82755,POINT (-79.001699 35.94977)
189693,CHPD,VEHICLE LOCK OUT,1716 LEGION RD,CHAPEL HILL,NC,27517,1620242520000,1620242520000,1620242520000,PUBLIC SERVICE,PARKING/DROP LOT/GARAGE,Y,NONE,60,B,F,35.939358,-79.016075,82774,POINT (-79.016075 35.939358)
190038,CHPD,B&E    LARCENY F/VEHICLE,1081 NC 54,CHAPEL HILL,NC,27514,1621438380000,1621432800000,1621437600000,THEFT/LARCENY,PARKING/DROP LOT/GARAGE,Y,<Null>,59,W,F,35.89555,-79.063141,82793,POINT (-79.063141 35.89555)
190183,CHPD,SUSPICIOUS VEHICLE,1701 MARTIN LUTHER KING JR BLVD,CHAPEL HILL,NC,27516,1621933200000,1621932600000,1621932600000,SUSPICIOUS/WANT,FIELD/WOODS,N,<Null>,<Null>,<Null>,<Null>,35.962112,-79.058075,82811,POINT (-79.058075 35.962112)
189260,CHPD,B&E    LARCENY F/VEHICLE,413 SMITH AVE,CHAPEL HILL,NC,27516,1619167920000,1619114400000,1619167200000,THEFT/LARCENY,RESIDENCE/HOME,N,<Null>,50,W,F,35.898582,-79.059934,82813,POINT (-79.059934 35.898582)
189259,CHPD,B&E    LARCENY F/VEHICLE,1250 EPHESUS CHURCH RD,CHAPEL HILL,NC,27517,1619175600000,1619163000000,1619173440000,THEFT/LARCENY,CONSTRUCTION SITE,N,<Null>,24,W,M,35.933603,-79.021248,82839,POINT (-79.021248 35.933603)
190283,CHPD,B&E    LARCENY F/VEHICLE,425 HILLSBOROUGH ST,CHAPEL HILL,NC,27514,1622280900000,1622228400000,1622280900000,MISC OFFICER IN,PARKING/DROP LOT/GARAGE,Y,<Null>,21,U,M,35.920395,-79.052292,82846,POINT (-79.052292 35.920395)
190373,CHPD,B&E    LARCENY F/VEHICLE,980 MARTIN LUTHER KING JR BLVD,CHAPEL HILL,NC,27514,1622722500000,1622718000000,1622722200000,THEFT/LARCENY,PARKING/DROP LOT/GARAGE,N,BLUNT OBJECT,66,W,F,35.934032,-79.054382,82868,POINT (-79.054382 35.934032)
190402,CHPD,TOWED VEHICLE,201 NORTH GRAHAM STREET,CHAPEL HILL,NC,27516,1622812440000,1622812440000,1622812440000,TRAFFIC VIOLATI,<Null>,<Null>,<Null>,<Null>,<Null>,<Null>,35.911458,-79.065481,82874,POINT (-79.065481 35.911458)
189910,CHPD,CREDIT CARD/ATM FRAUD,116 W BARBEE CHAPEL RD,CHAPEL HILL,NC,27517,1620974520000,1620972420000,1620972780000,FRAUD OR DECEPT,GROCERY/SUPERMARKET,<Null>,<Null>,28,W,F,35.906544,-79.01091,82883,POINT (-79.01091 35.906544)
190232,CHPD,B&E    LARCENY F/VEHICLE,1100 NC 54 BYPASS,CHAPEL HILL,NC,27516,1622105280000,1622052000000,1622105100000,THEFT/LARCENY,RESIDENCE/HOME,N,NONE,39,W,F,35.899937,-79.066503,82893,POINT (-79.066503 35.899937)
189555,CHPD,TOWED VEHICLE,2 BRANDON RD,CHAPEL HILL,NC,27517,1618256460000,1618256460000,1618256460000,TRAFFIC VIOLATI,HIGHWAY/ROAD/ALLEY/STREET/SIDEWALK,<Null>,<Null>,<Null>,<Null>,<Null>,35.914986,-79.02359,82903,POINT (-79.02359 35.914986)
189264,CHPD,LOCKED VEHICLE,101 MANNING DR,CHAPEL HILL,NC,27514,1619177160000,1619176800000,1619177160000,PUBLIC SERVICE,PARKING/DROP LOT/GARAGE,N,<Null>,<Null>,<Null>,<Null>,35.904582,-79.051359,82905,POINT (-79.051359 35.904582)
189167,CHPD,UNOCCUPIED SUSPICIOUS VEHICLE,5623 FORDHAM BLVD,CHAPEL HILL,NC,27514,1618751340000,1618751340000,1618751340000,SUSPICIOUS/WANT,HOTEL/MOTEL/ETC.,N,<Null>,<Null>,<Null>,<Null>,35.94977,-79.001699,82915,POINT (-79.001699 35.94977)
189180,CHPD,B&E    LARCENY F/VEHICLE,108 EPHESUS CHURCH RD,CHAPEL HILL,NC,27517,1618828860000,1618761600000,1618820100000,THEFT/LARCENY,PARKING/DROP LOT/GARAGE,N,<Null>,32,B,F,35.935023,-79.02049,82919,POINT (-79.02049 35.935023)
189690,CHPD,LARCENY FROM MOTOR VEHICLE,104 MISTY WOODS CIR,CHAPEL HILL,NC,27514,1620231360000,1619802000000,1620216000000,PUBLIC SERVICE,PARKING/DROP LOT/GARAGE,<Null>,<Null>,27,W,F,35.92696,-79.05294,82931,POINT (-79.05294 35.92696)
190012,CHPD,B&E    LARCENY F/VEHICLE,116 NORTH ST,CHAPEL HILL,NC,27514,1621336320000,1621274400000,1621326600000,THEFT/LARCENY,PARKING/DROP LOT/GARAGE,N,<Null>,20,W,M,35.915539,-79.055611,82947,POINT (-79.055611 35.915539)
190036,CHPD,B&E    LARCENY F/VEHICLE,1000 DOGWOOD ACRES DR,CHAPEL HILL,NC,27516,1621437300000,1621435500000,1621437300000,THEFT/LARCENY,PARKING/DROP LOT/GARAGE,<Null>,<Null>,73,W,F,35.873997,-79.068901,82948,POINT (-79.068901 35.873997)
190396,CHPD,LARCENY- OF GOLF CART,103 LANCASTER DR,CHAPEL HILL,NC,27517,1622806680000,1622318400000,1622404800000,THEFT/LARCENY,OTHER/UNKNOWN,N,<Null>,<Null>,<Null>,<Null>,35.921272,-79.00853,82969,POINT (-79.00853 35.921272)
190498,CHPD,LARCENY FROM MOTOR VEHICLE,205 BURLAGE CIR,CHAPEL HILL,NC,27514,1623056580000,1622954640000,1622962800000,SUSPICIOUS/WANT,RESIDENCE/HOME,N,<Null>,57,W,M,35.930012,-79.038551,82981,POINT (-79.038551 35.930012)
191131,CHPD,ABANDONED VEHICLE,BOLINWOOD DR,CHAPEL HILL,NC,27514,1625300640000,1625242200000,1625242200000,MISC OFFICER IN,HIGHWAY/ROAD/ALLEY/STREET/SIDEWALK,<Null>,<Null>,<Null>,<Null>,<Null>,35.927477,-79.053815,83007,POINT (-79.053815 35.927477)
191459,CHPD,LARCENY FROM MOTOR VEHICLE,1081 NC 54,CHAPEL HILL,NC,27514,1626457860000,1626454800000,1626457860000,DAMAGE/VANDALIS,HIGHWAY/ROAD/ALLEY/STREET/SIDEWALK,Y,UNKNOWN,50,W,M,35.89555,-79.063141,83020,POINT (-79.063141 35.89555)
190861,CHPD,UNLOCK VEHICLE,116 MISTY WOODS CIR,CHAPEL HILL,NC,27514,1624391880000,1624391400000,1624391700000,PUBLIC SERVICE,<Null>,<Null>,<Null>,<Null>,<Null>,<Null>,35.939526,-79.054726,83021,POINT (-79.054726 35.939526)
191813,CHPD,B&E    LARCENY F/VEHICLE,201 S ESTES DR,CHAPEL HILL,NC,27514,1627644660000,1627030800000,1627639200000,DAMAGE/VANDALIS,PARKING/DROP LOT/GARAGE,<Null>,<Null>,<Null>,W,F,35.92696,-79.05294,83031,POINT (-79.05294 35.92696)
191855,CHPD,B&E    LARCENY F/VEHICLE,411 MCCAULEY ST,CHAPEL HILL,NC,27516,1627741080000,1627678800000,1627729200000,THEFT/LARCENY,RESIDENCE/HOME,N,NONE,<Null>,W,F,35.905804,-79.060608,83055,POINT (-79.060608 35.905804)
191114,CHPD,ABANDONED VEHICLE,11 DAVIE CIR,CHAPEL HILL,NC,27514,1625236380000,1624968000000,1625236320000,MISC OFFICER IN,HIGHWAY/ROAD/ALLEY/STREET/SIDEWALK,<Null>,NONE,<Null>,<Null>,<Null>,35.918606,-79.039635,83064,POINT (-79.039635 35.918606)
190646,CHPD,B&E    LARCENY F/VEHICLE,1706 E FRANKLIN ST,CHAPEL HILL,NC,27514,1623697680000,1623693600000,1623697680000,THEFT/LARCENY,PARKING/DROP LOT/GARAGE,Y,PERSONAL WEAPONS,39,B,F,35.935585,-79.026955,83123,POINT (-79.026955 35.935585)
191763,CHPD,B&E    LARCENY F/VEHICLE,304 COPPERLINE DR,CHAPEL HILL,NC,27516,1627461000000,1627415100000,1627450800000,THEFT/LARCENY,PARKING/DROP LOT/GARAGE,N,<Null>,23,W,M,35.8829,-79.064918,83150,POINT (-79.064918 35.8829)
190639,CHPD,B&E    LARCENY F/VEHICLE,1704 E FRANKLIN ST,CHAPEL HILL,NC,27514,1623697680000,1623693000000,1623696600000,THEFT/LARCENY,PARKING/DROP LOT/GARAGE,N,<Null>,30,W,F,35.935585,-79.026955,83200,POINT (-79.026955 35.935585)
190732,CHPD,SUSPICIOUS VEHICLE,166 E ROSEMARY ST,CHAPEL HILL,NC,27514,1624016520000,1623130800000,1623184200000,PUBLIC SERVICE,HIGHWAY/ROAD/ALLEY/STREET/SIDEWALK,<Null>,<Null>,24,W,M,35.915253,-79.053398,83213,POINT (-79.053398 35.915253)
190927,CHPD,FICT/ALT TITLE/REG CARD/TAG,5623 FORDHAM BLVD,CHAPEL HILL,NC,27514,1624609440000,1624609440000,1624609440000,STATIONARY PATR,PARKING/DROP LOT/GARAGE,N,<Null>,<Null>,<Null>,<Null>,35.949802,-79.001694,83235,POINT (-79.001694 35.949802)
191227,CHPD,B&E    LARCENY F/VEHICLE,200 OVERLAKE DR,CHAPEL HILL,NC,27516,1625653020000,1625612400000,1625644800000,THEFT/LARCENY,RESIDENCE/HOME,N,NONE,78,W,M,35.886612,-79.064972,83243,POINT (-79.064972 35.886612)
190748,CHPD,VEHICLE UNLOCK,618 WEAVER DAIRY RD,CHAPEL HILL,NC,27514,1624036500000,1624036200000,1624036200000,PUBLIC SERVICE,HIGHWAY/ROAD/ALLEY/STREET/SIDEWALK,<Null>,NONE,37,B,F,35.962139,-79.034378,83275,POINT (-79.034378 35.962139)
191500,CHPD,ASSIST CARRBORO PD,180 BPW CLUB RD,CARRBORO,NC,27510,1626613860000,1626577200000,1626591600000,MISSING/RUNAWAY,RESIDENCE/HOME,<Null>,<Null>,<Null>,W,F,35.894466,-79.086418,83284,POINT (-79.086418 35.894466)
190613,CHPD,B&E    LARCENY F/VEHICLE,1008 DAWES ST,CHAPEL HILL,NC,27516,1623576600000,1623484800000,1623576600000,THEFT/LARCENY,PARKING/DROP LOT/GARAGE,<Null>,<Null>,36,W,M,35.89645,-79.06147,83301,POINT (-79.06147 35.89645)
191226,CHPD,B&E    LARCENY F/VEHICLE,405 COOLIDGE ST,CHAPEL HILL,NC,27516,1625649420000,1625596200000,1625643300000,MISC OFFICER IN,RESIDENCE/HOME,N,NONE,35,W,F,35.92696,-79.05294,83302,POINT (-79.05294 35.92696)
191006,CHPD,ABANDONED VEHICLE,601 LONG LEAF DR,CHAPEL HILL,NC,27517,1624894800000,1614513600000,1614531600000,MISC OFFICER IN,HIGHWAY/ROAD/ALLEY/STREET/SIDEWALK,<Null>,<Null>,<Null>,<Null>,<Null>,35.931881,-79.012932,83306,POINT (-79.012932 35.931881)
190647,CHPD,B&E    LARCENY F/VEHICLE,1706 E FRANKLIN ST,CHAPEL HILL,NC,27514,1623697680000,1623693600000,1623697680000,THEFT/LARCENY,PARKING/DROP LOT/GARAGE,Y,PERSONAL WEAPONS,45,W,F,35.935585,-79.026955,83332,POINT (-79.026955 35.935585)
190880,CHPD,LARCENY FROM MOTOR VEHICLE,102 NEWELL ST,CHAPEL HILL,NC,27516,1624457400000,1624456800000,1624456860000,THEFT/LARCENY,HIGHWAY/ROAD/ALLEY/STREET/SIDEWALK,N,<Null>,<Null>,W,M,35.886284,-79.065903,83343,POINT (-79.065903 35.886284)
191124,CHPD,ASSIST CARRBORO PD,501 NC 54,CARRBORO,NC,27510,1625261220000,1625260800000,1625260860000,WEAPON/FIREARMS,PARKING/DROP LOT/GARAGE,<Null>,<Null>,<Null>,<Null>,<Null>,35.903065,-79.076454,83352,POINT (-79.076454 35.903065)
191645,CHPD,CARELESS AND RECKLESS DRIVING,1800 E FRANKLIN ST,CHAPEL HILL,NC,27514,1627080300000,1627079400000,1627080300000,DISTURBANCE/NUI,PARKING/DROP LOT/GARAGE,N,NONE,<Null>,<Null>,<Null>,35.935158,-79.024284,83385,POINT (-79.024284 35.935158)
190523,CHPD,CREDIT CARD THEFT,1810 FORDHAM BLVD,CHAPEL HILL,NC,27517,1623236580000,1623009960000,1623236580000,THEFT/LARCENY,GROCERY/SUPERMARKET,<Null>,<Null>,<Null>,B,F,35.944893,-79.009392,83387,POINT (-79.009392 35.944893)
190661,CHPD,VEHICLE UNLOCK,1213 MARTIN LUTHER KING JR BLVD,CHAPEL HILL,NC,27516,1623762840000,1623762840000,1623762840000,PUBLIC SERVICE,SERVICE/GAS STATION,N,NONE,23,W,F,35.947739,-79.059258,83400,POINT (-79.059258 35.947739)
190590,CHPD,DEBIT CARD FRAUD,1100 N HERITAGE CIR,CHAPEL HILL,NC,27516,1623436920000,1623243600000,1623243600000,FRAUD OR DECEPT,BANK/SAVINGS AND LOAN,N,NONE,22,U,F,35.948017,-79.061348,83412,POINT (-79.061348 35.948017)
190893,CHPD,B&E    LARCENY F/VEHICLE,1728 FORDHAM BLVD,CHAPEL HILL,NC,27517,1624522320000,1624484580000,1624521600000,THEFT/LARCENY,PARKING/DROP LOT/GARAGE,N,<Null>,62,B,M,35.937523,-79.020828,83418,POINT (-79.020828 35.937523)
191612,CHPD,SUSPICIOUS VEHICLE,N BOUNDARY ST @ E ROSEMARY ST,CHAPEL HILL,NC,27514,1627002120000,1627002120000,1627002120000,TRAFFIC STOP,HIGHWAY/ROAD/ALLEY/STREET/SIDEWALK,<Null>,<Null>,<Null>,<Null>,<Null>,35.91784,-79.04638,83437,POINT (-79.04638 35.91784)
190528,CHPD,B&E    LARCENY F/VEHICLE,502 LANDERWOOD LN,CHAPEL HILL,NC,27517,1623252000000,1622928600000,1622980800000,PUBLIC SERVICE,RESIDENCE/HOME,N,NONE,29,W,F,35.92696,-79.05294,83470,POINT (-79.05294 35.92696)
191010,CHPD,LARCENY FROM MOTOR VEHICLE,201 S ESTES DR,CHAPEL HILL,NC,27514,1624901280000,1624900800000,1624900980000,THEFT/LARCENY,SERVICE/GAS STATION,<Null>,<Null>,<Null>,<Null>,<Null>,35.92786,-79.029716,83511,POINT (-79.029716 35.92786)
190976,CHPD,B&E    LARCENY F/VEHICLE,1749 DOBBINS DR,CHAPEL HILL,NC,27514,1624826820000,1624753800000,1624754400000,THEFT/LARCENY,RESIDENCE/HOME,N,NONE,29,B,M,35.94524,-79.014717,83518,POINT (-79.014717 35.94524)
190602,CHPD,B&E    LARCENY F/VEHICLE,1510 E FRANKLIN ST,CHAPEL HILL,NC,27514,1623499740000,1623056400000,1623499200000,PUBLIC SERVICE,PARKING/DROP LOT/GARAGE,N,<Null>,21,B,F,35.930965,-79.03302,83526,POINT (-79.03302 35.930965)
191116,CHPD,ABANDONED VEHICLE,26 DAVIE CIR,CHAPEL HILL,NC,27514,1625236380000,1624968000000,1625236320000,MISC OFFICER IN,HIGHWAY/ROAD/ALLEY/STREET/SIDEWALK,<Null>,NONE,<Null>,<Null>,<Null>,35.918606,-79.039635,83537,POINT (-79.039635 35.918606)
191289,CHPD,VEHICLE LOCKOUT,128 E FRANKLIN ST,CHAPEL HILL,NC,27514,1625879820000,1625879700000,1625879820000,PUBLIC SERVICE,HIGHWAY/ROAD/ALLEY/STREET/SIDEWALK,Y,NONE,20,B,M,35.913361,-79.054657,83549,POINT (-79.054657 35.913361)
190898,CHPD,SUSPICIOUS VEHICLE,108 HOTELLING CT,CHAPEL HILL,NC,27514,1624536720000,1624444200000,1624536720000,SUSPICIOUS/WANT,RESIDENCE/HOME,N,<Null>,<Null>,<Null>,<Null>,35.922653,-79.03933,83551,POINT (-79.03933 35.922653)
191386,CHPD,B&E    LARCENY F/VEHICLE,201 S ESTES DR,CHAPEL HILL,NC,27514,1626266580000,1626193800000,1626251400000,THEFT/LARCENY,SPECIALTY/STORE,N,NONE,43,W,F,35.927418,-79.029747,83565,POINT (-79.029747 35.927418)
190912,CHPD,B&E    LARCENY F/VEHICLE,302 OLD FRANKLIN GROVE DR,CHAPEL HILL,NC,27514,1624555020000,1624478400000,1624521600000,THEFT/LARCENY,RESIDENCE/HOME,<Null>,<Null>,73,W,M,35.936954,-79.028656,83578,POINT (-79.028656 35.936954)
191108,CHPD,ABANDONED VEHICLE,1307 RALEIGH RD,CHAPEL HILL,NC,27517,1625190600000,1625190300000,1625190300000,TRAFFIC VIOLATI,<Null>,<Null>,<Null>,<Null>,<Null>,<Null>,35.907764,-79.02211,83603,POINT (-79.02211 35.907764)
190883,CHPD,B&E    LARCENY F/VEHICLE,1078 CANTERBURY LN,CHAPEL HILL,NC,27517,1624469700000,1623747600000,1624377600000,THEFT/LARCENY,HIGHWAY/ROAD/ALLEY/STREET/SIDEWALK,<Null>,<Null>,48,W,M,35.91436,-79.018845,83674,POINT (-79.018845 35.91436)
191225,CHPD,B&E    LARCENY F/VEHICLE,1433 LEGACY TER,CHAPEL HILL,NC,27516,1625644020000,1625608800000,1625640300000,THEFT/LARCENY,RESIDENCE/HOME,N,NONE,25,B,M,35.947044,-79.060478,83700,POINT (-79.060478 35.947044)
191564,CHPD,FRAUDULANT USE OF DEBIT CARD,500 FORMOSA LN,CHAPEL HILL,NC,27514,1626860040000,1626192000000,1626860040000,MISC OFFICER IN,RESIDENCE/HOME,<Null>,<Null>,<Null>,W,F,35.92696,-79.05294,83701,POINT (-79.05294 35.92696)
191117,CHPD,ABANDONED VEHICLE,53 DAVIE CIR,CHAPEL HILL,NC,27514,1625236380000,1624968000000,1625236320000,MISC OFFICER IN,HIGHWAY/ROAD/ALLEY/STREET/SIDEWALK,<Null>,NONE,<Null>,<Null>,<Null>,35.918606,-79.039635,83712,POINT (-79.039635 35.918606)
190638,CHPD,B&E    LARCENY F/VEHICLE,100 AQUATIC DR,CHAPEL HILL,NC,27516,1623695220000,1623693000000,1623694740000,THEFT/LARCENY,PARKING/DROP LOT/GARAGE,<Null>,<Null>,47,W,F,35.955921,-79.064903,83721,POINT (-79.064903 35.955921)
191138,CHPD,DOG LOCKED IN VEHICLE,310 W FRANKLIN ST,CHAPEL HILL,NC,27516,1625322780000,1625322780000,1625322780000,ANIMAL,<Null>,<Null>,<Null>,<Null>,<Null>,<Null>,35.911587,-79.060524,83722,POINT (-79.060524 35.911587)
191479,CHPD,B&E    LARCENY F/VEHICLE,205 RIVER BIRCH LN,CHAPEL HILL,NC,27514,1626522420000,1626454800000,1626521400000,THEFT/LARCENY,RESIDENCE/HOME,N,<Null>,<Null>,W,F,35.952007,-79.019066,83761,POINT (-79.019066 35.952007)
191094,CHPD,ABANDONED VEHICLE,14 DAVIE CIR,CHAPEL HILL,NC,27514,1625148360000,1625148360000,1625148360000,TRAFFIC VIOLATI,HIGHWAY/ROAD/ALLEY/STREET/SIDEWALK,N,<Null>,<Null>,<Null>,<Null>,35.917892,-79.037575,83782,POINT (-79.037575 35.917892)
191034,CHPD,CREDIT CARD FRAUD,116 W BARBEE CHAPEL RD,CHAPEL HILL,NC,27517,1624971540000,1624776000000,1624798740000,MISC OFFICER IN,GROCERY/SUPERMARKET,N,NONE,<Null>,A,M,35.92696,-79.05294,83807,POINT (-79.05294 35.92696)
191747,CHPD,SUSPICIOUS VEHICLE,98 ASHLEY FOREST RD,CHAPEL HILL,NC,27514,1627468980000,1627468980000,1627468980000,MISC OFFICER IN,HIGHWAY/ROAD/ALLEY/STREET/SIDEWALK,<Null>,<Null>,<Null>,<Null>,<Null>,35.944241,-79.057991,83810,POINT (-79.057991 35.944241)
191236,CHPD,B&E    LARCENY F/VEHICLE,209 EDGEWATER CIR,CHAPEL HILL,NC,27516,1625659080000,1625603400000,1625644800000,THEFT/LARCENY,RESIDENCE/HOME,N,NONE,52,W,M,35.887257,-79.063759,83849,POINT (-79.063759 35.887257)
190780,CHPD,TOWED VEHICLE DISPUTE,130 S ESTES DR,CHAPEL HILL,NC,27514,1624121880000,1624121700000,1624121880000,THEFT/LARCENY,PARKING/DROP LOT/GARAGE,<Null>,<Null>,43,W,M,35.925793,-79.029808,83872,POINT (-79.029808 35.925793)
191458,CHPD,LARCENY FROM MOTOR VEHICLE,1081 NC 54,CHAPEL HILL,NC,27514,1626462660000,1626452100000,1626457860000,DAMAGE/VANDALIS,PARKING/DROP LOT/GARAGE,Y,UNKNOWN,32,W,M,35.89555,-79.063141,83874,POINT (-79.063141 35.89555)
190811,CHPD,LARCENY FROM MOTOR VEHICLE,715 WILLIAMS CIR,CHAPEL HILL,NC,27516,1624236660000,1623285600000,1624236660000,THEFT/LARCENY,RESIDENCE/HOME,<Null>,<Null>,59,W,F,35.9272,-79.056274,83898,POINT (-79.056274 35.9272)
190958,CHPD,CARJACKING W/FORCE,711 EDWARDS ST,CHAPEL HILL,NC,27516,1624708320000,1624708020000,1624708320000,ROBBERY/CARJACK,HIGHWAY/ROAD/ALLEY/STREET/SIDEWALK,<Null>,HANDGUN,50,B,M,35.903229,-79.064995,83913,POINT (-79.064995 35.903229)
191160,CHPD,VEHICLE UNLOCK,1060 NC 54,CHAPEL HILL,NC,27516,1625410080000,1625409900000,1625409900000,PUBLIC SERVICE,PARKING/DROP LOT/GARAGE,N,NONE,35,B,M,35.898693,-79.064339,83922,POINT (-79.064339 35.898693)
190745,CHPD,B&E VEHICLE,116 W BARBEE CHAPEL RD,CHAPEL HILL,NC,27517,1624034040000,1623927600000,1624033800000,THEFT/LARCENY,HIGHWAY/ROAD/ALLEY/STREET/SIDEWALK,N,<Null>,45,W,F,35.906544,-79.01091,83932,POINT (-79.01091 35.906544)
191335,CHPD,USING FRAUDULENT ID CARD,828 MARTIN LUTHER KING JR BLVD,CHAPEL HILL,NC,27514,1626093600000,1625867100000,1625867100000,MISC OFFICER IN,HIGHWAY/ROAD/ALLEY/STREET/SIDEWALK,<Null>,<Null>,<Null>,<Null>,<Null>,35.926901,-79.052931,83935,POINT (-79.052931 35.926901)
191270,CHPD,VEHICLE UNLOCK,701 GREENWOOD RD,CHAPEL HILL,NC,27514,1625827860000,1625827740000,1625827800000,PUBLIC SERVICE,RESIDENCE/HOME,N,NONE,59,B,F,35.91951,-79.027901,83941,POINT (-79.027901 35.91951)
191321,CHPD,ABANDONED VEHICLE,298 OAKLAND LN,CHAPEL HILL,NC,27516,1626036060000,1626035700000,1626036060000,DAMAGE/VANDALIS,HIGHWAY/ROAD/ALLEY/STREET/SIDEWALK,<Null>,<Null>,<Null>,<Null>,<Null>,35.921082,-79.069229,83945,POINT (-79.069229 35.921082)
190884,CHPD,LARCENY FROM MOTOR VEHICLE,210 RIDGE TRL,CHAPEL HILL,NC,27516,1624474500000,1624420500000,1624474500000,THEFT/LARCENY,RESIDENCE/HOME,<Null>,<Null>,59,W,M,35.921429,-79.068451,83950,POINT (-79.068451 35.921429)
190558,CHPD,LARCENY FROM MOTOR VEHICLE,101 MELVILLE LOOP,CHAPEL HILL,NC,27514,1623339660000,1623247200000,1623338100000,THEFT/LARCENY,PARKING/DROP LOT/GARAGE,N,<Null>,<Null>,B,F,35.94846,-79.017334,83954,POINT (-79.017334 35.94846)
191366,CHPD,ABANDONED VEHICLE,VILLAGE DR,CHAPEL HILL,NC,27516,1626192240000,1626192240000,1626192240000,MISC OFFICER IN,HIGHWAY/ROAD/ALLEY/STREET/SIDEWALK,N,NONE,<Null>,<Null>,<Null>,35.921769,-79.070016,83957,POINT (-79.070016 35.921769)
191344,CHPD,B&E    LARCENY F/VEHICLE,2200 HOMESTEAD RD,CHAPEL HILL,NC,27516,1626117600000,1626116400000,1626117300000,THEFT/LARCENY,PARKING/DROP LOT/GARAGE,<Null>,<Null>,30,W,M,35.952335,-79.071503,83963,POINT (-79.071503 35.952335)
191862,CHPD,FOUND DEBIT CARD,104 NEW STATESIDE DR,CHAPEL HILL,NC,27516,1627764480000,1627761600000,1627761720000,ADMINISTRATIVE,OTHER/UNKNOWN,<Null>,<Null>,36,B,F,35.956287,-79.059784,83972,POINT (-79.059784 35.956287)
191649,CHPD,USING FRAUDULENT ID CARD,206 W FRANKLIN ST,CHAPEL HILL,NC,27516,1627089600000,1627089300000,1627089600000,DISTURBANCE/NUI,BAR/NIGHTCLUB,<Null>,<Null>,<Null>,<Null>,<Null>,35.912415,-79.058884,83975,POINT (-79.058884 35.912415)
191107,CHPD,ABANDONED VEHICLE,FORDHAM BLVD @ RALEIGH RD,CHAPEL HILL,NC,27514,1625191500000,1625191200000,1625191200000,TRAFFIC VIOLATI,<Null>,<Null>,<Null>,<Null>,<Null>,<Null>,35.90868,-79.02713,83979,POINT (-79.02713 35.90868)
191073,CHPD,ABANDONED VEHICLE,EASTOWNE DR @ FORDHAM BLVD,CHAPEL HILL,NC,27514,1625091840000,1625091840000,1625091840000,TRAFFIC VIOLATI,HIGHWAY/ROAD/ALLEY/STREET/SIDEWALK,<Null>,<Null>,<Null>,<Null>,<Null>,35.949299,-79.002647,83981,POINT (-79.002647 35.949299)
191404,CHPD,LARCENY FROM MOTOR VEHICLE,500 UMSTEAD DR,CHAPEL HILL,NC,27516,1626312600000,1626312060000,1626312060000,THEFT/LARCENY,PARKING/DROP LOT/GARAGE,N,NONE,24,B,M,35.924637,-79.065885,83986,POINT (-79.065885 35.924637)
190816,CHPD,SUSPICIOUS VEHICLE,100 EASTOWNE DR,CHAPEL HILL,NC,27514,1624268640000,1624020300000,1624268640000,MISC OFFICER IN,HIGHWAY/ROAD/ALLEY/STREET/SIDEWALK,N,<Null>,<Null>,<Null>,<Null>,35.92696,-79.05294,83987,POINT (-79.05294 35.92696)
193051,CHPD,TOWED VEHICLE,152 WEAVER DAIRY RD,CHAPEL HILL,NC,27514,1631156820000,1631153400000,1631154000000,TRAFFIC VIOLATI,HIGHWAY/ROAD/ALLEY/STREET/SIDEWALK,<Null>,<Null>,<Null>,<Null>,<Null>,35.953072,-79.019112,84021,POINT (-79.019112 35.953072)
191992,CHPD,TOWED VEHICLE,100 NEW STATESIDE,CHAPEL HILL,NC,27516,1628170320000,1628166720000,1628170320000,MISC OFFICER IN,HIGHWAY/ROAD/ALLEY/STREET/SIDEWALK,N,NONE,<Null>,<Null>,<Null>,35.956641,-79.060441,84022,POINT (-79.060441 35.956641)
192620,CHPD,B&E    LARCENY F/VEHICLE,103 CALDWELL ST,CHAPEL HILL,NC,27516,1629967560000,1629892800000,1629956700000,MISC OFFICER IN,RESIDENCE/HOME,<Null>,<Null>,20,W,F,35.92696,-79.05294,84035,POINT (-79.05294 35.92696)
193031,CHPD,ABANDONED VEHICLE,101 WEAVER DAIRY RD EXT,CHAPEL HILL,NC,27514,1631109660000,1631044800000,1631109600000,TRAFFIC VIOLATI,HIGHWAY/ROAD/ALLEY/STREET/SIDEWALK,<Null>,<Null>,27,B,F,35.951674,-79.067195,84036,POINT (-79.067195 35.951674)
193043,CHPD,VEHICLE LOCK OUT,1490 FORDHAM BLVD,CHAPEL HILL,NC,27517,1631134200000,1631133900000,1631134200000,PUBLIC SERVICE,PARKING/DROP LOT/GARAGE,<Null>,NONE,<Null>,<Null>,<Null>,35.93618,-79.024063,84037,POINT (-79.024063 35.93618)
192140,CHPD,SUSPICIOUS VEHICLE,105 JACKIE ROBINSON ST,CHAPEL HILL,NC,27517,1628677380000,1628524800000,1628676000000,SUSPICIOUS/WANT,<Null>,<Null>,<Null>,<Null>,<Null>,<Null>,35.939915,-79.013947,84041,POINT (-79.013947 35.939915)
192861,CHPD,HIT AND RUN SINGLE VEHICLE,XX,CHAPEL HILL,NC,27514,1630573260000,1630541820000,1630571400000,MISC OFFICER IN,<Null>,<Null>,<Null>,<Null>,<Null>,<Null>,35.92696,-79.05294,84049,POINT (-79.05294 35.92696)
192509,CHPD,B&E    LARCENY F/VEHICLE,212 ABBOT PL,CHAPEL HILL,NC,27516,1629709740000,1629688140000,1629708600000,THEFT/LARCENY,RESIDENCE/HOME,<Null>,UNKNOWN,21,W,F,35.952999,-79.0737,84051,POINT (-79.0737 35.952999)
192494,CHPD,LARCENY FROM MOTOR VEHICLE,605 MARTIN LUTHER KING JR BLVD,CHAPEL HILL,NC,27516,1629676500000,1629664200000,1629673200000,THEFT/LARCENY,RESIDENCE/HOME,N,<Null>,19,W,M,35.918724,-79.057259,84067,POINT (-79.057259 35.918724)
192502,CHPD,LARCENY FROM MOTOR VEHICLE,332 ABBOT PL,CHAPEL HILL,NC,27516,1629702300000,1629688800000,1629702000000,THEFT/LARCENY,RESIDENCE/HOME,N,NONE,34,A,M,35.953201,-79.077042,84075,POINT (-79.077042 35.953201)
192393,CHPD,SUSPICIOUS VEHICLE,1500 FORDHAM BLVD,CHAPEL HILL,NC,27517,1629382320000,1629298800000,1629382320000,TRAFFIC VIOLATI,HIGHWAY/ROAD/ALLEY/STREET/SIDEWALK,<Null>,<Null>,<Null>,<Null>,<Null>,35.937141,-79.023956,84083,POINT (-79.023956 35.937141)
192085,CHPD,B&E    LARCENY F/VEHICLE,109 TIMBER HOLLOW CT,CHAPEL HILL,NC,27514,1628504280000,1628362800000,1628504100000,THEFT/LARCENY,PARKING/DROP LOT/GARAGE,<Null>,<Null>,27,W,M,35.940903,-79.054733,84091,POINT (-79.054733 35.940903)
192857,CHPD,B&E    LARCENY F/VEHICLE,100 AQUATIC DR,CHAPEL HILL,NC,27516,1630577400000,1630522800000,1630525500000,THEFT/LARCENY,PARK/PLAYGROUND,<Null>,NONE,36,W,F,35.955921,-79.064903,84100,POINT (-79.064903 35.955921)
192846,CHPD,LARCENY FROM MOTOR VEHICLE,100 AQUATIC DR,CHAPEL HILL,NC,27516,1630523640000,1630522800000,1630523640000,THEFT/LARCENY,HIGHWAY/ROAD/ALLEY/STREET/SIDEWALK,<Null>,<Null>,42,W,F,35.955921,-79.064903,84141,POINT (-79.064903 35.955921)
192568,CHPD,SUSPICIOUS VEHICLE,1716 ALLARD RD,CHAPEL HILL,NC,27514,1629824280000,1629821700000,1629821700000,SUSPICIOUS/WANT,HIGHWAY/ROAD/ALLEY/STREET/SIDEWALK,N,<Null>,<Null>,<Null>,<Null>,35.939529,-79.035645,84145,POINT (-79.035645 35.939529)
192382,CHPD,B&E    LARCENY F/VEHICLE,119 E LONGVIEW ST,CHAPEL HILL,NC,27516,1629367320000,1629324000000,1629358200000,THEFT/LARCENY,RESIDENCE/HOME,N,<Null>,<Null>,W,M,35.920513,-79.058357,84154,POINT (-79.058357 35.920513)
192331,CHPD,VEHICLE UNLOCK,534 CASWELL RD,CHAPEL HILL,NC,27514,1629201840000,1629201600000,1629201600000,PUBLIC SERVICE,PARKING/DROP LOT/GARAGE,N,<Null>,62,W,F,35.932587,-79.046112,84156,POINT (-79.046112 35.932587)
192216,CHPD,CREDIT CARD FRAUD,707 N COLUMBIA ST,CHAPEL HILL,NC,27516,1628872440000,1628869440000,1628869500000,MISC OFFICER IN,SPECIALTY/STORE,<Null>,<Null>,20,A,F,35.92696,-79.05294,84157,POINT (-79.05294 35.92696)
193182,CHPD,ABANDONED VEHICLE,600 COPPERLINE DR,CHAPEL HILL,NC,27516,1631544600000,1631544600000,1631544600000,TRAFFIC VIOLATI,<Null>,<Null>,<Null>,<Null>,<Null>,<Null>,35.881714,-79.067932,84159,POINT (-79.067932 35.881714)
192013,CHPD,IMPROPERLY PARKED VEHICLE,200 COLUMBIA PL W,CHAPEL HILL,NC,27516,1628232600000,1628232300000,1628232360000,MISC OFFICER IN,HIGHWAY/ROAD/ALLEY/STREET/SIDEWALK,N,NONE,<Null>,<Null>,<Null>,35.922363,-79.057625,84171,POINT (-79.057625 35.922363)
192532,CHPD,B&E    LARCENY F/VEHICLE,202 PORTSMITH PL,CHAPEL HILL,NC,27516,1629736740000,1629651600000,1629701400000,MISC OFFICER IN,RESIDENCE/HOME,<Null>,<Null>,44,W,F,35.92696,-79.05294,84203,POINT (-79.05294 35.92696)
193097,CHPD,ABANDONED VEHICLE,BARBEE CHAPEL RD @ NC HWY 54 HWY E,CHAPEL HILL,NC,27517,1631307900000,1631307900000,1631307900000,TRAFFIC VIOLATI,HIGHWAY/ROAD/ALLEY/STREET/SIDEWALK,<Null>,NONE,<Null>,<Null>,<Null>,35.90164,-79.00738,84226,POINT (-79.00738 35.90164)
192082,CHPD,LARCENY- FROM CARPORT,500 OLD DURHAM RD,CHAPEL HILL,NC,27517,1628500500000,1628364960000,1628414100000,PUBLIC SERVICE,RESIDENCE/HOME,<Null>,<Null>,56,W,M,35.92696,-79.05294,84242,POINT (-79.05294 35.92696)
192447,CHPD,B&E    LARCENY F/VEHICLE,499 EASTOWNE DR,CHAPEL HILL,NC,27514,1629552780000,1629552000000,1629552060000,THEFT/LARCENY,HIGHWAY/ROAD/ALLEY/STREET/SIDEWALK,N,NONE,<Null>,<Null>,<Null>,35.950325,-79.007721,84250,POINT (-79.007721 35.950325)
192601,CHPD,B&E    LARCENY F/VEHICLE,1105 NC 54,CHAPEL HILL,NC,27514,1629900840000,1629835200000,1629886800000,MISC OFFICER IN,PARKING/DROP LOT/GARAGE,<Null>,<Null>,46,W,F,35.898037,-79.067749,84255,POINT (-79.067749 35.898037)
192993,CHPD,B&E    LARCENY F/VEHICLE,701 N COLUMBIA ST,CHAPEL HILL,NC,27516,1631009520000,1630112400000,1630751400000,MISC OFFICER IN,PARKING/DROP LOT/GARAGE,<Null>,NONE,21,W,F,35.920479,-79.060051,84280,POINT (-79.060051 35.920479)
192621,CHPD,B&E    LARCENY F/VEHICLE,208 CHURCH ST,CHAPEL HILL,NC,27516,1629971040000,1629918900000,1629970200000,THEFT/LARCENY,RESIDENCE/HOME,<Null>,<Null>,21,W,F,35.913795,-79.058846,84282,POINT (-79.058846 35.913795)
191873,CHPD,LARCENY FROM MOTOR VEHICLE,210 S ESTES DR,CHAPEL HILL,NC,27514,1627809660000,1627809300000,1627809300000,THEFT/LARCENY,PARKING/DROP LOT/GARAGE,N,NONE,54,W,M,35.927418,-79.029747,84284,POINT (-79.029747 35.927418)
192084,CHPD,B&E    LARCENY F/VEHICLE,109 TIMBER HOLLOW CT,CHAPEL HILL,NC,27514,1628502540000,1628470800000,1628502300000,THEFT/LARCENY,PARKING/DROP LOT/GARAGE,<Null>,<Null>,21,B,F,35.940903,-79.054733,84330,POINT (-79.054733 35.940903)
192636,CHPD,CREDIT CARD FRAUD,201 S ESTES DR,CHAPEL HILL,NC,27514,1630008360000,1630001220000,1630008360000,FRAUD OR DECEPT,SHOPPING MALL,<Null>,NONE,54,W,M,35.927822,-79.027039,84333,POINT (-79.027039 35.927822)
192977,CHPD,B&E    LARCENY F/VEHICLE,1081 NC 54,CHAPEL HILL,NC,27514,1630956120000,1630951200000,1630956000000,THEFT/LARCENY,PARKING/DROP LOT/GARAGE,Y,<Null>,<Null>,W,F,35.89555,-79.063141,84336,POINT (-79.063141 35.89555)
192775,CHPD,B&E    LARCENY F/VEHICLE,102 SAVANNAH TER,CHAPEL HILL,NC,27516,1630084800000,1629689400000,1629694800000,THEFT/LARCENY,RESIDENCE/HOME,<Null>,<Null>,55,<Null>,M,35.948808,-79.074481,84344,POINT (-79.074481 35.948808)
192074,CHPD,CARDIAC ARREST,100 MARRIOTT WAY,CHAPEL HILL,NC,27517,1628451240000,1628362800000,1628439300000,CARDIAC ARREST,HOTEL/MOTEL/ETC.,<Null>,<Null>,<Null>,W,M,35.90173,-79.010147,84347,POINT (-79.010147 35.90173)
192353,CHPD,CARDIAC ARREST,331 S ESTES DR EXT,CHAPEL HILL,NC,27514,1629267780000,1629265800000,1629267780000,CARDIAC ARREST,RESIDENCE/HOME,<Null>,NONE,<Null>,B,F,35.924355,-79.023239,84350,POINT (-79.023239 35.924355)
192500,CHPD,LARCENY FROM MOTOR VEHICLE,208 CHESAPEAKE WAY,CHAPEL HILL,NC,27516,1629704520000,1629653400000,1629702000000,THEFT/LARCENY,RESIDENCE/HOME,<Null>,<Null>,37,W,M,35.949562,-79.074577,84360,POINT (-79.074577 35.949562)
192112,CHPD,SUSPICIOUS VEHICLE,1509 E FRANKLIN ST,CHAPEL HILL,NC,27514,1628566440000,1628566440000,1628566440000,MISC OFFICER IN,SERVICE/GAS STATION,<Null>,NONE,<Null>,<Null>,<Null>,35.931278,-79.033661,84367,POINT (-79.033661 35.931278)
192047,CHPD,LARCENY FROM MOTOR VEHICLE,111 CAMERON CT,CHAPEL HILL,NC,27516,1628371980000,1628369100000,1628369700000,THEFT/LARCENY,RESIDENCE/HOME,N,NONE,42,W,F,35.909798,-79.060654,84388,POINT (-79.060654 35.909798)
192384,CHPD,B&E    LARCENY F/VEHICLE,1100 NC 54,CHAPEL HILL,NC,27516,1629368820000,1629327600000,1629367200000,THEFT/LARCENY,PARKING/DROP LOT/GARAGE,N,<Null>,23,W,M,35.900444,-79.066925,84425,POINT (-79.066925 35.900444)
192485,CHPD,UNLOCK VEHICLE,100 LOUIS ARMSTRONG CT,CHAPEL HILL,NC,27514,1629654540000,1629653940000,1629654540000,PUBLIC SERVICE,RESIDENCE/HOME,<Null>,<Null>,<Null>,<Null>,<Null>,35.947227,-79.047112,84429,POINT (-79.047112 35.947227)
192151,CHPD,B&E    LARCENY F/VEHICLE,110 S ESTES DR,CHAPEL HILL,NC,27514,1628699820000,1628696700000,1628699400000,THEFT/LARCENY,PARKING/DROP LOT/GARAGE,Y,<Null>,52,W,F,35.927766,-79.032882,84443,POINT (-79.032882 35.927766)
193197,CHPD,ASSIST CARRBORO,121 WESTVIEW DR,CARRBORO,NC,27510,1631575860000,1631575860000,1631575860000,STRUCTURE FIRE,RESIDENCE/HOME,N,NONE,<Null>,<Null>,<Null>,35.914257,-79.089172,84447,POINT (-79.089172 35.914257)
192159,CHPD,LARCENY FROM MOTOR VEHICLE,1000 DOGWOOD ACRES DR,CHAPEL HILL,NC,27516,1628715960000,1628709300000,1628713800000,THEFT/LARCENY,PARKING/DROP LOT/GARAGE,Y,NONE,30,W,M,35.872425,-79.069191,84472,POINT (-79.069191 35.872425)
192263,CHPD,FOUND DEBIT CARD,828 MARTIN LUTHER KING JR BLVD,CHAPEL HILL,NC,27514,1629018960000,1629018960000,1629018960000,PUBLIC SERVICE,HIGHWAY/ROAD/ALLEY/STREET/SIDEWALK,N,NONE,<Null>,<Null>,<Null>,35.92696,-79.05294,84490,POINT (-79.05294 35.92696)
192075,CHPD,B&E    LARCENY F/VEHICLE,213 PINEGATE CIR,CHAPEL HILL,NC,27514,1628479140000,1628479140000,1628479140000,SUSPICIOUS/WANT,PARKING/DROP LOT/GARAGE,<Null>,<Null>,26,B,F,35.949593,-79.009438,84493,POINT (-79.009438 35.949593)
193239,CHPD,B&E    LARCENY F/VEHICLE,121 NORTH ST,CHAPEL HILL,NC,27514,1631721000000,1631653200000,1631682000000,THEFT/LARCENY,RESIDENCE/HOME,<Null>,NONE,21,W,F,35.916035,-79.055481,84497,POINT (-79.055481 35.916035)
192859,CHPD,B&E    LARCENY F/VEHICLE,202 PINEGATE CIR,CHAPEL HILL,NC,27514,1630576620000,1630464180000,1630571400000,THEFT/LARCENY,PARKING/DROP LOT/GARAGE,N,<Null>,40,W,M,35.947918,-79.010086,84540,POINT (-79.010086 35.947918)
192847,CHPD,LARCENY FROM MOTOR VEHICLE,100 AQUATIC DR,CHAPEL HILL,NC,27516,1630525020000,1630522800000,1630525020000,THEFT/LARCENY,HIGHWAY/ROAD/ALLEY/STREET/SIDEWALK,<Null>,<Null>,44,W,F,35.955921,-79.064903,84541,POINT (-79.064903 35.955921)
192825,CHPD,VEHICLE LOCKOUT,14 SHEPHERD LN,CHAPEL HILL,NC,27514,1630490520000,1630490400000,1630490520000,PUBLIC SERVICE,RESIDENCE/HOME,N,<Null>,37,B,M,35.925648,-79.030907,84546,POINT (-79.030907 35.925648)
191876,CHPD,LARCENY FROM MOTOR VEHICLE,1712 WILLOW DR,CHAPEL HILL,NC,27514,1627828440000,1627808400000,1627808400000,THEFT/LARCENY,CHURCH/SYNAGOGUE/TEMPLE/MOSQUE,N,NONE,82,W,F,35.929137,-79.025169,84551,POINT (-79.025169 35.929137)
192446,CHPD,B&E    LARCENY F/VEHICLE,1100 NC 54,CHAPEL HILL,NC,27516,1629549120000,1629482400000,1629547200000,THEFT/LARCENY,PARKING/DROP LOT/GARAGE,<Null>,<Null>,35,U,M,35.899475,-79.066147,84558,POINT (-79.066147 35.899475)
191998,CHPD,B&E   LARCENY F/VEHICLE,303 HICKORY DR,CHAPEL HILL,NC,27517,1628189100000,1628187600000,1628187900000,THEFT/LARCENY,HIGHWAY/ROAD/ALLEY/STREET/SIDEWALK,N,NONE,56,W,M,35.929913,-79.023651,84573,POINT (-79.023651 35.929913)
192093,CHPD,B&E    LARCENY F/VEHICLE,700 BOLINWOOD DR,CHAPEL HILL,NC,27514,1628517960000,1628478000000,1628510400000,MISC OFFICER IN,RESIDENCE/HOME,N,NONE,<Null>,B,M,35.924622,-79.049416,84581,POINT (-79.049416 35.924622)
193019,CHPD,ABANDONED VEHICLE,FORDHAM BLVD @ CARMICHAEL ST,CHAPEL HILL,NC,27514,1631063940000,1631063940000,1631063940000,TRAFFIC VIOLATI,OTHER/UNKNOWN,<Null>,NONE,<Null>,<Null>,<Null>,35.901649,-79.033043,84592,POINT (-79.033043 35.901649)
192094,CHPD,VANDALISM TO VEHICLE,1100 NC 54,CHAPEL HILL,NC,27516,1628518080000,1628449200000,1628517600000,DAMAGE/VANDALIS,PARKING/DROP LOT/GARAGE,<Null>,<Null>,43,W,M,35.900654,-79.065865,84603,POINT (-79.065865 35.900654)
192215,CHPD,LARCENY FROM MOTOR VEHICLE,703 N COLUMBIA ST,CHAPEL HILL,NC,27516,1628872560000,1628872560000,1628872560000,THEFT/LARCENY,RESIDENCE/HOME,N,NONE,20,W,M,35.920547,-79.059837,84621,POINT (-79.059837 35.920547)
192421,CHPD,CREDIT CARD THEFT,1710 E FRANKLIN ST,CHAPEL HILL,NC,27514,1629478560000,1629115200000,1629385200000,MISC OFFICER IN,SPECIALTY/STORE,<Null>,<Null>,20,W,F,35.92696,-79.05294,84625,POINT (-79.05294 35.92696)
192501,CHPD,B&E    LARCENY F/VEHICLE,105 MADDRY CT,CHAPEL HILL,NC,27516,1629705540000,1629651600000,1629703800000,THEFT/LARCENY,RESIDENCE/HOME,N,<Null>,44,W,M,35.960102,-79.065742,84631,POINT (-79.065742 35.960102)
191894,CHPD,LARCENY FROM MOTOR VEHICLE,101 ERWIN RD,CHAPEL HILL,NC,27514,1627908480000,1627722000000,1627812000000,THEFT/LARCENY,PARKING/DROP LOT/GARAGE,N,NONE,66,W,M,35.943413,-79.019615,84634,POINT (-79.019615 35.943413)
192428,CHPD,SUSPICIOUS VEHICLE,1721 LEGION RD,CHAPEL HILL,NC,27517,1629522540000,1629507600000,1629509640000,SUSPICIOUS/WANT,OTHER/UNKNOWN,<Null>,<Null>,<Null>,<Null>,<Null>,35.94278,-79.013771,84640,POINT (-79.013771 35.94278)
192334,CHPD,SUSPICIOUS VEHICLE,301 SIMERVILLE ROAD,CHAPEL HILL,NC,27517,1629206040000,1629205200000,1629205860000,MISC OFFICER IN,HIGHWAY/ROAD/ALLEY/STREET/SIDEWALK,<Null>,<Null>,<Null>,<Null>,<Null>,35.912392,-79.01091,84644,POINT (-79.01091 35.912392)
192495,CHPD,B&E    LARCENY F/VEHICLE,909 N COLUMBIA ST,CHAPEL HILL,NC,27516,1629675900000,1629648000000,1629675900000,THEFT/LARCENY,PARKING/DROP LOT/GARAGE,N,UNKNOWN,21,U,F,35.921337,-79.056999,84656,POINT (-79.056999 35.921337)
192923,CHPD,B&E    LARCENY F/VEHICLE,716 N COLUMBIA ST,CHAPEL HILL,NC,27516,1630763160000,1630690200000,1630756800000,THEFT/LARCENY,PARKING/DROP LOT/GARAGE,<Null>,<Null>,21,W,M,35.920521,-79.059181,84672,POINT (-79.059181 35.920521)
192507,CHPD,B&E    LARCENY F/VEHICLE,501 PALAFOX DR,CHAPEL HILL,NC,27516,1629707580000,1629662400000,1629703800000,THEFT/LARCENY,RESIDENCE/HOME,N,<Null>,35,W,M,35.959736,-79.063866,84673,POINT (-79.063866 35.959736)
193143,CHPD,UNLOCKING VEHICLE,201 S ESTES DR,CHAPEL HILL,NC,27514,1631409660000,1631409420000,1631409660000,PUBLIC SERVICE,PARKING/DROP LOT/GARAGE,<Null>,NONE,21,B,M,35.927822,-79.027039,84676,POINT (-79.027039 35.927822)
192398,CHPD,CARDIAC ARREST,121 FORSYTH DR,CHAPEL HILL,NC,27517,1629390360000,1629388920000,1629390360000,CARDIAC RESP AR,RESIDENCE/HOME,N,<Null>,<Null>,B,M,35.940189,-79.012634,84694,POINT (-79.012634 35.940189)
191941,CHPD,B&E    LARCENY F/VEHICLE,5639 OLD CHAPEL HILL RD,DURHAM,NC,27707,1628075340000,1628022600000,1628074800000,THEFT/LARCENY,PARKING/DROP LOT/GARAGE,N,<Null>,<Null>,B,F,35.942867,-79.002319,84702,POINT (-79.002319 35.942867)
192555,CHPD,LARCENY FROM MOTOR VEHICLE,723 WILLIAMS CIR,CHAPEL HILL,NC,27516,1629804960000,1629669600000,1629799200000,THEFT/LARCENY,RESIDENCE/HOME,<Null>,<Null>,62,W,F,35.927811,-79.056671,84713,POINT (-79.056671 35.927811)
192235,CHPD,B&E    LARCENY F/VEHICLE,211 MELVILLE LOOP,CHAPEL HILL,NC,27514,1628940360000,1628526360000,1628940360000,THEFT/LARCENY,RESIDENCE/HOME,N,NONE,23,A,F,35.94706,-79.017044,84732,POINT (-79.017044 35.94706)
192387,CHPD,LARCENY FROM MOTOR VEHICLE,410 HIGHVIEW DR,CHAPEL HILL,NC,27517,1629370860000,1629370200000,1629370800000,THEFT/LARCENY,RESIDENCE/HOME,N,<Null>,<Null>,<Null>,<Null>,35.93483,-79.003975,84740,POINT (-79.003975 35.93483)
192888,CHPD,B&E    LARCENY F/VEHICLE,303 PINEGATE CIR,CHAPEL HILL,NC,27514,1630661700000,1630612800000,1630659600000,THEFT/LARCENY,HIGHWAY/ROAD/ALLEY/STREET/SIDEWALK,<Null>,NONE,21,W,M,35.95018,-79.008049,84750,POINT (-79.008049 35.95018)
192115,CHPD,B&E    LARCENY F/VEHICLE,300 MCGREGOR DR,CHAPEL HILL,NC,27514,1628581500000,1628536500000,1628580600000,THEFT/LARCENY,RESIDENCE/HOME,<Null>,<Null>,56,B,F,35.945625,-79.018349,84761,POINT (-79.018349 35.945625)
193181,CHPD,LARCENY FROM MOTOR VEHICLE,202 FINLEY FOREST DR,CHAPEL HILL,NC,27517,1631545320000,1628586000000,1628614800000,MISC OFFICER IN,PARKING/DROP LOT/GARAGE,<Null>,<Null>,32,W,M,35.92696,-79.05294,84775,POINT (-79.05294 35.92696)
193157,CHPD,CREDIT CARD/ATM FRAUD,2525 BOOKER CREEK RD,CHAPEL HILL,NC,27514,1631451540000,1630324800000,1631361600000,FRAUD OR DECEPT,RESIDENCE/HOME,<Null>,<Null>,39,B,F,35.945774,-79.025085,84790,POINT (-79.025085 35.945774)
192493,CHPD,B&E    LARCENY F/VEHICLE,694 MARTIN LUTHER KING JR,CHAPEL HILL,NC,27514,1629672360000,1629672360000,1629672360000,SUSPICIOUS/WANT,RESIDENCE/HOME,<Null>,<Null>,22,W,M,35.920597,-79.055733,84797,POINT (-79.055733 35.920597)
193029,CHPD,LARCENY FROM MOTOR VEHICLE,710 N COLUMBIA ST,CHAPEL HILL,NC,27516,1631107560000,1631037600000,1631097900000,MISC OFFICER IN,PARKING/DROP LOT/GARAGE,<Null>,<Null>,20,W,M,35.92696,-79.05294,84805,POINT (-79.05294 35.92696)
192752,CHPD,LOST DEBT CARD,450 S ELLIOTT RD,CHAPEL HILL,NC,27514,1630275420000,1630274400000,1630275000000,DOMESTIC DISTUR,RESTAURANT,<Null>,<Null>,64,W,F,35.932137,-79.025352,84810,POINT (-79.025352 35.932137)
192410,CHPD,CREDIT CARD/ATM FRAUD,1720 FORDHAM BLVD,CHAPEL HILL,NC,27514,1629456540000,1629198000000,1629205200000,THEFT/LARCENY,GROCERY/SUPERMARKET,<Null>,<Null>,49,W,M,35.936943,-79.022102,84811,POINT (-79.022102 35.936943)
192670,CHPD,VEHICLE LOCKOUT,210 S ESTES DR,CHAPEL HILL,NC,27514,1630087680000,1630086300000,1630086360000,PUBLIC SERVICE,GROCERY/SUPERMARKET,N,<Null>,<Null>,<Null>,<Null>,35.927418,-79.029747,84814,POINT (-79.029747 35.927418)
192233,CHPD,ABANDONED VEHICLE,9801 SEAWELL SCHOOL RD,CHAPEL HILL,NC,27516,1628930100000,1628888400000,1628930100000,TRAFFIC VIOLATI,HIGHWAY/ROAD/ALLEY/STREET/SIDEWALK,<Null>,<Null>,<Null>,<Null>,<Null>,35.930828,-79.072128,84815,POINT (-79.072128 35.930828)
192091,CHPD,USING FRAUDULENT ID CARD,1724 FORDHAM BLVD,CHAPEL HILL,NC,27514,1628517900000,1628354400000,1628354400000,FRAUD OR DECEPT,LIQUOR STORE,<Null>,<Null>,<Null>,<Null>,<Null>,35.926901,-79.052931,84842,POINT (-79.052931 35.926901)
192765,CHPD,B&E    LARCENY F/VEHICLE,109 CREEL ST,CHAPEL HILL,NC,27516,1630320120000,1630260000000,1630314000000,FRAUD OR DECEPT,RESIDENCE/HOME,<Null>,NONE,22,W,M,35.92696,-79.05294,84862,POINT (-79.05294 35.92696)
191954,CHPD,SUSPICIOUS VEHICLE,1000 RALEIGH RD,CHAPEL HILL,NC,27514,1628087700000,1628031600000,1628033400000,MISC OFFICER IN,HIGHWAY/ROAD/ALLEY/STREET/SIDEWALK,N,<Null>,23,W,F,35.90841,-79.02615,84873,POINT (-79.02615 35.90841)
192523,CHPD,B&E    LARCENY F/VEHICLE,328 ABBOT PL,CHAPEL HILL,NC,27516,1629719880000,1629662400000,1629719820000,THEFT/LARCENY,PARKING/DROP LOT/GARAGE,<Null>,NONE,<Null>,A,M,35.953186,-79.076866,84884,POINT (-79.076866 35.953186)
191901,CHPD,LARCENY FROM MOTOR VEHICLE,1800 E FRANKLIN ST,CHAPEL HILL,NC,27514,1627919520000,1627795800000,1627815600000,THEFT/LARCENY,SPECIALTY/STORE,N,NONE,23,W,M,35.92696,-79.05294,84887,POINT (-79.05294 35.92696)
192651,CHPD,LARCENY FROM MOTOR VEHICLE,125 SONOMA WAY,CHAPEL HILL,NC,27516,1630053480000,1629997200000,1630049280000,THEFT/LARCENY,RESIDENCE/HOME,<Null>,UNKNOWN,36,B,M,35.954445,-79.069588,84903,POINT (-79.069588 35.954445)
192652,CHPD,ANIMAL LOCKED IN CAR,500 FORMOSA LN,CHAPEL HILL,NC,27517,1630058220000,1630018800000,1630056600000,ANIMAL,RESIDENCE/HOME,N,NONE,74,W,M,35.942142,-79.016014,84905,POINT (-79.016014 35.942142)
192025,CHPD,B&E    LARCENY F/VEHICLE,104 RIVER BIRCH LN,CHAPEL HILL,NC,27514,1628258100000,1628179200000,1628256600000,THEFT/LARCENY,RESIDENCE/HOME,<Null>,<Null>,21,U,F,35.951645,-79.018265,84919,POINT (-79.018265 35.951645)
192030,CHPD,B&E    LARCENY F/VEHICLE,1100 NC 54,CHAPEL HILL,NC,27516,1628266740000,1628193600000,1628253000000,THEFT/LARCENY,PARKING/DROP LOT/GARAGE,<Null>,NONE,25,W,M,35.92696,-79.05294,84943,POINT (-79.05294 35.92696)
192513,CHPD,LARCENY FROM MOTOR VEHICLE,109 WORSHAM DR,CHAPEL HILL,NC,27516,1629710340000,1629675000000,1629702000000,THEFT/LARCENY,RESIDENCE/HOME,N,<Null>,63,I,M,35.957535,-79.068367,84954,POINT (-79.068367 35.957535)
192282,CHPD,B&E    LARCENY F/VEHICLE,7 ST JAMES PL,CHAPEL HILL,NC,27514,1629100620000,1629059400000,1629100620000,SUSPICIOUS/WANT,RESIDENCE/HOME,N,NONE,64,W,M,35.902363,-79.033592,84958,POINT (-79.033592 35.902363)
192856,CHPD,B&E    LARCENY F/VEHICLE,980 MARTIN LUTHER KING JR BLVD,CHAPEL HILL,NC,27514,1630569720000,1630483200000,1630524600000,THEFT/LARCENY,HIGHWAY/ROAD/ALLEY/STREET/SIDEWALK,N,<Null>,<Null>,W,F,35.934032,-79.054382,84959,POINT (-79.054382 35.934032)
193151,CHPD,TOWED VEHICLE,8 COBB TER,CHAPEL HILL,NC,27514,1631439540000,1631439420000,1631439480000,TRAFFIC VIOLATI,HIGHWAY/ROAD/ALLEY/STREET/SIDEWALK,<Null>,<Null>,<Null>,<Null>,<Null>,35.917313,-79.054588,84960,POINT (-79.054588 35.917313)
192411,CHPD,DEBIT CARD FRAUD,1720 FORDHAM BLVD,CHAPEL HILL,NC,27514,1629456540000,1629194400000,1629225000000,MISC OFFICER IN,GROCERY/SUPERMARKET,<Null>,NONE,24,W,F,35.92696,-79.05294,84971,POINT (-79.05294 35.92696)
192510,CHPD,B&E    LARCENY F/VEHICLE,211 ABBOT PL,CHAPEL HILL,NC,27516,1629695220000,1629666000000,1629693000000,THEFT/LARCENY,RESIDENCE/HOME,N,<Null>,31,W,F,35.952705,-79.073387,84973,POINT (-79.073387 35.952705)
192083,CHPD,B&E    LARCENY F/VEHICLE,700 BOLINWOOD DR,CHAPEL HILL,NC,27514,1628501220000,1628470800000,1628494200000,THEFT/LARCENY,RESIDENCE/HOME,N,NONE,<Null>,W,F,35.924622,-79.049416,84983,POINT (-79.049416 35.924622)
193624,CHPD,B&E  LARCENY F/VEHICLE,610 MARKET ST,CHAPEL HILL,NC,27516,1632830400000,1632823200000,1632829200000,THEFT/LARCENY,PARKING/DROP LOT/GARAGE,Y,<Null>,56,W,F,35.881525,-79.066779,85009,POINT (-79.066779 35.881525)
193940,CHPD,SUSPICIOUS VEHICLE,9115 SEAWELL SCHOOL RD,CHAPEL HILL,NC,27516,1633733580000,1633733580000,1633733580000,MISC OFFICER IN,HIGHWAY/ROAD/ALLEY/STREET/SIDEWALK,N,<Null>,<Null>,<Null>,<Null>,35.940853,-79.07869,85023,POINT (-79.07869 35.940853)
193368,CHPD,B&E    LARCENY F/VEHICLE,200 AQUATIC DR,CHAPEL HILL,NC,27516,1632067620000,1632060600000,1632066600000,THEFT/LARCENY,PARKING/DROP LOT/GARAGE,<Null>,<Null>,21,W,F,35.953331,-79.062553,85029,POINT (-79.062553 35.953331)
194224,CHPD,B&E    LARCENY F/VEHICLE,1001 PINEHURST DR,CHAPEL HILL,NC,27517,1634570760000,1634148000000,1634196600000,THEFT/LARCENY,RESIDENCE/HOME,N,NONE,<Null>,W,F,35.919697,-79.010254,85030,POINT (-79.010254 35.919697)
193246,CHPD,B&E    LARCENY F/VEHICLE,1716 LEGION RD,CHAPEL HILL,NC,27517,1631714400000,1631713800000,1631714400000,THEFT/LARCENY,HIGHWAY/ROAD/ALLEY/STREET/SIDEWALK,<Null>,<Null>,36,B,F,35.939296,-79.016066,85043,POINT (-79.016066 35.939296)
193615,CHPD,B&E    LARCENY F/VEHICLE,510 CHURCH ST,CHAPEL HILL,NC,27516,1632779220000,1632775200000,1632775200000,THEFT/LARCENY,HIGHWAY/ROAD/ALLEY/STREET/SIDEWALK,N,NONE,22,W,M,35.916779,-79.060341,85053,POINT (-79.060341 35.916779)
193774,CHPD,LARCENY FROM MOTOR VEHICLE,1105 NC 54,CHAPEL HILL,NC,27514,1633253280000,1633253280000,1633253280000,THEFT/LARCENY,PARKING/DROP LOT/GARAGE,<Null>,NONE,27,A,M,35.898037,-79.067749,85066,POINT (-79.067749 35.898037)
193776,CHPD,B&E    LARCENY F/VEHICLE,1105 NC 54,CHAPEL HILL,NC,27514,1633254720000,1633197600000,1633249800000,THEFT/LARCENY,PARKING/DROP LOT/GARAGE,<Null>,<Null>,41,A,F,35.898037,-79.067749,85082,POINT (-79.067749 35.898037)
197780,CHPD,ABANDONED VEHICLE,604 COPPERLINE DR,CHAPEL HILL,NC,27516,1645442160000,1635760800000,1645442160000,TRAFFIC VIOLATI,HIGHWAY/ROAD/ALLEY/STREET/SIDEWALK,<Null>,<Null>,<Null>,<Null>,<Null>,35.880898,-79.068047,85087,POINT (-79.068047 35.880898)
193950,CHPD,LARCENY FROM MOTOR VEHICLE,5639 OLD CHAPEL HILL RD,DURHAM,NC,27707,1633746060000,1633744800000,1633746060000,THEFT/LARCENY,HIGHWAY/ROAD/ALLEY/STREET/SIDEWALK,<Null>,<Null>,<Null>,B,F,35.942867,-79.002319,85112,POINT (-79.002319 35.942867)
193664,CHPD,B&E    LARCENY F/VEHICLE,201 S ESTES DR,CHAPEL HILL,NC,27514,1632931080000,1632853800000,1632865500000,THEFT/LARCENY,PARKING/DROP LOT/GARAGE,N,<Null>,25,A,M,35.910866,-79.061165,85117,POINT (-79.061165 35.910866)
194098,CHPD,B&E    LARCENY F/VEHICLE,980 MARTIN LUTHER KING JR BLVD,CHAPEL HILL,NC,27514,1634148060000,1634131800000,1634136600000,THEFT/LARCENY,PARKING/DROP LOT/GARAGE,N,NONE,<Null>,W,M,35.934032,-79.054382,85122,POINT (-79.054382 35.934032)
193601,CHPD,VEHICLE LOCKOUT,1350 RALEIGH RD,CHAPEL HILL,NC,27517,1632745200000,1632744600000,1632745200000,PUBLIC SERVICE,DRUG STORE/DOCTORS OFFICE/HOSPITAL,N,<Null>,<Null>,<Null>,<Null>,35.906128,-79.019402,85133,POINT (-79.019402 35.906128)
193791,CHPD,LARCENY FROM MOTOR VEHICLE,1321 MARTIN LUTHER KING JR BLVD,CHAPEL HILL,NC,27516,1633277940000,1633277340000,1633277940000,THEFT/LARCENY,PARKING/DROP LOT/GARAGE,<Null>,NONE,44,W,F,35.952454,-79.059074,85144,POINT (-79.059074 35.952454)
194139,CHPD,KEYS LOCKED IN VEHICLE,1129 WEAVER DAIRY RD,CHAPEL HILL,NC,27514,1634293080000,1634292480000,1634293080000,PUBLIC SERVICE,PARKING/DROP LOT/GARAGE,N,NONE,<Null>,<Null>,<Null>,35.962193,-79.054802,85149,POINT (-79.054802 35.962193)
193959,CHPD,LARCENY FROM MOTOR VEHICLE,1105 NC 54,CHAPEL HILL,NC,27516,1633783200000,1633783200000,1633783200000,THEFT/LARCENY,PARKING/DROP LOT/GARAGE,<Null>,<Null>,36,W,F,35.898037,-79.067749,85159,POINT (-79.067749 35.898037)
194373,CHPD,CARDIAC ARREST,1506 MICHAUX RD,CHAPEL HILL,NC,27514,1635064260000,1635063660000,1635064260000,CARDIAC RESP AR,RESIDENCE/HOME,N,NONE,<Null>,W,F,35.935711,-79.033905,85163,POINT (-79.033905 35.935711)
193490,CHPD,B&E    LARCENY F/VEHICLE,102 CREST DR,CHAPEL HILL,NC,27516,1632428760000,1632276000000,1632304800000,THEFT/LARCENY,RESIDENCE/HOME,<Null>,<Null>,23,W,M,35.90657,-79.064201,85164,POINT (-79.064201 35.90657)
194093,CHPD,B&E    LARCENY F/VEHICLE,1010 RALEIGH RD,CHAPEL HILL,NC,27514,1634130660000,1633993200000,1634022000000,MISC OFFICER IN,CONVENIENCE STORE,<Null>,<Null>,<Null>,W,M,35.90776,-79.024211,85166,POINT (-79.024211 35.90776)
193909,CHPD,OTHER VEHICLE THEFT,314 CREST DR,CHAPEL HILL,NC,27516,1633678620000,1633539600000,1633593600000,THEFT/LARCENY,HIGHWAY/ROAD/ALLEY/STREET/SIDEWALK,N,NONE,<Null>,<Null>,<Null>,35.905056,-79.066116,85194,POINT (-79.066116 35.905056)
193440,CHPD,LOOKING INSIDE VEHICLES,103 CREST DR,CHAPEL HILL,NC,27516,1632276420000,1632276420000,1632276420000,SUSPICIOUS/WANT,RESIDENCE/HOME,N,NONE,20,W,F,35.906384,-79.064522,85207,POINT (-79.064522 35.906384)
194055,CHPD,SUSPICIOUS VEHICLE,1218 RALEIGH RD,CHAPEL HILL,NC,27517,1634036940000,1633939200000,1634025660000,SUSPICIOUS/WANT,<Null>,<Null>,<Null>,<Null>,<Null>,<Null>,35.92696,-79.05294,85229,POINT (-79.05294 35.92696)
194200,CHPD,FOUND BANK CARD,1810 FORDHAM BLVD,CHAPEL HILL,NC,27517,1634480160000,1634382420000,1634383800000,MISC OFFICER IN,GROCERY/SUPERMARKET,N,<Null>,40,B,M,35.944837,-79.009379,85231,POINT (-79.009379 35.944837)
193773,CHPD,B&E    LARCENY F/VEHICLE,1105 NC 54,CHAPEL HILL,NC,27514,1633249860000,1633158000000,1633249860000,THEFT/LARCENY,PARKING/DROP LOT/GARAGE,<Null>,<Null>,21,U,F,35.898037,-79.067749,85233,POINT (-79.067749 35.898037)
193843,CHPD,B&E    LARCENY F/VEHICLE,1081 NC 54,CHAPEL HILL,NC,27514,1633438380000,1633437060000,1633438320000,THEFT/LARCENY,PARKING/DROP LOT/GARAGE,<Null>,UNKNOWN,28,W,F,35.896358,-79.064674,85258,POINT (-79.064674 35.896358)
194439,CHPD,LARCENY FROM MOTOR VEHICLE,806 CHRISTOPHER RD,CHAPEL HILL,NC,27514,1635200940000,1635192900000,1635200700000,THEFT/LARCENY,PARKING/DROP LOT/GARAGE,<Null>,PERSONAL WEAPONS,34,W,F,35.913959,-79.026978,85261,POINT (-79.026978 35.913959)
194288,CHPD,B&E    LARCENY F/VEHICLE,1034 TORREY PINES PL,CHAPEL HILL,NC,27517,1634743320000,1634162400000,1634198400000,MISC OFFICER IN,RESIDENCE/HOME,<Null>,<Null>,52,W,F,35.92696,-79.05294,85287,POINT (-79.05294 35.92696)
194007,CHPD,VEHICLE UNLOCK,1129 WEAVER DAIRY RD,CHAPEL HILL,NC,27514,1633895700000,1633895400000,1633895700000,PUBLIC SERVICE,PARKING/DROP LOT/GARAGE,<Null>,<Null>,23,W,F,35.962299,-79.054199,85291,POINT (-79.054199 35.962299)
194122,CHPD,FINANCIAL CARD FRAUD,167 E FRANKLIN ST,CHAPEL HILL,NC,27514,1634219640000,1634207520000,1634218800000,THEFT/LARCENY,CONVENIENCE STORE,N,NONE,20,W,F,35.914272,-79.053596,85297,POINT (-79.053596 35.914272)
193367,CHPD,B&E    LARCENY F/VEHICLE,501 WEAVER DAIRY RD,CHAPEL HILL,NC,27514,1632065760000,1632061800000,1632065760000,MISC OFFICER IN,PARKING/DROP LOT/GARAGE,N,NONE,44,W,F,35.961838,-79.058166,85302,POINT (-79.058166 35.961838)
194107,CHPD,B&E    LARCENY F/VEHICLE,69 FERNWOOD LN,CHAPEL HILL,NC,27516,1634193540000,1634155200000,1634193000000,THEFT/LARCENY,PARKING/DROP LOT/GARAGE,<Null>,<Null>,54,W,M,35.920383,-79.067123,85305,POINT (-79.067123 35.920383)
193996,CHPD,LARCENY OF DEBIT CARD,120 ASHLEY FOREST RD,CHAPEL HILL,NC,27514,1633862700000,1633521600000,1633862700000,UNKNOWN LE,RESIDENCE/HOME,N,<Null>,67,W,F,35.944256,-79.055779,85312,POINT (-79.055779 35.944256)
193759,CHPD,B&E    LARCENY F/VEHICLE,110 GRANT ST,CHAPEL HILL,NC,27516,1633194660000,1633163400000,1633194000000,THEFT/LARCENY,HIGHWAY/ROAD/ALLEY/STREET/SIDEWALK,<Null>,NONE,47,W,M,35.9049,-79.065659,85358,POINT (-79.065659 35.9049)
194401,CHPD,B&E    LARCENY F/VEHICLE,308 PARKRIDGE AVE,CHAPEL HILL,NC,27517,1635150540000,1635089400000,1635145200000,THEFT/LARCENY,RESIDENCE/HOME,Y,<Null>,48,A,F,35.913125,-79.009787,85372,POINT (-79.009787 35.913125)
194416,CHPD,B&E    LARCENY F/VEHICLE,801 OLD MILL RD,CHAPEL HILL,NC,27514,1635167940000,1635109200000,1635167400000,THEFT/LARCENY,RESIDENCE/HOME,Y,<Null>,35,W,F,35.914875,-79.028168,85384,POINT (-79.028168 35.914875)
195246,CHPD,B&E    LARCENY F/VEHICLE,126 MALLARD CT,CHAPEL HILL,NC,27517,1637400720000,1637358300000,1637399520000,THEFT/LARCENY,RESIDENCE/HOME,<Null>,NONE,49,W,M,35.890514,-79.055344,85395,POINT (-79.055344 35.890514)
193562,CHPD,FRAUDULENT USE OF DEBIT CARDS,112 ASHLEY FOREST RD,CHAPEL HILL,NC,27514,1632613260000,1632612660000,1632613260000,DISTURBANCE/NUI,RESIDENCE/HOME,<Null>,NONE,<Null>,B,M,35.944115,-79.056351,85400,POINT (-79.056351 35.944115)
196244,CHPD,B&E    LARCENY F/VEHICLE,100 SUMAC RD,CHAPEL HILL,NC,27517,1640275020000,1640264400000,1640275020000,THEFT/LARCENY,PARKING/DROP LOT/GARAGE,<Null>,NONE,25,W,F,35.877022,-79.067123,85442,POINT (-79.067123 35.877022)
193699,CHPD,B&E    LARCENY F/VEHICLE,219 SCARLETT DR,CHAPEL HILL,NC,27517,1633018680000,1632951000000,1632982500000,PUBLIC SERVICE,RESIDENCE/HOME,<Null>,<Null>,<Null>,W,F,35.92696,-79.05294,85443,POINT (-79.05294 35.92696)
195637,CHPD,VEHICLE UNLOCK,501 KILDAIRE RD,CHAPEL HILL,NC,27516,1638560160000,1638553800000,1638553800000,PUBLIC SERVICE,PARKING/DROP LOT/GARAGE,<Null>,NONE,31,B,F,35.87888,-79.068436,85466,POINT (-79.068436 35.87888)
193780,CHPD,CREDIT CARD/ATM FRAUD,116 W BARBEE CHAPEL RD,CHAPEL HILL,NC,27517,1633258980000,1633248840000,1633258800000,FRAUD OR DECEPT,GROCERY/SUPERMARKET,<Null>,NONE,27,B,F,35.906544,-79.01091,85471,POINT (-79.01091 35.906544)
194340,CHPD,B&E    LARCENY F/VEHICLE,1722 FORDHAM BLVD,CHAPEL HILL,NC,27517,1634917260000,1634817600000,1634907600000,THEFT/LARCENY,RESTAURANT,N,NONE,19,W,M,35.92696,-79.05294,85515,POINT (-79.05294 35.92696)
194127,CHPD,B&E    LARCENY F/VEHICLE,1100 NC 54,CHAPEL HILL,NC,27516,1634229420000,1633816800000,1634029200000,THEFT/LARCENY,PARKING/DROP LOT/GARAGE,N,NONE,24,W,F,35.90062,-79.065918,85536,POINT (-79.065918 35.90062)
194438,CHPD,LARCENY FROM MOTOR VEHICLE,806 CHRISTOPHER RD,CHAPEL HILL,NC,27514,1635200940000,1635192900000,1635200700000,THEFT/LARCENY,PARKING/DROP LOT/GARAGE,<Null>,PERSONAL WEAPONS,26,W,F,35.913959,-79.026978,85547,POINT (-79.026978 35.913959)
194685,CHPD,B&E    LARCENY F/VEHICLE,100 SUMAC RD,CHAPEL HILL,NC,27517,1635859740000,1635855000000,1635858240000,THEFT/LARCENY,PARK/PLAYGROUND,<Null>,<Null>,36,U,M,35.877022,-79.067123,85560,POINT (-79.067123 35.877022)
193393,CHPD,B&E    LARCENY F/VEHICLE,303 PINEGATE CIR,CHAPEL HILL,NC,27514,1632149220000,1632105000000,1632130200000,THEFT/LARCENY,PARKING/DROP LOT/GARAGE,<Null>,NONE,19,B,F,35.95018,-79.008049,85575,POINT (-79.008049 35.95018)
193761,CHPD,LARCENY FROM MOTOR VEHICLE,119 CALDWELL ST,CHAPEL HILL,NC,27516,1633195500000,1633140000000,1633190400000,THEFT/LARCENY,RESTAURANT,<Null>,<Null>,20,W,F,35.917541,-79.060295,85587,POINT (-79.060295 35.917541)
193662,CHPD,TOWED VEHICLE,102 E LONGVIEW ST,CHAPEL HILL,NC,27516,1632927420000,1632924000000,1632927420000,TRAFFIC VIOLATI,HIGHWAY/ROAD/ALLEY/STREET/SIDEWALK,N,<Null>,49,W,M,35.919849,-79.059395,85607,POINT (-79.059395 35.919849)
193834,CHPD,B&E    LARCENY F/VEHICLE,218 CONNER DR,CHAPEL HILL,NC,27514,1633425600000,1633204800000,1633425600000,THEFT/LARCENY,PARKING/DROP LOT/GARAGE,<Null>,<Null>,22,W,F,35.932322,-79.029249,85622,POINT (-79.029249 35.932322)
193598,CHPD,VEHICLE LOCKOUT,1807 FORDHAM BLVD,CHAPEL HILL,NC,27514,1632737040000,1632735000000,1632737040000,INFO MESSAGE,DRUG STORE/DOCTORS OFFICE/HOSPITAL,N,<Null>,<Null>,<Null>,<Null>,35.946209,-79.011658,85624,POINT (-79.011658 35.946209)
194172,CHPD,ASSIST CARRBORO PD,9901 SEAWELL SCHOOL RD,CHAPEL HILL,NC,27516,1634368740000,1634367600000,1634368740000,TRAFFIC VIOLATI,HIGHWAY/ROAD/ALLEY/STREET/SIDEWALK,<Null>,<Null>,<Null>,<Null>,<Null>,35.930988,-79.073364,85637,POINT (-79.073364 35.930988)
194076,CHPD,LARCENY FROM MOTOR VEHICLE,126 JOHNSON ST,CHAPEL HILL,NC,27516,1634062320000,1633966200000,1634062320000,THEFT/LARCENY,RESIDENCE/HOME,<Null>,<Null>,38,B,F,35.90501,-79.068291,85639,POINT (-79.068291 35.90501)
194011,CHPD,LARCENY FROM MOTOR VEHICLE,1105 NC 54,CHAPEL HILL,NC,27514,1633909500000,1633898400000,1633909500000,THEFT/LARCENY,PARKING/DROP LOT/GARAGE,<Null>,<Null>,<Null>,W,M,35.898037,-79.067749,85647,POINT (-79.067749 35.898037)
194119,CHPD,B&E    LARCENY F/VEHICLE,201 S ESTES DR,CHAPEL HILL,NC,27514,1634215320000,1634140800000,1634192280000,THEFT/LARCENY,SERVICE/GAS STATION,<Null>,NONE,60,W,M,35.92696,-79.05294,85649,POINT (-79.05294 35.92696)
193778,CHPD,LARCENY FROM MOTOR VEHICLE,1105 NC 54,CHAPEL HILL,NC,27514,1633254900000,1633254900000,1633254900000,THEFT/LARCENY,PARKING/DROP LOT/GARAGE,<Null>,NONE,55,W,F,35.898037,-79.067749,85655,POINT (-79.067749 35.898037)
194154,CHPD,LARCENY OF DEBIT CARD,409 W FRANKLIN ST,CHAPEL HILL,NC,27516,1634323020000,1634126400000,1634126700000,PUBLIC SERVICE,RESIDENCE/HOME,<Null>,NONE,27,B,M,35.910866,-79.061165,85657,POINT (-79.061165 35.910866)
196118,CHPD,B&E    LARCENY F/VEHICLE,100 SUMAC RD,CHAPEL HILL,NC,27517,1639845960000,1639839600000,1639845960000,THEFT/LARCENY,PARKING/DROP LOT/GARAGE,Y,UNKNOWN,<Null>,A,F,35.877022,-79.067123,85689,POINT (-79.067123 35.877022)
193365,CHPD,B&E    LARCENY F/VEHICLE,399 UMSTEAD DR,CHAPEL HILL,NC,27516,1632064080000,1632062400000,1632064080000,THEFT/LARCENY,PARKING/DROP LOT/GARAGE,Y,UNKNOWN,45,W,F,35.921497,-79.063545,85690,POINT (-79.063545 35.921497)
193619,CHPD,ASSIST CARRBORO PD,211 CAROL ST,CARRBORO,NC,27510,1632800760000,1632800760000,1632800760000,MISC OFFICER IN,FIELD/WOODS,<Null>,NONE,<Null>,<Null>,<Null>,35.922272,-79.096207,85696,POINT (-79.096207 35.922272)
193479,CHPD,B&E    LARCENY F/VEHICLE,201 S. ESTES DR.,CHAPEL HILL,NC,27514,1632407580000,1631107800000,1631278800000,THEFT/LARCENY,PARKING/DROP LOT/GARAGE,N,NONE,51,A,M,35.927717,-79.027011,85724,POINT (-79.027011 35.927717)
194001,CHPD,VEHICLE UNLOCK,220 ELIZABETH ST,CHAPEL HILL,NC,27514,1633885920000,1633885200000,1633885920000,PUBLIC SERVICE,PARKING/DROP LOT/GARAGE,<Null>,<Null>,24,W,F,35.925835,-79.041107,85728,POINT (-79.041107 35.925835)
193404,CHPD,SUSPICIOUS VEHICLE,501 WEAVER DAIRY RD,CHAPEL HILL,NC,27514,1632179160000,1632179160000,1632179160000,SUSPICIOUS/WANT,PARKING/DROP LOT/GARAGE,N,<Null>,<Null>,<Null>,<Null>,35.960026,-79.033524,85751,POINT (-79.033524 35.960026)
193617,CHPD,TOWED VEHICLE,1001 S MERRITT MILL RD,CHAPEL HILL,NC,27516,1632780780000,1632780780000,1632780780000,TRAFFIC VIOLATI,HIGHWAY/ROAD/ALLEY/STREET/SIDEWALK,<Null>,<Null>,<Null>,<Null>,<Null>,35.901707,-79.073143,85756,POINT (-79.073143 35.901707)
194312,CHPD,SUSPICIOUS VEHICLE,1720 FORDHAM BLVD,CHAPEL HILL,NC,27517,1634821080000,1634820960000,1634821080000,TRAFFIC STOP,HIGHWAY/ROAD/ALLEY/STREET/SIDEWALK,N,<Null>,24,B,F,35.929363,-79.034302,85779,POINT (-79.034302 35.929363)
194059,CHPD,INFORMATION ABOUT TOWED VEHICLES,800 PRITCHARD AVE EXT,CHAPEL HILL,NC,27516,1634045400000,1634045400000,1634045400000,PUBLIC SERVICE,<Null>,<Null>,<Null>,<Null>,<Null>,<Null>,35.920242,-79.061188,85826,POINT (-79.061188 35.920242)
195250,CHPD,LARCENY FROM MOTOR VEHICLE,130 MALLARD CT,CHAPEL HILL,NC,27517,1637405040000,1637398800000,1637405040000,THEFT/LARCENY,RESIDENCE/HOME,N,NONE,31,W,F,35.889961,-79.055504,85827,POINT (-79.055504 35.889961)
193675,CHPD,SUSPICIOUS VEHICLE,519 HIGHGROVE DR,CHAPEL HILL,NC,27516,1632941640000,1632941400000,1632941640000,SUSPICIOUS/WANT,RESIDENCE/HOME,<Null>,NONE,47,W,M,35.888126,-79.070122,85837,POINT (-79.070122 35.888126)
193248,CHPD,LARCENY FROM VEHICLE,1716 LEGION RD,CHAPEL HILL,NC,27517,1631730900000,1631705700000,1631730900000,THEFT/LARCENY,PARKING/DROP LOT/GARAGE,N,NONE,<Null>,W,F,35.939358,-79.016075,85840,POINT (-79.016075 35.939358)
193437,CHPD,ABANDONED VEHICLE,FORDHAM BLVD @ S ESTES DR,CHAPEL HILL,NC,27514,1632262020000,1632168000000,1632262020000,TRAFFIC VIOLATI,HIGHWAY/ROAD/ALLEY/STREET/SIDEWALK,<Null>,<Null>,<Null>,<Null>,<Null>,35.925114,-79.024857,85884,POINT (-79.024857 35.925114)
193838,CHPD,B&E    LARCENY F/VEHICLE,212 CONNER DR,CHAPEL HILL,NC,27514,1633422240000,1633390200000,1633421700000,THEFT/LARCENY,PARKING/DROP LOT/GARAGE,<Null>,<Null>,<Null>,B,F,35.931499,-79.029449,85899,POINT (-79.029449 35.931499)
193645,CHPD,B&E    LARCENY F/VEHICLE,201 S ESTES DR,CHAPEL HILL,NC,27514,1632869040000,1632861000000,1632869040000,THEFT/LARCENY,HIGHWAY/ROAD/ALLEY/STREET/SIDEWALK,Y,UNKNOWN,22,B,F,35.927822,-79.027039,85917,POINT (-79.027039 35.927822)
193726,CHPD,ASSIST CARRBORO PD,104 NC 54,CARRBORO,NC,27510,1633093620000,1633093620000,1633093620000,ROBBERY/CARJACK,HIGHWAY/ROAD/ALLEY/STREET/SIDEWALK,N,<Null>,<Null>,<Null>,<Null>,35.91732,-79.097191,85918,POINT (-79.097191 35.91732)
193527,CHPD,B&E    LARCENY F/VEHICLE,703 N COLUMBIA ST,CHAPEL HILL,NC,27516,1632512160000,1632277800000,1632511800000,THEFT/LARCENY,RESIDENCE/HOME,<Null>,<Null>,20,W,M,35.920547,-79.059837,85977,POINT (-79.059837 35.920547)
193656,CHPD,B&E    LARCENY F/VEHICLE,117 KENAN ST,CHAPEL HILL,NC,27516,1632919380000,1632862800000,1632906000000,THEFT/LARCENY,RESIDENCE/HOME,<Null>,NONE,53,W,M,35.910145,-79.059784,85982,POINT (-79.059784 35.910145)
194102,CHPD,VEHICLE UNLOCK,604 CHURCHILL DR,CHAPEL HILL,NC,27517,1634156160000,1634155800000,1634156160000,PUBLIC SERVICE,HIGHWAY/ROAD/ALLEY/STREET/SIDEWALK,<Null>,<Null>,25,B,F,35.931625,-79.015083,85997,POINT (-79.015083 35.931625)
196166,CHPD,ASSIST CARRBORO PD,180 BPW CLUB RD,CARRBORO,NC,27510,1640010840000,1640010720000,1640010840000,BURGLARY/HOME I,RESIDENCE/HOME,N,<Null>,<Null>,<Null>,<Null>,35.894913,-79.086243,86001,POINT (-79.086243 35.894913)
196156,CHPD,B&E    LARCENY F/VEHICLE,101 DORSET PT,CHAPEL HILL,NC,27516,1639984800000,1639828800000,1639983000000,THEFT/LARCENY,HIGHWAY/ROAD/ALLEY/STREET/SIDEWALK,<Null>,<Null>,43,W,M,35.895786,-79.06768,86033,POINT (-79.06768 35.895786)
194956,CHPD,HITTING PARKED CAR,318 W FRANKLIN ST,CHAPEL HILL,NC,27516,1636640220000,1636639800000,1636640220000,TRAFFIC/TRANSPO,HIGHWAY/ROAD/ALLEY/STREET/SIDEWALK,<Null>,NONE,42,B,F,35.911537,-79.060638,86046,POINT (-79.060638 35.911537)
195070,CHPD,ABANDONED VEHICLE,133 JOHNSON ST,CHAPEL HILL,NC,27516,1636977120000,1636977000000,1636977060000,MISC OFFICER IN,HIGHWAY/ROAD/ALLEY/STREET/SIDEWALK,<Null>,NONE,<Null>,<Null>,<Null>,35.904602,-79.068794,86077,POINT (-79.068794 35.904602)
194833,CHPD,ASSIST CARRBORO PD,380 E MAIN ST,CARRBORO,NC,27510,1636244220000,1636242300000,1636244220000,ASSAULT/SEXUAL,HIGHWAY/ROAD/ALLEY/STREET/SIDEWALK,<Null>,<Null>,<Null>,W,F,35.910046,-79.067528,86129,POINT (-79.067528 35.910046)
194533,CHPD,LARCENY FROM MOTOR VEHICLE,1081 NC 54,CHAPEL HILL,NC,27514,1635510900000,1635502200000,1635507600000,THEFT/LARCENY,PARKING/DROP LOT/GARAGE,Y,UNKNOWN,71,W,M,35.896358,-79.064674,86402,POINT (-79.064674 35.896358)
195699,CHPD,B&E   LARCENY F/VEHICLES,1081 NC 54,CHAPEL HILL,NC,27514,1638724140000,1638721800000,1638723600000,THEFT/LARCENY,PARKING/DROP LOT/GARAGE,Y,UNKNOWN,<Null>,A,F,35.896358,-79.064674,86461,POINT (-79.064674 35.896358)
195030,CHPD,B&E    LARCENY F/VEHICLE,1081 NC 54,CHAPEL HILL,NC,27514,1636824120000,1636819200000,1636820100000,THEFT/LARCENY,PARKING/DROP LOT/GARAGE,Y,<Null>,69,W,F,35.896358,-79.064674,86467,POINT (-79.064674 35.896358)
194698,CHPD,B&E    LARCENY F/VEHICLE,325 W ROSEMARY ST,CHAPEL HILL,NC,27516,1635894480000,1635894480000,1635894480000,THEFT/LARCENY,PARKING/DROP LOT/GARAGE,N,<Null>,19,W,M,35.912155,-79.060539,86495,POINT (-79.060539 35.912155)
194593,CHPD,SUSPICIOUS VEHICLE,FORDHAM BLVD/WINTER DR,CHAPEL HILL,NC,27517,1635639660000,1635639660000,1635639660000,TRAFFIC VIOLATI,<Null>,<Null>,<Null>,<Null>,<Null>,<Null>,35.894524,-79.052368,86548,POINT (-79.052368 35.894524)
194899,CHPD,DISABLED VEHICLE,MANNING DR/FORDHAM BLVD,CHAPEL HILL,NC,27517,1636470780000,1636470720000,1636470780000,TRAFFIC VIOLATI,HIGHWAY/ROAD/ALLEY/STREET/SIDEWALK,<Null>,NONE,70,W,M,35.898521,-79.036102,86566,POINT (-79.036102 35.898521)
195305,CHPD,B&E    LARCENY F/VEHICLE,217 VANCE ST,CHAPEL HILL,NC,27516,1637569620000,1637528400000,1637566200000,THEFT/LARCENY,HIGHWAY/ROAD/ALLEY/STREET/SIDEWALK,<Null>,<Null>,22,A,M,35.90604,-79.056129,86567,POINT (-79.056129 35.90604)
196030,CHPD,B&E    LARCENY F/VEHICLE,100 MARRIOTT WAY,CHAPEL HILL,NC,27517,1639570320000,1639526400000,1639567800000,THEFT/LARCENY,PARKING/DROP LOT/GARAGE,<Null>,<Null>,34,U,F,35.90173,-79.010147,86605,POINT (-79.010147 35.90173)
194862,CHPD,B&E    LARCENY F/VEHICLE,319 MCCAULEY ST,CHAPEL HILL,NC,27516,1636376340000,1636189200000,1636372980000,THEFT/LARCENY,RESIDENCE/HOME,<Null>,<Null>,21,W,M,35.906303,-79.059166,86631,POINT (-79.059166 35.906303)
194943,CHPD,LARCENY FROM MOTOR VEHICLE,104 MEADOWMONT VILLAGE CIR,CHAPEL HILL,NC,27517,1636612260000,1636611660000,1636612260000,THEFT/LARCENY,PARKING/DROP LOT/GARAGE,Y,NONE,38,W,F,35.904697,-79.010452,86646,POINT (-79.010452 35.904697)
196043,CHPD,B&E    LARCENY F/VEHICLE,1081 NC 54,CHAPEL HILL,NC,27514,1639589820000,1639586400000,1639589700000,THEFT/LARCENY,PARKING/DROP LOT/GARAGE,N,NONE,39,W,F,35.896358,-79.064674,86675,POINT (-79.064674 35.896358)
195801,CHPD,B&E    LARCENY F/VEHICLE,503 W ROSEMARY ST,CHAPEL HILL,NC,27516,1638965520000,1638896400000,1638957600000,THEFT/LARCENY,CONSTRUCTION SITE,<Null>,NONE,<Null>,<Null>,<Null>,35.911011,-79.064079,86734,POINT (-79.064079 35.911011)
196140,CHPD,B&E    LARCENY F/VEHICLE,140 W FRANKLIN ST,CHAPEL HILL,NC,27516,1639913400000,1639850400000,1639902600000,PUBLIC SERVICE,PARKING/DROP LOT/GARAGE,<Null>,NONE,59,W,F,35.913025,-79.057854,86765,POINT (-79.057854 35.913025)
194802,CHPD,B&E    LARCENY F/VEHICLE,133 W FRANKLIN ST,CHAPEL HILL,NC,27516,1636140900000,1635536100000,1636135200000,THEFT/LARCENY,PARKING/DROP LOT/GARAGE,N,NONE,<Null>,W,F,35.91201,-79.05835,86851,POINT (-79.05835 35.91201)
194459,CHPD,ABANDONED VEHICLES,196 FINLEY FOREST DR,CHAPEL HILL,NC,27517,1635261420000,1634299800000,1635260100000,MISC OFFICER IN,HIGHWAY/ROAD/ALLEY/STREET/SIDEWALK,<Null>,NONE,<Null>,<Null>,<Null>,35.898804,-79.009911,86874,POINT (-79.009911 35.898804)
196246,CHPD,B&E   LARCENY F/VEHICLE,1081 NC 54,CHAPEL HILL,NC,27514,1640278980000,1640274300000,1640278500000,THEFT/LARCENY,PARKING/DROP LOT/GARAGE,Y,UNKNOWN,<Null>,W,F,35.896358,-79.064674,86926,POINT (-79.064674 35.896358)
195471,CHPD,VERBAL ALTERCATION OVER VEHICLE,128 JOHNSON ST,CHAPEL HILL,NC,27516,1638174180000,1638173880000,1638174180000,DISTURBANCE/NUI,RESIDENCE/HOME,<Null>,UNKNOWN,<Null>,<Null>,<Null>,35.90514,-79.068604,86946,POINT (-79.068604 35.90514)
194692,CHPD,IMPOUNDED VEHICLE,2030 S COLUMBIA ST,CHAPEL HILL,NC,27516,1635881580000,1635881580000,1635881580000,TRAFFIC VIOLATI,HIGHWAY/ROAD/ALLEY/STREET/SIDEWALK,<Null>,NONE,<Null>,<Null>,<Null>,35.892288,-79.058647,86976,POINT (-79.058647 35.892288)
195726,CHPD,ABANDONED VEHICLE,VILLAGE DR/FAIROAKS CIR,CHAPEL HILL,NC,27516,1638805320000,1638613920000,1638805320000,TRAFFIC VIOLATI,HIGHWAY/ROAD/ALLEY/STREET/SIDEWALK,<Null>,<Null>,<Null>,<Null>,<Null>,35.922577,-79.070732,87036,POINT (-79.070732 35.922577)
194528,CHPD,B&E    LARCENY F/VEHICLE,1749 DOBBINS DR,CHAPEL HILL,NC,27514,1635502740000,1635377400000,1635462000000,MISC OFFICER IN,PARKING/DROP LOT/GARAGE,<Null>,<Null>,41,W,F,35.92696,-79.05294,87048,POINT (-79.05294 35.92696)
196556,CHPD,B&E    LARCENY F/VEHICLE,109 PRIESTLY CREEK DR,CHAPEL HILL,NC,27514,1641551340000,1640952000000,1641117600000,MISC OFFICER IN,RESIDENCE/HOME,<Null>,<Null>,52,W,M,35.92696,-79.05294,87078,POINT (-79.05294 35.92696)
197003,CHPD,B&E    LARCENY F/VEHICLE,206 GREENE ST,CHAPEL HILL,NC,27516,1643116320000,1638219600000,1638273600000,MISC OFFICER IN,PARKING/DROP LOT/GARAGE,<Null>,<Null>,18,B,M,35.92696,-79.05294,87108,POINT (-79.05294 35.92696)
199630,CHPD,B&E    LARCENY F/VEHICLE,114 ASHLEY FOREST RD,CHAPEL HILL,NC,27514,1650901920000,1637485200000,1638446400000,THEFT/LARCENY,PARKING/DROP LOT/GARAGE,N,NONE,<Null>,W,F,35.92696,-79.05294,87137,POINT (-79.05294 35.92696)
194671,CHPD,B&E    LARCENY F/VEHICLE,801 PINEHURST DR,CHAPEL HILL,NC,27517,1635841620000,1635804000000,1635840000000,THEFT/LARCENY,PARKING/DROP LOT/GARAGE,<Null>,<Null>,43,W,M,35.92572,-79.009117,87156,POINT (-79.009117 35.92572)
195930,CHPD,CREDIT CARD/ATM FRAUD,1002 WILLOW DR,CHAPEL HILL,NC,27514,1639394040000,1620904440000,1621250040000,MISC OFFICER IN,CYBERSPACE,<Null>,<Null>,62,W,F,35.92696,-79.05294,87164,POINT (-79.05294 35.92696)
194703,CHPD,VEHICLE LOCKOUT,529 HILLSBOROUGH ST,CHAPEL HILL,NC,27514,1635934260000,1635933600000,1635934260000,PUBLIC SERVICE,RESIDENCE/HOME,<Null>,<Null>,34,W,F,35.92308,-79.051987,87180,POINT (-79.051987 35.92308)
194566,CHPD,LARCENY FROM MOTOR VEHICLE,209 CARVER ST,CHAPEL HILL,NC,27516,1635558000000,1635543000000,1635550200000,THEFT/LARCENY,HIGHWAY/ROAD/ALLEY/STREET/SIDEWALK,<Null>,<Null>,22,W,F,35.918659,-79.064316,87227,POINT (-79.064316 35.918659)
194439,CHPD,LARCENY FROM MOTOR VEHICLE,806 CHRISTOPHER RD,CHAPEL HILL,NC,27514,1635200940000,1635192900000,1635200700000,THEFT/LARCENY,PARKING/DROP LOT/GARAGE,<Null>,PERSONAL WEAPONS,34,W,F,35.913959,-79.026978,87237,POINT (-79.026978 35.913959)
195791,CHPD,WALLET STOLEN FROM VEHICLE,461 FAIROAKS CIR,CHAPEL HILL,NC,27516,1638943620000,1638910800000,1638942300000,THEFT/LARCENY,RESIDENCE/HOME,N,NONE,26,W,M,35.92252,-79.070358,87262,POINT (-79.070358 35.92252)
195720,CHPD,VEHICLE FIRE,408 MARTIN LUTHER KING JR BLVD,CHAPEL HILL,NC,27514,1638796740000,1638796620000,1638796740000,VEHICLE FIRE,HIGHWAY/ROAD/ALLEY/STREET/SIDEWALK,<Null>,NONE,22,B,F,35.91687,-79.056587,87286,POINT (-79.056587 35.91687)
195798,CHPD,B&E    LARCENY F/VEHICLE,212 CARR ST,CHAPEL HILL,NC,27516,1638963000000,1638916200000,1638962100000,THEFT/LARCENY,RESIDENCE/HOME,<Null>,<Null>,21,W,M,35.915203,-79.059608,87398,POINT (-79.059608 35.915203)
195753,CHPD,B&E    LARCENY F/VEHICLE,206 GREENE ST,CHAPEL HILL,NC,27516,1638872280000,1638846000000,1638864000000,THEFT/LARCENY,HIGHWAY/ROAD/ALLEY/STREET/SIDEWALK,N,NONE,21,W,F,35.92466,-79.05558,87420,POINT (-79.05558 35.92466)
195383,CHPD,UNLOCK VEHICLE,215 E ROSEMARY ST,CHAPEL HILL,NC,27514,1637750160000,1637750160000,1637750160000,MISC OFFICER IN,PARKING/DROP LOT/GARAGE,N,<Null>,20,W,F,35.916027,-79.052322,87464,POINT (-79.052322 35.916027)
194416,CHPD,B&E    LARCENY F/VEHICLE,801 OLD MILL RD,CHAPEL HILL,NC,27514,1635167940000,1635109200000,1635167400000,THEFT/LARCENY,RESIDENCE/HOME,Y,<Null>,35,W,F,35.914875,-79.028168,87545,POINT (-79.028168 35.914875)
194438,CHPD,LARCENY FROM MOTOR VEHICLE,806 CHRISTOPHER RD,CHAPEL HILL,NC,27514,1635200940000,1635192900000,1635200700000,THEFT/LARCENY,PARKING/DROP LOT/GARAGE,<Null>,PERSONAL WEAPONS,26,W,F,35.913959,-79.026978,87547,POINT (-79.026978 35.913959)
196221,CHPD,VEHICLE UNLOCK,100 E ROSEMARY ST,CHAPEL HILL,NC,27514,1640189700000,1640189400000,1640189700000,THEFT/LARCENY,PARKING/DROP LOT/GARAGE,<Null>,<Null>,22,B,M,35.914154,-79.056274,87613,POINT (-79.056274 35.914154)
195066,CHPD,B&E    LARCENY F/VEHICLE,3 BRANDON RD,CHAPEL HILL,NC,27517,1636967820000,1636725600000,1636967820000,THEFT/LARCENY,PARKING/DROP LOT/GARAGE,Y,<Null>,40,W,M,35.915375,-79.02372,87724,POINT (-79.02372 35.915375)
195682,CHPD,TOWED VEHICLE,207 CARR ST,CHAPEL HILL,NC,27516,1638665040000,1638665040000,1638665040000,TRAFFIC VIOLATI,HIGHWAY/ROAD/ALLEY/STREET/SIDEWALK,<Null>,<Null>,<Null>,<Null>,<Null>,35.914906,-79.059647,87760,POINT (-79.059647 35.914906)
194821,CHPD,B&E    LARCENY F/VEHICLE,702 N COLUMBIA ST,CHAPEL HILL,NC,27516,1636200900000,1636200840000,1636200900000,SUSPICIOUS/WANT,RESIDENCE/HOME,N,NONE,50,U,M,35.920158,-79.058365,87912,POINT (-79.058365 35.920158)
196053,CHPD,DISABLED VEHICLE,180 E FRANKLIN ST,CHAPEL HILL,NC,27514,1639648800000,1639648740000,1639648800000,TRAFFIC VIOLATI,HIGHWAY/ROAD/ALLEY/STREET/SIDEWALK,<Null>,NONE,<Null>,<Null>,<Null>,35.914337,-79.052879,87928,POINT (-79.052879 35.914337)
195288,CHPD,VEHICLE UNLOCK,120 S ESTES DR,CHAPEL HILL,NC,27514,1637501400000,1637501100000,1637501400000,PUBLIC SERVICE,PARKING/DROP LOT/GARAGE,<Null>,<Null>,42,W,M,35.92638,-79.032295,87965,POINT (-79.032295 35.92638)
195639,CHPD,VEHICLE FIRE,1020 WILLOW DR,CHAPEL HILL,NC,27517,1638560640000,1638559200000,1638560640000,VEHICLE FIRE,FIELD/WOODS,<Null>,<Null>,<Null>,<Null>,<Null>,35.930382,-79.024117,88097,POINT (-79.024117 35.930382)
194742,CHPD,B&E    LARCENY F/VEHICLE,61 NEWTON DR,DURHAM,NC,27707,1636019520000,1635817800000,1635875520000,THEFT/LARCENY,RESIDENCE/HOME,<Null>,<Null>,43,W,M,35.932583,-79.001076,88161,POINT (-79.001076 35.932583)
195128,CHPD,ABANDONED VEHICLE,COUCH RD/E FRANKLIN ST,CHAPEL HILL,NC,27514,1637119320000,1637119320000,1637119320000,SUSPICIOUS/WANT,HIGHWAY/ROAD/ALLEY/STREET/SIDEWALK,<Null>,<Null>,<Null>,<Null>,<Null>,35.933014,-79.031471,88236,POINT (-79.031471 35.933014)
196039,CHPD,B&E    LARCENY F/VEHICLE,1513 E FRANKLIN ST,CHAPEL HILL,NC,27514,1639581300000,1639517400000,1639565400000,THEFT/LARCENY,PARKING/DROP LOT/GARAGE,<Null>,<Null>,<Null>,U,F,35.931591,-79.034225,88300,POINT (-79.034225 35.931591)
195616,CHPD,VEHICLE UNLOCK,201 S ESTES DR,CHAPEL HILL,NC,27514,1638528960000,1638528600000,1638528600000,PUBLIC SERVICE,PARKING/DROP LOT/GARAGE,<Null>,NONE,42,W,F,35.927822,-79.027039,88353,POINT (-79.027039 35.927822)
196192,CHPD,CREDIT CARD/ATM FRAUD,881 MARTIN LUTHER KING JR BLVD,CHAPEL HILL,NC,27516,1640107200000,1640095440000,1640095440000,FRAUD OR DECEPT,CYBERSPACE,<Null>,<Null>,20,U,M,35.929081,-79.055481,88378,POINT (-79.055481 35.929081)
196267,CHPD,B&E    LARCENY F/VEHICLE,401 WALNUT ST,CHAPEL HILL,NC,27517,1640397840000,1640397480000,1640397660000,THEFT/LARCENY,HIGHWAY/ROAD/ALLEY/STREET/SIDEWALK,N,NONE,59,W,F,35.929379,-79.023773,88907,POINT (-79.023773 35.929379)
196251,CHPD,B&E   LARCENY F/VEHICLE,1718 FORDHAM BLVD,CHAPEL HILL,NC,27517,1640303100000,1640302500000,1640303100000,THEFT/LARCENY,PARKING/DROP LOT/GARAGE,N,<Null>,<Null>,B,F,35.936504,-79.022606,89135,POINT (-79.022606 35.936504)
194467,CHPD,K-9 VEHICLE SNIFF,1800 E FRANKLIN ST,CHAPEL HILL,NC,27514,1635283980000,1635283980000,1635283980000,TRAFFIC STOP,HIGHWAY/ROAD/ALLEY/STREET/SIDEWALK,<Null>,NONE,<Null>,<Null>,<Null>,35.936588,-79.025383,89451,POINT (-79.025383 35.936588)
195215,CHPD,B&E    LARCENY F/VEHICLE,1749 DOBBINS DR,CHAPEL HILL,NC,27514,1637331540000,1636405200000,1636452000000,THEFT/LARCENY,PARKING/DROP LOT/GARAGE,<Null>,<Null>,43,B,F,35.945683,-79.014503,89522,POINT (-79.014503 35.945683)
196411,CHPD,CREDIT CARD FRAUD,103 COOPER GLEN PL,CHAPEL HILL,NC,27517,1640947860000,1640912640000,1640947860000,FRAUD OR DECEPT,CYBERSPACE,<Null>,<Null>,34,A,F,35.943413,-79.008369,89568,POINT (-79.008369 35.943413)
196260,CHPD,CARDIAC ARREST,108 BASKERVILLE CIR,CHAPEL HILL,NC,27517,1640353080000,1640352960000,1640353080000,CARDIAC ARREST,RESIDENCE/HOME,N,<Null>,60,W,M,35.936172,-78.999039,89615,POINT (-78.999039 35.936172)
195800,CHPD,ABANDONED VEHICLE,1720 FORDHAM BLVD,CHAPEL HILL,NC,27517,1638965700000,1638965100000,1638965700000,MISC OFFICER IN,PARKING/DROP LOT/GARAGE,N,NONE,<Null>,<Null>,<Null>,35.936943,-79.022102,89653,POINT (-79.022102 35.936943)
195548,CHPD,CARELESS AND RECKLESS DRIVING,835 N ESTES DR,CHAPEL HILL,NC,27514,1638376380000,1638374400000,1638376380000,TRAFFIC VIOLATI,HIGHWAY/ROAD/ALLEY/STREET/SIDEWALK,<Null>,<Null>,33,W,F,35.935257,-79.056076,89708,POINT (-79.056076 35.935257)
196146,CHPD,B&E    LARCENY F/VEHICLE,108 TIMBER HOLLOW CT,CHAPEL HILL,NC,27514,1639935660000,1639252800000,1639935660000,THEFT/LARCENY,PARKING/DROP LOT/GARAGE,<Null>,<Null>,22,W,F,35.941635,-79.054443,89809,POINT (-79.054443 35.941635)
196234,CHPD,B&E  LARCENY F/VEHICLE,1810 FORDHAM BLVD,CHAPEL HILL,NC,27517,1640212260000,1640172600000,1640208660000,THEFT/LARCENY,PARKING/DROP LOT/GARAGE,Y,<Null>,<Null>,W,M,35.944893,-79.009392,89831,POINT (-79.009392 35.944893)
195874,CHPD,B&E    LARCENY F/VEHICLE,1830 FORDHAM BLVD,CHAPEL HILL,NC,27517,1639159260000,1639125060000,1639156500000,THEFT/LARCENY,PARKING/DROP LOT/GARAGE,N,UNKNOWN,<Null>,<Null>,<Null>,35.945686,-79.006119,89891,POINT (-79.006119 35.945686)
194670,CHPD,B&E    LARCENY F/VEHICLE,1905 WHITE PLAINS RD,CHAPEL HILL,NC,27517,1635839160000,1635818340000,1635839100000,THEFT/LARCENY,PARKING/DROP LOT/GARAGE,<Null>,<Null>,41,W,F,35.933262,-79.004906,89902,POINT (-79.004906 35.933262)
194946,CHPD,B&E    LARCENY F/VEHICLE,1751 MARTIN LUTHER KING JR BLVD,CHAPEL HILL,NC,27516,1636616640000,1636567200000,1636616100000,THEFT/LARCENY,RESIDENCE/HOME,<Null>,NONE,32,W,F,35.963268,-79.059196,90082,POINT (-79.059196 35.963268)
194669,CHPD,ABANDONED VEHICLE,FORDHAM BLVD/EASTOWNE DR,CHAPEL HILL,NC,27517,1635819780000,1635811200000,1635819780000,MISC OFFICER IN,HIGHWAY/ROAD/ALLEY/STREET/SIDEWALK,<Null>,<Null>,<Null>,<Null>,<Null>,35.947281,-79.007271,90131,POINT (-79.007271 35.947281)
194637,CHPD,B&E    LARCENY F/VEHICLE,150 KINGSBURY DR,CHAPEL HILL,NC,27514,1635756780000,1635705900000,1635756000000,THEFT/LARCENY,PARKING/DROP LOT/GARAGE,Y,<Null>,<Null>,A,F,35.965157,-79.048691,90135,POINT (-79.048691 35.965157)
194981,CHPD,B&E    LARCENY F/VEHICLE,106 MISTY WOODS CIR,CHAPEL HILL,NC,27514,1636713720000,1636576320000,1636626000000,MISC OFFICER IN,PARKING/DROP LOT/GARAGE,<Null>,<Null>,19,W,F,35.938478,-79.055808,90208,POINT (-79.055808 35.938478)
195350,CHPD,LARCENY FROM MOTOR VEHICLE,1801 FORDHAM BLVD,CHAPEL HILL,NC,27514,1637671800000,1637666100000,1637667900000,THEFT/LARCENY,PARKING/DROP LOT/GARAGE,N,NONE,<Null>,<Null>,<Null>,35.947834,-79.01281,90246,POINT (-79.01281 35.947834)
194982,CHPD,RECOVERED STOLEN VEHICLE,1098 MARTIN LUTHER KING JR BLVD,CHAPEL HILL,NC,27514,1636703580000,1636703400000,1636703580000,MVC W INJURY,HIGHWAY/ROAD/ALLEY/STREET/SIDEWALK,<Null>,NONE,31,W,F,35.942528,-79.057542,90411,POINT (-79.057542 35.942528)
194651,CHPD,B&E    LARCENY F/VEHICLE,100 AQUATIC DR,CHAPEL HILL,NC,27516,1635777540000,1635773400000,1635777540000,THEFT/LARCENY,PARK/PLAYGROUND,Y,BLUNT OBJECT,72,W,M,35.955921,-79.064903,90438,POINT (-79.064903 35.955921)
196019,CHPD,B&E    LARCENY F/VEHICLE,6900 MILLHOUSE RD,CHAPEL HILL,NC,27516,1639521660000,1639519200000,1639521000000,TRESPASSING/UNW,PARKING/DROP LOT/GARAGE,<Null>,<Null>,<Null>,<Null>,<Null>,35.975811,-79.071884,90662,POINT (-79.071884 35.975811)
195894,CHPD,SUSPICIOUS VEHICLE,5623 FORDHAM BLVD,CHAPEL HILL,NC,27707,1639242600000,1639241700000,1639241700000,SUSPICIOUS/WANT,HOTEL/MOTEL/ETC.,N,<Null>,<Null>,<Null>,<Null>,35.949802,-79.001694,90738,POINT (-79.001694 35.949802)
196139,CHPD,B&E    LARCENY F/VEHICLE,1129 WEAVER DAIRY RD,CHAPEL HILL,NC,27514,1639911420000,1639911420000,1639911420000,THEFT/LARCENY,PARKING/DROP LOT/GARAGE,N,<Null>,67,W,F,35.968292,-79.058655,90743,POINT (-79.058655 35.968292)
195935,CHPD,DISABLED VEHICLE,NEW STATESIDE DR @ MARTIN LUTHER KING JR BLVD,CHAPEL HILL,NC,27514,1639402020000,1639402020000,1639402020000,SUSPICIOUS/WANT,HIGHWAY/ROAD/ALLEY/STREET/SIDEWALK,<Null>,NONE,<Null>,<Null>,<Null>,35.95514,-79.05799,90754,POINT (-79.05799 35.95514)
196117,CHPD,B&E    LARCENY F/VEHICLE,100 AQUATIC DR,CHAPEL HILL,NC,27516,1639842720000,1639832400000,1639842660000,THEFT/LARCENY,PARK/PLAYGROUND,<Null>,NONE,45,W,F,35.955921,-79.064903,90759,POINT (-79.064903 35.955921)
194472,CHPD,B&E    LARCENY F/VEHICLE,401 WEAVER DAIRY RD,CHAPEL HILL,NC,27514,1635326520000,1635326340000,1635326400000,THEFT/LARCENY,PARK/PLAYGROUND,N,NONE,40,W,F,35.960278,-79.032219,90786,POINT (-79.032219 35.960278)
195338,CHPD,SUSPICIOUS VEHICLE,501 WEAVER DAIRY RD,CHAPEL HILL,NC,27514,1637633820000,1637633400000,1637633820000,SUSPICIOUS/WANT,PARK/PLAYGROUND,<Null>,<Null>,<Null>,<Null>,<Null>,35.960026,-79.033524,90825,POINT (-79.033524 35.960026)
194954,CHPD,B&E    LARCENY F/VEHICLE,104 TIMBER HOLLOW CT,CHAPEL HILL,NC,27514,1636640700000,1636595400000,1636640100000,MISC OFFICER IN,PARKING/DROP LOT/GARAGE,<Null>,<Null>,24,U,F,35.940227,-79.054136,90870,POINT (-79.054136 35.940227)
195665,CHPD,B&E    LARCENY F/VEHICLE,500 WEAVER DAIRY RD,CHAPEL HILL,NC,27514,1638638580000,1638637200000,1638638400000,THEFT/LARCENY,PARKING/DROP LOT/GARAGE,Y,UNKNOWN,<Null>,W,F,35.960632,-79.02858,90877,POINT (-79.02858 35.960632)
195893,CHPD,B&E    LARCENY F/VEHICLE,306 NEW PARKSIDE DR,CHAPEL HILL,NC,27516,1639239900000,1638894300000,1639153500000,THEFT/LARCENY,RESIDENCE/HOME,N,NONE,<Null>,W,F,35.956966,-79.060783,90910,POINT (-79.060783 35.956966)
196113,CHPD,VEHICLE UNLOCK,1207 MARTIN LUTHER KING JR BLVD,CHAPEL HILL,NC,27516,1639836000000,1639836000000,1639836000000,PUBLIC SERVICE,PARKING/DROP LOT/GARAGE,N,NONE,58,B,F,35.947071,-79.059067,90946,POINT (-79.059067 35.947071)
194659,CHPD,B&E    LARCENY F/VEHICLE,103 WEATHERSTONE DR,CHAPEL HILL,NC,27514,1635789120000,1635670800000,1635784200000,THEFT/LARCENY,PARKING/DROP LOT/GARAGE,N,<Null>,38,W,F,35.964565,-79.046432,90970,POINT (-79.046432 35.964565)
195839,CHPD,CREDIT CARD/ATM FRAUD,101 COPPERLINE DR,CHAPEL HILL,NC,27516,1639060320000,1638991380000,1639008240000,MISC OFFICER IN,CYBERSPACE,<Null>,<Null>,27,U,M,35.880929,-79.064249,91001,POINT (-79.064249 35.880929)
195615,CHPD,B&E    LARCENY F/VEHICLE,122 MALLARD CT,CHAPEL HILL,NC,27517,1638530820000,1638480600000,1638523800000,MISC OFFICER IN,RESIDENCE/HOME,<Null>,<Null>,44,U,F,35.890237,-79.054831,91016,POINT (-79.054831 35.890237)
194480,CHPD,CREDIT CARD/ATM FRAUD,116 W BARBEE CHAPEL RD,CHAPEL HILL,NC,27517,1635347820000,1635316260000,1635325200000,MISC OFFICER IN,GROCERY/SUPERMARKET,<Null>,<Null>,55,U,M,35.906486,-79.010899,91069,POINT (-79.010899 35.906486)
194790,CHPD,B&E    LARCENY F/VEHICLE,2 CLARK COURT,CHAPEL HILL,NC,27516,1636121100000,1636049100000,1636120800000,MISC OFFICER IN,RESIDENCE/HOME,<Null>,<Null>,21,W,F,35.915673,-79.059949,91100,POINT (-79.059949 35.915673)
195319,CHPD,B&E    LARCENY F/VEHICLE,506 CHURCH ST,CHAPEL HILL,NC,27516,1637595960000,1637355600000,1637499600000,MISC OFFICER IN,RESIDENCE/HOME,<Null>,<Null>,21,U,F,35.916496,-79.060105,91162,POINT (-79.060105 35.916496)
194708,CHPD,SUSPICIOUS VEHICLE,910 MARTIN LUTHER KING JR BLVD,CHAPEL HILL,NC,27514,1635941760000,1635145200000,1635924300000,MISC OFFICER IN,<Null>,<Null>,<Null>,<Null>,<Null>,<Null>,35.931149,-79.054799,91199,POINT (-79.054799 35.931149)
195985,CHPD,B&E    LARCENY F/VEHICLE,1000 DOGWOOD ACRES DR,CHAPEL HILL,NC,27516,1639480260000,1639413900000,1639418400000,MISC OFFICER IN,DEPARTMENT DISCOUNT STORE,<Null>,<Null>,21,W,F,35.872366,-79.06918,91227,POINT (-79.06918 35.872366)
195710,CHPD,SUSPICIOUS VEHICLE,SOUTHERN VILLAGE,CHAPEL HILL,NC,27516,1638785040000,1638558000000,1638559800000,MISC OFFICER IN,HIGHWAY/ROAD/ALLEY/STREET/SIDEWALK,<Null>,<Null>,<Null>,<Null>,F,35.900324,-79.247365,91257,POINT (-79.247365 35.900324)
195253,CHPD,ABANDONED VEHICLE,700 BLK BOLINWOOD DR,CHAPEL HILL,NC,27514,1637410140000,1637410140000,1637410140000,MISC OFFICER IN,HIGHWAY/ROAD/ALLEY/STREET/SIDEWALK,<Null>,NONE,<Null>,<Null>,<Null>,35.924565,-79.049406,91274,POINT (-79.049406 35.924565)
195795,CHPD,B&E    LARCENY F/VEHICLE,300 CARRAWAY CROSSING,CHAPEL HILL,NC,27516,1638955680000,1638900000000,1638946800000,MISC OFFICER IN,RESIDENCE/HOME,<Null>,<Null>,<Null>,<Null>,<Null>,35.971092,-79.068049,91292,POINT (-79.068049 35.971092)
195949,CHPD,CREDIT CARD/ATM FRAUD,204 GREENE ST,CHAPEL HILL,NC,27516,1639414080000,1639402200000,1639404000000,MISC OFFICER IN,CYBERSPACE,<Null>,<Null>,20,W,M,35.925054,-79.055264,91305,POINT (-79.055264 35.925054)
195947,CHPD,CREDIT CARD/ATM FRAUD,2525 BOOKER CREEK RD,CHAPEL HILL,NC,27514,1639413060000,1639224000000,1639324800000,FRAUD OR DECEPT,OTHER/UNKNOWN,<Null>,NONE,<Null>,W,F,35.945715,-79.02508,91367,POINT (-79.02508 35.945715)
195543,CHPD,B&E    LARCENY F/VEHICLE,300 SUNSET DR,CHAPEL HILL,NC,27516,1638365340000,1638216000000,1638275340000,THEFT/LARCENY,HIGHWAY/ROAD/ALLEY/STREET/SIDEWALK,<Null>,<Null>,21,B,M,35.912393,-79.066257,91488,POINT (-79.066257 35.912393)
195357,CHPD,B&E    LARCENY F/VEHICLE,506 CHURCH ST,CHAPEL HILL,NC,27516,1637593200000,1637514000000,1637570700000,MISC OFFICER IN,RESIDENCE/HOME,<Null>,<Null>,21,U,F,35.916496,-79.060105,91536,POINT (-79.060105 35.916496)
195307,CHPD,B&E    LARCENY F/VEHICLE,305 MCDADE ST,CHAPEL HILL,NC,27516,1637573160000,1637496000000,1637572500000,MISC OFFICER IN,PARKING/DROP LOT/GARAGE,<Null>,<Null>,22,W,F,35.915398,-79.060721,91550,POINT (-79.060721 35.915398)
194813,CHPD,LARCENY FROM MOTOR VEHICLE,309 MCDADE ST,CHAPEL HILL,NC,27516,1636167540000,1636166400000,1636166700000,THEFT/LARCENY,RESIDENCE/HOME,N,<Null>,21,B,M,35.915303,-79.060968,91566,POINT (-79.060968 35.915303)
196409,CHPD,ASSIST CARRBORO PD,2542 GEMENA RD,CHAPEL HILL,NC,27516,1640936340000,1640935320000,1640935320000,LE ASSISTANCE,<Null>,<Null>,<Null>,<Null>,<Null>,<Null>,35.940393,-79.154139,91568,POINT (-79.154139 35.940393)
195992,CHPD,B&E    LARCENY F/VEHICLE,1800 E FRANKLIN ST,CHAPEL HILL,NC,27514,1639492800000,1639483200000,1639486740000,MISC OFFICER IN,PARKING/DROP LOT/GARAGE,<Null>,<Null>,73,W,F,35.935102,-79.024268,91593,POINT (-79.024268 35.935102)
194616,CHPD,B&E    LARCENY F/VEHICLE,800 PRITCHARD AVE EXT,CHAPEL HILL,NC,27516,1635698040000,1635697800000,1635698040000,SUSPICIOUS/WANT,PARKING/DROP LOT/GARAGE,N,<Null>,20,W,F,35.92063,-79.060446,91622,POINT (-79.060446 35.92063)
195723,CHPD,B&E    LARCENY F/VEHICLE,601 MARTIN LUTHER KING JR BLVD,CHAPEL HILL,NC,27516,1638804960000,1638712800000,1638799200000,MISC OFFICER IN,PARKING/DROP LOT/GARAGE,<Null>,<Null>,21,W,F,35.918098,-79.057456,91695,POINT (-79.057456 35.918098)
195805,CHPD,B&E    LARCENY F/VEHICLE,1751 MARTIN LUTHER KING JR BLVD,CHAPEL HILL,NC,27516,1638976380000,1638808200000,1638975900000,MISC OFFICER IN,PARKING/DROP LOT/GARAGE,<Null>,<Null>,30,B,M,35.963127,-79.05893,91860,POINT (-79.05893 35.963127)
196184,CHPD,CREDIT CARD/ATM FRAUD,1100 NC 54,CHAPEL HILL,NC,27516,1640093160000,1631923200000,1631923200000,MISC OFFICER IN,CYBERSPACE,<Null>,<Null>,41,W,F,35.899611,-79.066894,91926,POINT (-79.066894 35.899611)
195131,CHPD,B&E    LARCENY F/VEHICLE,1670 MARTIN LUTHER KING JR BLVD,CHAPEL HILL,NC,27514,1637133120000,1637132400000,1637133120000,THEFT/LARCENY,PARKING/DROP LOT/GARAGE,<Null>,<Null>,45,W,M,35.962695,-79.057152,91940,POINT (-79.057152 35.962695)
196517,CHPD,CREDIT CARD/ATM FRAUD,210 W FRANKLIN ST,CHAPEL HILL,NC,27516,1641391200000,1638281760000,1641136320000,MISC OFFICER IN,SPECIALTY/STORE,<Null>,<Null>,<Null>,<Null>,<Null>,35.912257,-79.059273,91974,POINT (-79.059273 35.912257)
195806,CHPD,SUSPICIOUS VEHICLE,233 MCCAULEY ST,CHAPEL HILL,NC,27516,1638981540000,1638967500000,1638967560000,MISC OFFICER IN,HIGHWAY/ROAD/ALLEY/STREET/SIDEWALK,<Null>,<Null>,21,W,F,35.907035,-79.057206,91998,POINT (-79.057206 35.907035)
194679,CHPD,B&E    LARCENY F/VEHICLE,740 TINKERBELL RD,CHAPEL HILL,NC,27517,1635852480000,1635760800000,1635836400000,MISC OFFICER IN,RESIDENCE/HOME,Y,<Null>,40,U,F,35.926959,-79.011828,92129,POINT (-79.011828 35.926959)
196373,CHPD,CREDIT CARD/ATM FRAUD,1718 FORDHAM BLVD,CHAPEL HILL,NC,27517,1640774880000,1640304000000,1640331000000,MISC OFFICER IN,DRUG STORE/DOCTORS OFFICE/HOSPITAL,<Null>,<Null>,46,W,F,35.936448,-79.022597,92308,POINT (-79.022597 35.936448)
194401,CHPD,B&E    LARCENY F/VEHICLE,308 PARKRIDGE AVE,CHAPEL HILL,NC,27517,1635150540000,1635089400000,1635145200000,THEFT/LARCENY,RESIDENCE/HOME,Y,<Null>,48,A,F,35.913166,-79.00971,92457,POINT (-79.00971 35.913166)
196003,CHPD,CREDIT CARD/ATM FRAUD,203 PARK BLUFF DR N,CHAPEL HILL,NC,27517,1639501260000,1639137660000,1639481280000,MISC OFFICER IN,CYBERSPACE,<Null>,<Null>,<Null>,W,F,35.914513,-79.003822,92538,POINT (-79.003822 35.914513)
195320,CHPD,B&E    LARCENY F/VEHICLE,66 OAKWOOD DR,CHAPEL HILL,NC,27517,1637598120000,1637353800000,1637395200000,MISC OFFICER IN,RESIDENCE/HOME,<Null>,<Null>,44,U,M,35.91927,-79.020998,92866,POINT (-79.020998 35.91927)
195680,CHPD,SUSPICIOUS VEHICLE,1830 FORDHAM BLVD,CHAPEL HILL,NC,27517,1638666120000,1638531660000,1638531660000,SUSPICIOUS/WANT,PARKING/DROP LOT/GARAGE,<Null>,<Null>,<Null>,<Null>,<Null>,35.945625,-79.006113,92953,POINT (-79.006113 35.945625)
232250,CHPD,B&E    LARCENY F/VEHICLE,103 LANCASTER DR,CHAPEL HILL,NC,27517,1725549660000,1630760400000,1725525000000,MISC OFFICER IN,PARKING/DROP LOT/GARAGE,,NONE,28,W,F,35.92127228,-79.00852966,108951,POINT (-79.00852966 35.92127228)
200518,CHPD,B&E    LARCENY F/VEHICLE,207 COBBLE RIDGE DR,CHAPEL HILL,NC,27516,1653546120000,1653516000000,1653545700000,THEFT/LARCENY,RESIDENCE/HOME,N,NONE,58,W,F,35.89085,-79.07338,85033,POINT (-79.07338 35.89085)
200520,CHPD,B&E    LARCENY F/VEHICLE,109 WESTSIDE DR,CHAPEL HILL,NC,27516,1653552360000,1653516000000,1653552000000,THEFT/LARCENY,RESIDENCE/HOME,N,NONE,41,W,M,35.886364,-79.070763,85072,POINT (-79.070763 35.886364)
201837,CHPD,LARCENY FROM MOTOR VEHICLE,601 HIGHGROVE DR,CHAPEL HILL,NC,27516,1657781400000,1657753200000,1657780800000,THEFT/LARCENY,RESIDENCE/HOME,N,NONE,<Null>,W,M,35.887512,-79.068726,85088,POINT (-79.068726 35.887512)
198730,CHPD,ABANDONED VEHICLE,2099 S COLUMBIA ST,CHAPEL HILL,NC,27517,1648287900000,1648287900000,1648282200000,MISC OFFICER IN,HIGHWAY/ROAD/ALLEY/STREET/SIDEWALK,<Null>,<Null>,<Null>,<Null>,<Null>,35.891342,-79.059326,85202,POINT (-79.059326 35.891342)
202051,CHPD,VEHICLE FIRE,225 CULBRETH RD,CHAPEL HILL,NC,27516,1658400120000,1658399760000,1658400120000,VEHICLE FIRE,SCHOOL-ELEMENTARY/SECONDARY,N,<Null>,46,W,F,35.890282,-79.067329,85473,POINT (-79.067329 35.890282)
199721,CHPD,LARCENY FROM MOTOR VEHICLE,100 SUMAC RD,CHAPEL HILL,NC,27517,1651175820000,1651172220000,1651175820000,THEFT/LARCENY,PARKING/DROP LOT/GARAGE,Y,<Null>,54,W,F,35.877022,-79.067123,85501,POINT (-79.067123 35.877022)
200522,CHPD,B&E    LARCENY F/VEHICLE,103 ABERDEEN DR,CHAPEL HILL,NC,27516,1653554280000,1653516000000,1653552900000,THEFT/LARCENY,RESIDENCE/HOME,N,NONE,23,W,F,35.881191,-79.064667,85520,POINT (-79.064667 35.881191)
201744,CHPD,SUSPICIOUS VEHICLE,249 BARKSDALE DR,CHAPEL HILL,NC,27516,1657405620000,1657405620000,1657405620000,SUSPICIOUS/WANT,HIGHWAY/ROAD/ALLEY/STREET/SIDEWALK,<Null>,<Null>,<Null>,<Null>,<Null>,35.880688,-79.063942,85543,POINT (-79.063942 35.880688)
200610,CHPD,B&E    LARCENY F/VEHICLE,1000 DOGWOOD ACRES DR,CHAPEL HILL,NC,27516,1653780000000,1653768000000,1653773400000,THEFT/LARCENY,PARKING/DROP LOT/GARAGE,N,NONE,50,W,M,35.872425,-79.069191,85582,POINT (-79.069191 35.872425)
200002,CHPD,B&E    LARCENY F/VEHICLE,1000 DOGWOOD ACRES DR,CHAPEL HILL,NC,27516,1651937700000,1651932000000,1651937700000,THEFT/LARCENY,PARKING/DROP LOT/GARAGE,N,<Null>,40,W,F,35.872425,-79.069191,85706,POINT (-79.069191 35.872425)
199774,CHPD,UNLAWFULLY PARKED VEHICLES,1000 DOGWOOD ACRES DR,CHAPEL HILL,NC,27516,1651318920000,1651318800000,1651318920000,TRAFFIC VIOLATI,HIGHWAY/ROAD/ALLEY/STREET/SIDEWALK,<Null>,<Null>,<Null>,<Null>,<Null>,35.872425,-79.069191,85845,POINT (-79.069191 35.872425)
200959,CHPD,SUSPICIOUS VEHICLE,100 SUMAC RD,CHAPEL HILL,NC,27517,1654905240000,1654905240000,1654905240000,MISC OFFICER IN,PARKING/DROP LOT/GARAGE,<Null>,<Null>,<Null>,<Null>,<Null>,35.877022,-79.067123,85847,POINT (-79.067123 35.877022)
198845,CHPD,VEHICLE UNLOCK,607 W FRANKLIN ST,CHAPEL HILL,NC,27516,1648680240000,1648680000000,1648680240000,PUBLIC SERVICE,PARKING/DROP LOT/GARAGE,<Null>,<Null>,18,B,M,35.909676,-79.064423,86037,POINT (-79.064423 35.909676)
196938,CHPD,LOCK OUT OF VEHICLE,729 S MERRITT MILL RD,CHAPEL HILL,NC,27516,1642905540000,1642903980000,1642905540000,PUBLIC SERVICE,RESIDENCE/HOME,<Null>,NONE,<Null>,<Null>,<Null>,35.903034,-79.066238,86073,POINT (-79.066238 35.903034)
202747,CHPD,B&E    LARCENY F/VEHICLE,5410 ENVIRON WAY,CHAPEL HILL,NC,27517,1660479120000,1660415400000,1660479120000,THEFT/LARCENY,PARKING/DROP LOT/GARAGE,N,NONE,57,W,M,35.906517,-79.020615,86080,POINT (-79.020615 35.906517)
199355,CHPD,ABANDONED VEHICLE,100 S COLUMBIA ST,CHAPEL HILL,NC,27516,1650048900000,1650048480000,1650048900000,LE ASSISTANCE,HIGHWAY/ROAD/ALLEY/STREET/SIDEWALK,<Null>,<Null>,<Null>,<Null>,<Null>,35.912701,-79.056107,86093,POINT (-79.056107 35.912701)
200362,CHPD,B&E    LARCENY F/VEHICLE,1081 NC 54,CHAPEL HILL,NC,27514,1652966400000,1652962500000,1652966100000,THEFT/LARCENY,FIELD/WOODS,Y,UNKNOWN,42,W,F,35.896358,-79.064674,86111,POINT (-79.064674 35.896358)
198326,CHPD,B&E    LARCENY F/VEHICLE,100 MARRIOTT WAY,CHAPEL HILL,NC,27517,1647077580000,1647046800000,1647076500000,THEFT/LARCENY,PARKING/DROP LOT/GARAGE,Y,<Null>,<Null>,W,M,35.90173,-79.010147,86117,POINT (-79.010147 35.90173)
199574,CHPD,B&E    LARCENY F/VEHICLE,733 W BARBEE CHAPEL RD,CHAPEL HILL,NC,27517,1650707940000,1650488400000,1650661200000,THEFT/LARCENY,PARKING/DROP LOT/GARAGE,<Null>,NONE,<Null>,W,F,35.906239,-79.016251,86137,POINT (-79.016251 35.906239)
200364,CHPD,B&E    LARCENY F/VEHICLE,1081 NC 54,CHAPEL HILL,NC,27514,1652970180000,1652965200000,1652966100000,THEFT/LARCENY,FIELD/WOODS,N,NONE,34,W,F,35.896358,-79.064674,86150,POINT (-79.064674 35.896358)
200429,CHPD,B&E    LARCENY F/VEHICLE,1081 NC 54,CHAPEL HILL,NC,27514,1653250320000,1653250320000,1653250320000,THEFT/LARCENY,PARKING/DROP LOT/GARAGE,Y,<Null>,25,W,F,35.896358,-79.064674,86177,POINT (-79.064674 35.896358)
201799,CHPD,VEHICLE UNLOCK,216 N ROBERSON ST,CHAPEL HILL,NC,27516,1657657260000,1657657260000,1657657260000,MISC OFFICER IN,PARKING/DROP LOT/GARAGE,<Null>,<Null>,58,B,M,35.912964,-79.063904,86192,POINT (-79.063904 35.912964)
200723,CHPD,B&E    LARCENY F/VEHICLE,1081 NC 54,CHAPEL HILL,NC,27514,1654186800000,1654185600000,1654185660000,THEFT/LARCENY,PARKING/DROP LOT/GARAGE,Y,NONE,<Null>,W,F,35.896358,-79.064674,86229,POINT (-79.064674 35.896358)
197934,CHPD,B&E    LARCENY F/VEHICLE,207 SHORT ST,CHAPEL HILL,NC,27516,1645867020000,1645831800000,1645867020000,THEFT/LARCENY,HIGHWAY/ROAD/ALLEY/STREET/SIDEWALK,N,<Null>,21,W,M,35.913723,-79.058968,86235,POINT (-79.058968 35.913723)
198045,CHPD,ABANDONED VEHICLE,50 HAYES RD,CHAPEL HILL,NC,27517,1646229120000,1645099200000,1646222400000,MISC OFFICER IN,HIGHWAY/ROAD/ALLEY/STREET/SIDEWALK,<Null>,NONE,<Null>,<Null>,<Null>,35.9128,-79.025902,86252,POINT (-79.025902 35.9128)
200190,CHPD,B&E    LARCENY F/VEHICLE,1068 NC 54,CHAPEL HILL,NC,27516,1652443920000,1652441400000,1652443920000,THEFT/LARCENY,PARKING/DROP LOT/GARAGE,<Null>,NONE,19,W,F,35.898445,-79.066147,86294,POINT (-79.066147 35.898445)
197997,CHPD,B&E    LARCENY F/VEHICLE,1081 NC 54,CHAPEL HILL,NC,27514,1646047800000,1646041500000,1646046000000,THEFT/LARCENY,PARKING/DROP LOT/GARAGE,<Null>,<Null>,20,W,M,35.896358,-79.064674,86329,POINT (-79.064674 35.896358)
199281,CHPD,CREDIT CARD THEFT,1414 RALEIGH RD,CHAPEL HILL,NC,27517,1649850900000,1649845800000,1649850300000,THEFT/LARCENY,COMMERCIAL OFFICE BUILDING,<Null>,NONE,36,B,F,35.904495,-79.016159,86337,POINT (-79.016159 35.904495)
198695,CHPD,B&E    LARCENY F/VEHICLE,1081 NC 54,CHAPEL HILL,NC,27514,1648215720000,1648204200000,1648215600000,THEFT/LARCENY,PARKING/DROP LOT/GARAGE,Y,<Null>,26,W,M,35.896358,-79.064674,86345,POINT (-79.064674 35.896358)
202736,CHPD,ASSIST CARRBORO PD,501 NC 54 BYPASS,CARRBORO,NC,27510,1660442640000,1660442640000,1660442640000,TRAFFIC STOP,HIGHWAY/ROAD/ALLEY/STREET/SIDEWALK,<Null>,<Null>,<Null>,<Null>,<Null>,35.903786,-79.077721,86346,POINT (-79.077721 35.903786)
202418,CHPD,B&E    LARCENY F/VEHICLE,503 W FRANKLIN ST,CHAPEL HILL,NC,27516,1659533640000,1659470400000,1659529800000,THEFT/LARCENY,PARKING/DROP LOT/GARAGE,Y,NONE,68,W,M,35.909973,-79.063454,86348,POINT (-79.063454 35.909973)
198761,CHPD,B&E    LARCENY F/VEHICLE,1081 NC 54,CHAPEL HILL,NC,27514,1648387680000,1648386000000,1648387620000,THEFT/LARCENY,PARK/PLAYGROUND,Y,<Null>,<Null>,W,F,35.896358,-79.064674,86404,POINT (-79.064674 35.896358)
201946,CHPD,LARCENY FROM MOTOR VEHICLE,1005 S COLUMBIA ST,CHAPEL HILL,NC,27516,1658074200000,1658028660000,1658046600000,THEFT/LARCENY,RESIDENCE/HOME,<Null>,NONE,48,W,M,35.896698,-79.057976,86409,POINT (-79.057976 35.896698)
196999,CHPD,B&E    LARCENY F/VEHICLE,1081 NC 54,CHAPEL HILL,NC,27514,1643113920000,1643103000000,1643110800000,THEFT/LARCENY,PARKING/DROP LOT/GARAGE,<Null>,<Null>,67,W,F,35.896358,-79.064674,86429,POINT (-79.064674 35.896358)
199802,CHPD,B&E    LARCENY F/VEHICLE,427 BROOKSIDE DR,CHAPEL HILL,NC,27516,1651418760000,1651415400000,1651417200000,THEFT/LARCENY,HIGHWAY/ROAD/ALLEY/STREET/SIDEWALK,<Null>,<Null>,21,W,F,35.903904,-79.062134,86459,POINT (-79.062134 35.903904)
200806,CHPD,B&E    LARCENY F/VEHICLE,1081 NC 54,CHAPEL HILL,NC,27514,1654448580000,1654442520000,1654448460000,THEFT/LARCENY,PARKING/DROP LOT/GARAGE,Y,<Null>,32,W,F,35.896358,-79.064674,86477,POINT (-79.064674 35.896358)
198847,CHPD,CARDIAC ARREST,101 GREEN CEDAR LN,CHAPEL HILL,NC,27517,1648700520000,1648700400000,1648700520000,CARDIAC ARREST,RESIDENCE/HOME,N,NONE,<Null>,W,M,35.909504,-79.007317,86492,POINT (-79.007317 35.909504)
197243,CHPD,B&E    LARCENY F/VEHICLE,1001 S COLUMBIA ST,CHAPEL HILL,NC,27516,1643896980000,1643895000000,1643896500000,THEFT/LARCENY,PARKING/DROP LOT/GARAGE,Y,<Null>,<Null>,W,F,35.897377,-79.057533,86511,POINT (-79.057533 35.897377)
199672,CHPD,B&E    LARCENY F/VEHICLE,1100 NC 54,CHAPEL HILL,NC,27516,1651046400000,1650987000000,1651046400000,THEFT/LARCENY,PARKING/DROP LOT/GARAGE,N,<Null>,27,B,M,35.901047,-79.065964,86532,POINT (-79.065964 35.901047)
201838,CHPD,B&E    LARCENY F/VEHICLE,407 WESTBURY DR,CHAPEL HILL,NC,27516,1657781880000,1657749600000,1657780200000,THEFT/LARCENY,RESIDENCE/HOME,N,<Null>,<Null>,W,M,35.894909,-79.072762,86553,POINT (-79.072762 35.894909)
200732,CHPD,SUSPICIOUS VEHICLE,300 MEADOWMONT VILLAGE CIR,CHAPEL HILL,NC,27517,1654200660000,1654200000000,1654200660000,SUSPICIOUS/WANT,PARKING/DROP LOT/GARAGE,<Null>,<Null>,<Null>,<Null>,<Null>,35.90464,-79.011909,86629,POINT (-79.011909 35.90464)
202485,CHPD,B&E    LARCENY F/VEHICLE,90 HAMILTON RD,CHAPEL HILL,NC,27517,1659778080000,1659731400000,1659771000000,THEFT/LARCENY,PARKING/DROP LOT/GARAGE,N,<Null>,27,W,M,35.911812,-79.023094,86681,POINT (-79.023094 35.911812)
197677,CHPD,B&E    LARCENY F/VEHICLE,1081 NC 54,CHAPEL HILL,NC,27514,1645117080000,1645117080000,1645117080000,THEFT/LARCENY,PARKING/DROP LOT/GARAGE,<Null>,<Null>,60,W,M,35.896358,-79.064674,86724,POINT (-79.064674 35.896358)
197759,CHPD,B&E OF A VEHICLE,1081 NC 54,CHAPEL HILL,NC,27514,1645359300000,1645354740000,1645357200000,THEFT/LARCENY,RESIDENCE/HOME,Y,BLUNT OBJECT,26,W,M,35.896358,-79.064674,86731,POINT (-79.064674 35.896358)
199225,CHPD,CARDIAC ARREST,12 AUDLEY LN,CHAPEL HILL,NC,27517,1649694780000,1649694300000,1649694780000,CARDIAC RESP AR,RESIDENCE/HOME,<Null>,<Null>,<Null>,B,M,35.908512,-79.022827,86739,POINT (-79.022827 35.908512)
199908,CHPD,LARCENY FROM MOTOR VEHICLE,601 MEADOWMONT VILLAGE CIR,CHAPEL HILL,NC,27517,1651678020000,1651676400000,1651676460000,THEFT/LARCENY,PARKING/DROP LOT/GARAGE,<Null>,NONE,<Null>,W,M,35.905312,-79.010284,86751,POINT (-79.010284 35.905312)
197183,CHPD,B&E    LARCENY F/VEHICLE,107 OAK TREE DR,CHAPEL HILL,NC,27517,1643718840000,1643664600000,1643711400000,THEFT/LARCENY,PARKING/DROP LOT/GARAGE,<Null>,<Null>,23,W,M,35.907173,-79.01889,86760,POINT (-79.01889 35.907173)
202645,CHPD,ANIMAL IN VEHICLE,1060 NC 54,CHAPEL HILL,NC,27516,1660205700000,1660203840000,1660204200000,ANIMAL,PARKING/DROP LOT/GARAGE,<Null>,NONE,<Null>,<Null>,<Null>,35.898693,-79.064339,86762,POINT (-79.064339 35.898693)
201373,CHPD,B&E    LARCENY F/VEHICLE,1081 NC 54,CHAPEL HILL,NC,27514,1656262560000,1656253800000,1656262200000,THEFT/LARCENY,PARK/PLAYGROUND,<Null>,<Null>,23,W,F,35.896358,-79.064674,86798,POINT (-79.064674 35.896358)
198535,CHPD,POSSIBLE B&E TO VEHICLE,417 YATES MOTOR COMPANY ALY,CHAPEL HILL,NC,27516,1647739080000,1647739080000,1647739080000,MISC OFFICER IN,<Null>,<Null>,<Null>,21,W,M,35.910034,-79.061897,86804,POINT (-79.061897 35.910034)
200929,CHPD,CREDIT CARD FRAUD,1010 RALEIGH RD,CHAPEL HILL,NC,27514,1654843440000,1654827900000,1654837200000,THEFT/LARCENY,SERVICE/GAS STATION,N,NONE,30,W,M,35.907822,-79.024223,86810,POINT (-79.024223 35.907822)
199587,CHPD,B&E    LARCENY F/VEHICLE,1081 NC 54,CHAPEL HILL,NC,27514,1650729480000,1650726000000,1650727800000,THEFT/LARCENY,HIGHWAY/ROAD/ALLEY/STREET/SIDEWALK,N,NONE,79,W,F,35.896358,-79.064674,86820,POINT (-79.064674 35.896358)
202432,CHPD,TOWED VEHICLE,133 W FRANKLIN ST,CHAPEL HILL,NC,27516,1659581760000,1659581760000,1659581760000,MISC OFFICER IN,HIGHWAY/ROAD/ALLEY/STREET/SIDEWALK,<Null>,<Null>,<Null>,<Null>,<Null>,35.912479,-79.057022,86841,POINT (-79.057022 35.912479)
198681,CHPD,SUSPICIOUS VEHICLE,333 W ROSEMARY ST,CHAPEL HILL,NC,27516,1648196280000,1648196100000,1648196280000,SUSPICIOUS/WANT,HIGHWAY/ROAD/ALLEY/STREET/SIDEWALK,N,NONE,<Null>,<Null>,<Null>,35.911716,-79.061256,86848,POINT (-79.061256 35.911716)
196956,CHPD,B&E    LARCENY F/VEHICLE,1081 NC 54,CHAPEL HILL,NC,27514,1642958400000,1642951800000,1642957200000,THEFT/LARCENY,PARKING/DROP LOT/GARAGE,N,NONE,27,W,F,35.896358,-79.064674,86853,POINT (-79.064674 35.896358)
202055,CHPD,B&E    LARCENY F/VEHICLE,1081 NC 54,CHAPEL HILL,NC,27514,1658411400000,1658411400000,1658411400000,THEFT/LARCENY,PARKING/DROP LOT/GARAGE,Y,NONE,39,W,F,35.896358,-79.064674,86867,POINT (-79.064674 35.896358)
198587,CHPD,LARCENY FROM MOTOR VEHICLE,1081 NC 54,CHAPEL HILL,NC,27514,1647890820000,1647887400000,1647890400000,THEFT/LARCENY,PARKING/DROP LOT/GARAGE,Y,UNKNOWN,44,A,F,35.896358,-79.064674,86889,POINT (-79.064674 35.896358)
201592,CHPD,B&E    LARCENY F/VEHICLE,306 W FRANKLIN ST,CHAPEL HILL,NC,27516,1657024080000,1657023900000,1657023960000,THEFT/LARCENY,PARKING/DROP LOT/GARAGE,<Null>,NONE,39,W,F,35.911839,-79.059967,86914,POINT (-79.059967 35.911839)
200058,CHPD,B&E    LARCENY F/VEHICLE,1081 NC 54,CHAPEL HILL,NC,27514,1652122440000,1652034300000,1652122200000,THEFT/LARCENY,PARKING/DROP LOT/GARAGE,<Null>,NONE,34,B,M,35.896358,-79.064674,86922,POINT (-79.064674 35.896358)
196955,CHPD,B&E    LARCENY F/VEHICLE,1081 NC 54,CHAPEL HILL,NC,27514,1642960260000,1642953600000,1642958400000,THEFT/LARCENY,PARKING/DROP LOT/GARAGE,Y,NONE,63,W,F,35.896358,-79.064674,86941,POINT (-79.064674 35.896358)
196985,CHPD,LARCENY FROM MOTOR VEHICLE,1100 NC 54,CHAPEL HILL,NC,27516,1643075700000,1643075400000,1643075700000,THEFT/LARCENY,PARKING/DROP LOT/GARAGE,N,NONE,<Null>,A,M,35.899693,-79.067749,86988,POINT (-79.067749 35.899693)
199609,CHPD,VEHICLE UNLOCK,1003 S HAMILTON RD,CHAPEL HILL,NC,27517,1650871200000,1650870000000,1650871200000,PUBLIC SERVICE,PARKING/DROP LOT/GARAGE,<Null>,<Null>,23,A,F,35.907162,-79.023697,87000,POINT (-79.023697 35.907162)
197534,CHPD,B&E    LARCENY F/VEHICLE,103 TIMBER HOLLOW CT,CHAPEL HILL,NC,27514,1644682860000,1644606000000,1644679860000,MISC OFFICER IN,PARKING/DROP LOT/GARAGE,N,NONE,21,B,F,35.92696,-79.05294,87011,POINT (-79.05294 35.92696)
197227,CHPD,B&E    LARCENY F/VEHICLE,714 E FRANKLIN ST,CHAPEL HILL,NC,27514,1643839800000,1643839560000,1643839680000,THEFT/LARCENY,RESIDENCE/HOME,N,<Null>,46,W,F,35.916672,-79.042336,87026,POINT (-79.042336 35.916672)
198899,CHPD,LOCKED VEHICLE,632 CHRISTOPHER RD,CHAPEL HILL,NC,27514,1648836360000,1648836300000,1648836360000,PUBLIC SERVICE,RESIDENCE/HOME,<Null>,<Null>,59,B,F,35.920544,-79.026863,87031,POINT (-79.026863 35.920544)
202075,CHPD,B&E    LARCENY F/VEHICLE,1 DAVIE LN,CHAPEL HILL,NC,27514,1658475480000,1658439000000,1658475000000,THEFT/LARCENY,RESIDENCE/HOME,N,UNKNOWN,<Null>,W,M,35.917984,-79.035194,87035,POINT (-79.035194 35.917984)
199767,CHPD,TOWED VEHICLE,150 E ROSEMARY ST,CHAPEL HILL,NC,27514,1651285320000,1651285320000,1651285320000,SUSPICIOUS/WANT,HIGHWAY/ROAD/ALLEY/STREET/SIDEWALK,<Null>,NONE,<Null>,<Null>,<Null>,35.914665,-79.054138,87042,POINT (-79.054138 35.914665)
197521,CHPD,B&E    LARCENY F/VEHICLE,220 ELIZABETH ST,CHAPEL HILL,NC,27514,1644624720000,1644621120000,1644624720000,THEFT/LARCENY,PARKING/DROP LOT/GARAGE,<Null>,NONE,35,W,F,35.926502,-79.041214,87047,POINT (-79.041214 35.926502)
198936,CHPD,TOWED VEHICLE,103 N COLUMBIA ST,CHAPEL HILL,NC,27516,1648950300000,1648936800000,1648950300000,INFO MESSAGE,PARKING/DROP LOT/GARAGE,<Null>,<Null>,60,W,F,35.914116,-79.056366,87056,POINT (-79.056366 35.914116)
202748,CHPD,B&E    LARCENY F/VEHICLE,9 BRANDON RD,CHAPEL HILL,NC,27517,1660483740000,1660429800000,1660483740000,THEFT/LARCENY,HIGHWAY/ROAD/ALLEY/STREET/SIDEWALK,N,<Null>,61,W,M,35.915417,-79.024178,87091,POINT (-79.024178 35.915417)
201596,CHPD,B&E    LARCENY F/VEHICLE,204 CARR ST,CHAPEL HILL,NC,27516,1657026600000,1656936000000,1656995400000,THEFT/LARCENY,PARKING/DROP LOT/GARAGE,N,NONE,<Null>,W,M,35.91518,-79.058922,87100,POINT (-79.058922 35.91518)
200500,CHPD,SUSPICIOUS VEHICLE,104 ISLEY ST,CHAPEL HILL,NC,27516,1653495060000,1653433200000,1653495060000,SUSPICIOUS/WANT,PARKING/DROP LOT/GARAGE,<Null>,<Null>,58,W,F,35.918583,-79.058411,87120,POINT (-79.058411 35.918583)
197364,CHPD,TOWED VEHICLE,200 E FRANKLIN ST,CHAPEL HILL,NC,27514,1644160920000,1644160140000,1644160920000,TRAFFIC VIOLATI,HIGHWAY/ROAD/ALLEY/STREET/SIDEWALK,<Null>,<Null>,<Null>,<Null>,<Null>,35.914337,-79.052879,87121,POINT (-79.052879 35.914337)
202294,CHPD,B&E    LARCENY F/VEHICLE,730 PRITCHARD PARK,CHAPEL HILL,NC,27514,1659172140000,1659117600000,1659171600000,THEFT/LARCENY,PARKING/DROP LOT/GARAGE,N,<Null>,58,B,M,35.920116,-79.060921,87133,POINT (-79.060921 35.920116)
201839,CHPD,B&E    LARCENY F/VEHICLE,411 FLEMINGTON RD,CHAPEL HILL,NC,27517,1657787820000,1657746000000,1657787700000,THEFT/LARCENY,PARKING/DROP LOT/GARAGE,<Null>,<Null>,<Null>,<Null>,<Null>,35.9146,-79.025276,87215,POINT (-79.025276 35.9146)
202529,CHPD,B&E    LARCENY F/VEHICLE,300 COLUMBIA PL E,CHAPEL HILL,NC,27516,1659947040000,1659910500000,1659946980000,THEFT/LARCENY,PARKING/DROP LOT/GARAGE,<Null>,NONE,35,W,F,35.922348,-79.057098,87295,POINT (-79.057098 35.922348)
197749,CHPD,SUSPICIOUS VEHICLE,710 CLELAND DR,CHAPEL HILL,NC,27517,1645306260000,1645306260000,1645306260000,SUSPICIOUS/WANT,PARK/PLAYGROUND,<Null>,NONE,<Null>,<Null>,<Null>,35.921585,-79.023903,87309,POINT (-79.023903 35.921585)
198939,CHPD,TOWED VEHICLE,403 MARTIN LUTHER KING JR BLVD,CHAPEL HILL,NC,27516,1648970220000,1648970220000,1648970220000,TRAFFIC VIOLATI,HIGHWAY/ROAD/ALLEY/STREET/SIDEWALK,<Null>,<Null>,<Null>,<Null>,<Null>,35.916058,-79.057251,87326,POINT (-79.057251 35.916058)
197247,CHPD,B&E    LARCENY F/VEHICLE,1102 E FRANKLIN ST,CHAPEL HILL,NC,27514,1643902800000,1643565600000,1643900400000,MISC OFFICER IN,RESIDENCE/HOME,<Null>,<Null>,39,W,M,35.92696,-79.05294,87339,POINT (-79.05294 35.92696)
198884,CHPD,B&E    LARCENY F/VEHICLE,602 MARTIN LUTHER KING JR BLVD,CHAPEL HILL,NC,27514,1648817700000,1648749600000,1648814400000,THEFT/LARCENY,HIGHWAY/ROAD/ALLEY/STREET/SIDEWALK,<Null>,NONE,<Null>,W,F,35.919174,-79.053261,87361,POINT (-79.053261 35.919174)
198013,CHPD,B&E    LARCENY F/VEHICLE,200 PINEGATE CIR,CHAPEL HILL,NC,27514,1646130840000,1646078400000,1646127900000,MISC OFFICER IN,PARKING/DROP LOT/GARAGE,<Null>,NONE,<Null>,W,M,35.92696,-79.05294,87376,POINT (-79.05294 35.92696)
196864,CHPD,B&E    LARCENY F/VEHICLE,309 BROOKS ST,CHAPEL HILL,NC,27516,1642685340000,1642608000000,1642672800000,THEFT/LARCENY,RESIDENCE/HOME,<Null>,<Null>,58,W,M,35.916367,-79.061462,87385,POINT (-79.061462 35.916367)
200611,CHPD,SUSPICIOUS VEHICLE,425 HILLSBOROUGH ST,CHAPEL HILL,NC,27514,1653781020000,1653780600000,1653781020000,SUSPICIOUS/WANT,RESIDENCE/HOME,<Null>,NONE,22,W,F,35.920395,-79.052292,87431,POINT (-79.052292 35.920395)
197131,CHPD,B&E    LARCENY F/VEHICLE,146 E LONGVIEW ST,CHAPEL HILL,NC,27516,1643541540000,1643502600000,1643535900000,THEFT/LARCENY,RESIDENCE/HOME,N,NONE,20,W,M,35.920712,-79.056465,87437,POINT (-79.056465 35.920712)
199741,CHPD,LARCENY FROM MOTOR VEHICLE,113 NOBLE ST,CHAPEL HILL,NC,27516,1651234200000,1650585600000,1650733200000,PUBLIC SERVICE,HIGHWAY/ROAD/ALLEY/STREET/SIDEWALK,<Null>,NONE,<Null>,<Null>,<Null>,35.92696,-79.05294,87442,POINT (-79.05294 35.92696)
199660,CHPD,LAWFULLY PARKED VEHICLE COMPLAINT,14 DAVIE CIR,CHAPEL HILL,NC,27514,1650980520000,1650976560000,1650980520000,INFO MESSAGE,HIGHWAY/ROAD/ALLEY/STREET/SIDEWALK,<Null>,<Null>,<Null>,<Null>,<Null>,35.917892,-79.037575,87466,POINT (-79.037575 35.917892)
197152,CHPD,B&E    LARCENY F/VEHICLE,13 BLUFF TRL,CHAPEL HILL,NC,27516,1643633280000,1643567400000,1643628600000,THEFT/LARCENY,PARKING/DROP LOT/GARAGE,N,NONE,<Null>,W,M,35.920834,-79.066414,87475,POINT (-79.066414 35.920834)
197325,CHPD,SUSPICIOUS VEHICLE,425 HILLSBOROUGH ST,CHAPEL HILL,NC,27514,1644073380000,1644071400000,1644073380000,TRAFFIC VIOLATI,PARKING/DROP LOT/GARAGE,<Null>,<Null>,<Null>,<Null>,<Null>,35.920395,-79.052292,87479,POINT (-79.052292 35.920395)
197649,CHPD,B&E    LARCENY F/VEHICLE,1081 NC 54,CHAPEL HILL,NC,27517,1645028400000,1645019100000,1645028400000,MISC OFFICER IN,PARKING/DROP LOT/GARAGE,<Null>,<Null>,68,W,M,35.92696,-79.05294,87491,POINT (-79.05294 35.92696)
200851,CHPD,B&E    LARCENY F/VEHICLE,425 HILLSBOROUGH ST,CHAPEL HILL,NC,27514,1654608540000,1654437600000,1654597800000,THEFT/LARCENY,PARKING/DROP LOT/GARAGE,<Null>,<Null>,<Null>,B,F,35.92696,-79.05294,87535,POINT (-79.05294 35.92696)
198719,CHPD,LARCENY FROM MOTOR VEHICLE,204 SHORT ST,CHAPEL HILL,NC,27516,1648250520000,1648248000000,1648249500000,THEFT/LARCENY,PARKING/DROP LOT/GARAGE,N,<Null>,49,W,F,35.914478,-79.05864,87538,POINT (-79.05864 35.914478)
202209,CHPD,B&E    LARCENY F/VEHICLE,213 COLUMBIA PL W,CHAPEL HILL,NC,27516,1658911440000,1658872800000,1658908800000,THEFT/LARCENY,RESIDENCE/HOME,N,NONE,<Null>,W,F,35.921703,-79.058403,87563,POINT (-79.058403 35.921703)
198937,CHPD,RECOVERED STOLEN VEHICLE,130 S ESTES DR,CHAPEL HILL,NC,27514,1648960800000,1648960680000,1648960800000,MISC OFFICER IN,RESIDENCE/HOME,<Null>,<Null>,44,B,M,35.926918,-79.0308,87584,POINT (-79.0308 35.926918)
198694,CHPD,B&E    LARCENY F/VEHICLE,365 SUMMERWALK CIR,CHAPEL HILL,NC,27517,1648214520000,1647446400000,1648211400000,MISC OFFICER IN,PARKING/DROP LOT/GARAGE,Y,<Null>,65,W,M,35.92696,-79.05294,87590,POINT (-79.05294 35.92696)
196861,CHPD,B&E    LARCENY F/VEHICLE,603 COTTON ST,CHAPEL HILL,NC,27516,1642674120000,1642578300000,1642672800000,THEFT/LARCENY,RESIDENCE/HOME,<Null>,<Null>,<Null>,W,F,35.916344,-79.063278,87596,POINT (-79.063278 35.916344)
197632,CHPD,B&E    LARCENY F/VEHICLE,104 COLUMBIA PLACE DR,CHAPEL HILL,NC,27516,1645004940000,1644881400000,1644962400000,THEFT/LARCENY,HIGHWAY/ROAD/ALLEY/STREET/SIDEWALK,<Null>,<Null>,21,W,F,35.922264,-79.05735,87628,POINT (-79.05735 35.922264)
196795,CHPD,B&E    LARCENY F/VEHICLE,250 S ESTES DR,CHAPEL HILL,NC,27514,1642415700000,1642248000000,1642413600000,THEFT/LARCENY,PARKING/DROP LOT/GARAGE,Y,<Null>,41,W,M,35.925072,-79.027672,87633,POINT (-79.027672 35.925072)
201940,CHPD,LARCENY FROM MOTOR VEHICLE,800 MARTIN LUTHER KING JR BLVD,CHAPEL HILL,NC,27514,1658064720000,1658062800000,1658064720000,THEFT/LARCENY,PARKING/DROP LOT/GARAGE,<Null>,<Null>,31,B,M,35.925396,-79.053558,87659,POINT (-79.053558 35.925396)
196708,CHPD,B&E    LARCENY F/VEHICLE,1 SHEPHERD LN,CHAPEL HILL,NC,27514,1642093560000,1641744000000,1641979800000,THEFT/LARCENY,PARKING/DROP LOT/GARAGE,N,NONE,<Null>,B,F,35.924973,-79.030914,87679,POINT (-79.030914 35.924973)
197784,CHPD,B&E    LARCENY F/VEHICLE,602 S COLUMBIA ST,CHAPEL HILL,NC,27516,1645445340000,1645392600000,1645437600000,MISC OFFICER IN,RESIDENCE/HOME,N,NONE,22,W,F,35.92696,-79.05294,87695,POINT (-79.05294 35.92696)
197535,CHPD,B&E    LARCENY F/VEHICLE,1212 HILLVIEW RD,CHAPEL HILL,NC,27514,1644694020000,1644562800000,1644573000000,THEFT/LARCENY,RESIDENCE/HOME,<Null>,<Null>,31,W,F,35.92532,-79.034744,87700,POINT (-79.034744 35.92532)
199775,CHPD,LARCENY OF DEBIT CARD,322 MCMASTERS ST,CHAPEL HILL,NC,27516,1651326240000,1651176000000,1651237200000,FRAUD OR DECEPT,RESIDENCE/HOME,<Null>,NONE,63,B,M,35.918552,-79.064026,87711,POINT (-79.064026 35.918552)
197229,CHPD,LARCENY FROM MOTOR VEHICLE,1115 VALLEY PARK DR,CHAPEL HILL,NC,27514,1643863740000,1643862600000,1643863500000,THEFT/LARCENY,RESIDENCE/HOME,N,NONE,41,W,F,35.924049,-79.035248,87713,POINT (-79.035248 35.924049)
197114,CHPD,B&E    LARCENY F/VEHICLE,219 E ROSEMARY ST,CHAPEL HILL,NC,27514,1643461500000,1643396400000,1643461500000,THEFT/LARCENY,PARKING/DROP LOT/GARAGE,N,NONE,22,W,F,35.916061,-79.051903,87741,POINT (-79.051903 35.916061)
196681,CHPD,ABANDONED VEHICLE,138 HAMILTON RD,CHAPEL HILL,NC,27517,1641993300000,1641990180000,1641990240000,MISC OFFICER IN,<Null>,<Null>,<Null>,<Null>,<Null>,<Null>,35.914146,-79.0233,87765,POINT (-79.0233 35.914146)
197994,CHPD,TOWED VEHICLE,14 DAVIE CIR,CHAPEL HILL,NC,27514,1646040240000,1646034420000,1646034420000,INFO MESSAGE,HIGHWAY/ROAD/ALLEY/STREET/SIDEWALK,<Null>,<Null>,<Null>,W,M,35.917892,-79.037575,87834,POINT (-79.037575 35.917892)
200869,CHPD,B&E    LARCENY F/VEHICLE,602 MARTIN LUTHER KING JR BLVD,CHAPEL HILL,NC,27514,1654648380000,1654646400000,1654648380000,MISC OFFICER IN,HIGHWAY/ROAD/ALLEY/STREET/SIDEWALK,N,<Null>,22,W,F,35.919174,-79.053261,87835,POINT (-79.053261 35.919174)
200842,CHPD,SUSPICIOUS VEHICLE,171 E FRANKLIN ST,CHAPEL HILL,NC,27514,1654579680000,1654579680000,1654579680000,SUSPICIOUS/WANT,HIGHWAY/ROAD/ALLEY/STREET/SIDEWALK,<Null>,<Null>,<Null>,<Null>,<Null>,35.914307,-79.053513,87863,POINT (-79.053513 35.914307)
197419,CHPD,B&E    LARCENY F/VEHICLE,158 HAMILTON RD,CHAPEL HILL,NC,27517,1644390000000,1644385500000,1644390000000,THEFT/LARCENY,PARKING/DROP LOT/GARAGE,Y,<Null>,41,W,F,35.915295,-79.02253,87867,POINT (-79.02253 35.915295)
196833,CHPD,B&E    LARCENY F/VEHICLE,1214 HILLVIEW RD,CHAPEL HILL,NC,27514,1642580340000,1642580340000,1642580340000,THEFT/LARCENY,RESIDENCE/HOME,N,NONE,21,B,F,35.925579,-79.034782,87899,POINT (-79.034782 35.925579)
201462,CHPD,ASSIST CARRBORO,108 LISA LN,CARRBORO,NC,27510,1656547680000,1656547680000,1656547680000,SUSPICIOUS/WANT,RESIDENCE/HOME,<Null>,NONE,<Null>,<Null>,<Null>,35.922272,-79.092323,87901,POINT (-79.092323 35.922272)
198364,CHPD,VEHICLE UNLOCK,415 N COLUMBIA ST,CHAPEL HILL,NC,27516,1647199980000,1647199980000,1647199980000,PUBLIC SERVICE,HIGHWAY/ROAD/ALLEY/STREET/SIDEWALK,<Null>,<Null>,28,B,F,35.917027,-79.058548,87904,POINT (-79.058548 35.917027)
199084,CHPD,B&E    LARCENY F/VEHICLE,702 N COLUMBIA ST,CHAPEL HILL,NC,27516,1649293380000,1649292900000,1649293080000,SUSPICIOUS/WANT,HIGHWAY/ROAD/ALLEY/STREET/SIDEWALK,N,NONE,21,W,F,35.919289,-79.059723,87949,POINT (-79.059723 35.919289)
202670,CHPD,TOWED VEHICLE,COUCH RD/E FRANKLIN ST,CHAPEL HILL,NC,27514,1660250100000,1660250100000,1660250100000,TRAFFIC VIOLATI,<Null>,<Null>,<Null>,64,W,F,35.933014,-79.031471,88026,POINT (-79.031471 35.933014)
196916,CHPD,LARCENY FROM MOTOR VEHICLE,305 HICKORY DR,CHAPEL HILL,NC,27517,1642839900000,1642795200000,1642836600000,THEFT/LARCENY,HIGHWAY/ROAD/ALLEY/STREET/SIDEWALK,<Null>,<Null>,38,W,M,35.930164,-79.023613,88069,POINT (-79.023613 35.930164)
200802,CHPD,B&E    LARCENY F/VEHICLE,1000 WILLOW DR,CHAPEL HILL,NC,27514,1654411560000,1654365600000,1654411560000,THEFT/LARCENY,PARKING/DROP LOT/GARAGE,N,NONE,43,W,F,35.930481,-79.025368,88186,POINT (-79.025368 35.930481)
197009,CHPD,B&E    LARCENY F/VEHICLE,1081 NC 54,CHAPEL HILL,NC,27516,1643127840000,1643103000000,1643126400000,THEFT/LARCENY,PARKING/DROP LOT/GARAGE,<Null>,<Null>,21,A,F,35.92873,-79.03405,88209,POINT (-79.03405 35.92873)
197079,CHPD,SUSPICIOUS VEHICLE,201 S ESTES DR,CHAPEL HILL,NC,27514,1643340180000,1643340120000,1643340180000,MISC OFFICER IN,<Null>,<Null>,<Null>,<Null>,<Null>,<Null>,35.927822,-79.027039,88243,POINT (-79.027039 35.927822)
199610,CHPD,B&E    LARCENY F/VEHICLE,612 TINKERBELL RD,CHAPEL HILL,NC,27517,1650872760000,1650835800000,1650871800000,THEFT/LARCENY,RESIDENCE/HOME,N,<Null>,<Null>,<Null>,<Null>,35.931637,-79.011589,88270,POINT (-79.011589 35.931637)
196454,CHPD,B&E    LARCENY F/VEHICLE,1002 WILLOW DR,CHAPEL HILL,NC,27514,1641117900000,1641042000000,1641117600000,SUSPICIOUS/WANT,PARKING/DROP LOT/GARAGE,<Null>,<Null>,52,B,M,35.930519,-79.028168,88302,POINT (-79.028168 35.930519)
199476,CHPD,CARS PARKED IN ROADWAY,1917 EPHESUS CHURCH RD,CHAPEL HILL,NC,27517,1650466800000,1650463200000,1650466260000,TRAFFIC VIOLATI,HIGHWAY/ROAD/ALLEY/STREET/SIDEWALK,<Null>,NONE,<Null>,<Null>,<Null>,35.931568,-79.003876,88392,POINT (-79.003876 35.931568)
196632,CHPD,UNLOCK CAR,120 CONNER DR,CHAPEL HILL,NC,27514,1641823260000,1641823260000,1641823260000,MISC OFFICER IN,COMMERCIAL OFFICE BUILDING,N,NONE,56,W,F,35.930653,-79.029144,88431,POINT (-79.029144 35.930653)
199985,CHPD,VEHICLE LOCK OUT,218 CONNER DR,CHAPEL HILL,NC,27514,1651889700000,1651889700000,1651889700000,PUBLIC SERVICE,PARKING/DROP LOT/GARAGE,<Null>,NONE,26,W,F,35.932381,-79.029259,88478,POINT (-79.029259 35.932381)
199165,CHPD,LARCENY FROM MOTOR VEHICLE,201 S ESTES DR,CHAPEL HILL,NC,27514,1649525280000,1649520000000,1649525280000,THEFT/LARCENY,PARKING/DROP LOT/GARAGE,Y,<Null>,<Null>,W,F,35.927822,-79.027039,88491,POINT (-79.027039 35.927822)
199797,CHPD,DEBIT CARD THEFT,1201 MARTIN LUTHER KING JR BLVD,CHAPEL HILL,NC,27516,1651410660000,1651396200000,1651402800000,ADMINISTRATIVE,HIGHWAY/ROAD/ALLEY/STREET/SIDEWALK,<Null>,NONE,<Null>,W,M,35.92696,-79.05294,88517,POINT (-79.05294 35.92696)
197623,CHPD,LOCK OUT OF VEHICLE,237 S ELLIOTT RD,CHAPEL HILL,NC,27514,1644968760000,1644968400000,1644968760000,MISC OFFICER IN,HIGHWAY/ROAD/ALLEY/STREET/SIDEWALK,<Null>,NONE,39,W,M,35.932465,-79.026588,88543,POINT (-79.026588 35.932465)
198286,CHPD,B&E    LARCENY F/VEHICLE,201 S ESTES DR,CHAPEL HILL,NC,27514,1646938260000,1646934300000,1646938260000,THEFT/LARCENY,PARKING/DROP LOT/GARAGE,N,UNKNOWN,<Null>,W,F,35.927822,-79.027039,88599,POINT (-79.027039 35.927822)
202718,CHPD,B&E    LARCENY F/VEHICLE,9801 SEAWELL SCHOOL RD,CHAPEL HILL,NC,27516,1660409880000,1660407300000,1660409820000,THEFT/LARCENY,HIGHWAY/ROAD/ALLEY/STREET/SIDEWALK,<Null>,UNKNOWN,<Null>,I,F,35.930828,-79.072128,88671,POINT (-79.072128 35.930828)
199222,CHPD,STOLEN VEHICLE,201 S ESTES DR,CHAPEL HILL,NC,27514,1649699580000,1649697780000,1649699580000,THEFT/LARCENY,SERVICE/GAS STATION,<Null>,<Null>,30,W,M,35.927822,-79.027039,88692,POINT (-79.027039 35.927822)
201207,CHPD,ABANDONED VEHICLE,100 S ESTES DR,CHAPEL HILL,NC,27514,1655807040000,1654596000000,1655807040000,MISC OFFICER IN,HIGHWAY/ROAD/ALLEY/STREET/SIDEWALK,N,NONE,<Null>,<Null>,<Null>,35.929367,-79.034302,88762,POINT (-79.034302 35.929367)
199582,CHPD,B&E    LARCENY F/VEHICLE,317 BARCLAY RD,CHAPEL HILL,NC,27516,1650721560000,1650646800000,1650713400000,THEFT/LARCENY,RESIDENCE/HOME,N,NONE,66,W,F,35.927071,-79.064766,88780,POINT (-79.064766 35.927071)
196933,CHPD,LARCENY FROM MOTOR VEHICLE,400 FORMOSA LN,CHAPEL HILL,NC,27517,1642886580000,1642867200000,1642882800000,MISC OFFICER IN,PARKING/DROP LOT/GARAGE,<Null>,NONE,59,B,F,35.92696,-79.05294,88813,POINT (-79.05294 35.92696)
198056,CHPD,POSSESSION OF STOLEN VEHICLE.,130 S ESTES DR,CHAPEL HILL,NC,27514,1646252220000,1646251200000,1646251800000,SUSPICIOUS/WANT,HIGHWAY/ROAD/ALLEY/STREET/SIDEWALK,<Null>,<Null>,50,W,F,35.927822,-79.027039,88852,POINT (-79.027039 35.927822)
200984,CHPD,B&E    LARCENY F/VEHICLE,114 ASHLEY FOREST RD,CHAPEL HILL,NC,27514,1655023560000,1654932600000,1655023560000,BURGLARY/HOME I,PARKING/DROP LOT/GARAGE,N,<Null>,53,B,M,35.944115,-79.056351,89017,POINT (-79.056351 35.944115)
201742,CHPD,SUSPICIOUS VEHICLES,9217 SEAWELL SCHOOL RD,CHAPEL HILL,NC,27516,1657403280000,1657402800000,1657403280000,MISC OFFICER IN,SCHOOL/COLLEGE (USE 52 OR 53),<Null>,<Null>,<Null>,<Null>,<Null>,35.946213,-79.078423,89030,POINT (-79.078423 35.946213)
202483,CHPD,B&E    LARCENY F/VEHICLE,5639 OLD CHAPEL HILL RD,DURHAM,NC,27707,1659771960000,1659720600000,1659767100000,THEFT/LARCENY,SERVICE/GAS STATION,<Null>,<Null>,<Null>,B,F,35.943741,-79.001053,89034,POINT (-79.001053 35.943741)
202267,CHPD,LARCENY FROM MOTOR VEHICLE,1830 FORDHAM BLVD,CHAPEL HILL,NC,27517,1659095460000,1659081600000,1659095460000,THEFT/LARCENY,HIGHWAY/ROAD/ALLEY/STREET/SIDEWALK,<Null>,<Null>,<Null>,<Null>,<Null>,35.945686,-79.006119,89127,POINT (-79.006119 35.945686)
200185,CHPD,SUSPICIOUS VEHICLE,707 WELLINGTON DR,CHAPEL HILL,NC,27514,1652442060000,1652436360000,1652442060000,PUBLIC SERVICE,HIGHWAY/ROAD/ALLEY/STREET/SIDEWALK,N,NONE,<Null>,<Null>,<Null>,35.940319,-79.047615,89159,POINT (-79.047615 35.940319)
197945,CHPD,B&E    LARCENY F/VEHICLE,980 MARTIN LUTHER KING JR BLVD,CHAPEL HILL,NC,27514,1645884360000,1645879800000,1645884360000,THEFT/LARCENY,PARKING/DROP LOT/GARAGE,Y,NONE,<Null>,W,F,35.934032,-79.054382,89193,POINT (-79.054382 35.934032)
199255,CHPD,CARELESS AND RECKLESS DRIVING,1811 E FRANKLIN ST,CHAPEL HILL,NC,27514,1649793720000,1649793720000,1649793720000,TRAFFIC STOP,HIGHWAY/ROAD/ALLEY/STREET/SIDEWALK,<Null>,<Null>,<Null>,<Null>,<Null>,35.935062,-79.029419,89198,POINT (-79.029419 35.935062)
199261,CHPD,TOWED VEHICLE,1744 FORDHAM BLVD,CHAPEL HILL,NC,27514,1649813100000,1649726400000,1649813100000,THEFT/LARCENY,HIGHWAY/ROAD/ALLEY/STREET/SIDEWALK,<Null>,<Null>,53,W,F,35.940136,-79.019974,89229,POINT (-79.019974 35.940136)
200830,CHPD,B&E    LARCENY F/VEHICLE,108 TIMBER HOLLOW CT,CHAPEL HILL,NC,27514,1654526880000,1654455600000,1654520400000,THEFT/LARCENY,RESIDENCE/HOME,N,NONE,<Null>,B,M,35.941631,-79.054459,89230,POINT (-79.054459 35.941631)
202225,CHPD,UNLOCK VEHICLE(ATTEMPT),408 N ESTES DR,CHAPEL HILL,NC,27514,1658945400000,1658945400000,1658945400000,PUBLIC SERVICE,RESIDENCE/HOME,<Null>,NONE,63,B,F,35.934132,-79.04203,89242,POINT (-79.04203 35.934132)
202118,CHPD,B&E    LARCENY F/VEHICLE,109 SHADOWOOD DR,CHAPEL HILL,NC,27514,1658598240000,1658529000000,1658598240000,THEFT/LARCENY,PARKING/DROP LOT/GARAGE,N,NONE,25,B,F,35.938202,-79.055199,89251,POINT (-79.055199 35.938202)
197631,CHPD,B&E    LARCENY F/VEHICLE,108 TIMBER HOLLOW CT,CHAPEL HILL,NC,27514,1645003380000,1644962400000,1645003200000,THEFT/LARCENY,PARKING/DROP LOT/GARAGE,<Null>,<Null>,49,B,F,35.941559,-79.054344,89273,POINT (-79.054344 35.941559)
197418,CHPD,LARCENY FROM MOTOR VEHICLE,102 TIMBER HOLLOW CT,CHAPEL HILL,NC,27514,1644380520000,1644380520000,1644380520000,THEFT/LARCENY,RESIDENCE/HOME,<Null>,<Null>,23,B,F,35.940029,-79.055649,89289,POINT (-79.055649 35.940029)
200641,CHPD,CARDIAC ARREST,1800 E FRANKLIN ST,CHAPEL HILL,NC,27514,1653858000000,1653857880000,1653858000000,CARDIAC ARREST,GROCERY/SUPERMARKET,<Null>,<Null>,<Null>,W,M,35.935158,-79.024284,89297,POINT (-79.024284 35.935158)
200095,CHPD,B&E    LARCENY F/VEHICLE,1728 FORDHAM BLVD,CHAPEL HILL,NC,27517,1652214900000,1652214900000,1652214900000,THEFT/LARCENY,HIGHWAY/ROAD/ALLEY/STREET/SIDEWALK,N,BLUNT OBJECT,24,W,F,35.937782,-79.020767,89299,POINT (-79.020767 35.937782)
198794,CHPD,ABANDONED VEHICLE,225 OLD DURHAM RD,CHAPEL HILL,NC,27517,1648500900000,1648500600000,1648500900000,SUSPICIOUS/WANT,HIGHWAY/ROAD/ALLEY/STREET/SIDEWALK,<Null>,<Null>,<Null>,<Null>,<Null>,35.94429,-79.00753,89315,POINT (-79.00753 35.94429)
199847,CHPD,B&E    LARCENY F/VEHICLE,200 STANDISH DR,CHAPEL HILL,NC,27517,1651569420000,1651546800000,1651564800000,THEFT/LARCENY,RESIDENCE/HOME,N,NONE,<Null>,<Null>,<Null>,35.939365,-79.009354,89320,POINT (-79.009354 35.939365)
196677,CHPD,LARCENY FROM MOTOR VEHICLE,1749 DOBBINS DR,CHAPEL HILL,NC,27514,1641980400000,1641979800000,1641980400000,SUSPICIOUS/WANT,PARKING/DROP LOT/GARAGE,N,<Null>,23,B,F,35.945683,-79.014503,89359,POINT (-79.014503 35.945683)
196697,CHPD,LARCENY FROM MOTOR VEHICLE,81 S ELLIOTT RD,CHAPEL HILL,NC,27514,1642072440000,1642071600000,1642072200000,THEFT/LARCENY,PARKING/DROP LOT/GARAGE,N,<Null>,74,W,F,35.93475,-79.028107,89364,POINT (-79.028107 35.93475)
202103,CHPD,B&E    LARCENY F/VEHICLE,103 MISTY WOODS CIR,CHAPEL HILL,NC,27514,1658570880000,1658534940000,1658570400000,THEFT/LARCENY,PARKING/DROP LOT/GARAGE,N,NONE,25,B,F,35.937683,-79.056236,89375,POINT (-79.056236 35.937683)
198102,CHPD,B&E    LARCENY F/VEHICLE,230 BLUEFIELD RD,CHAPEL HILL,NC,27517,1646403060000,1646344800000,1646400600000,THEFT/LARCENY,RESIDENCE/HOME,N,<Null>,27,A,F,35.942268,-79.005775,89378,POINT (-79.005775 35.942268)
200396,CHPD,ABANDONED VEHICLE,1098 MARTIN LUTHER KING JR BLVD,CHAPEL HILL,NC,27514,1653074340000,1653074340000,1653074340000,TRAFFIC VIOLATI,HIGHWAY/ROAD/ALLEY/STREET/SIDEWALK,<Null>,<Null>,<Null>,<Null>,<Null>,35.939365,-79.056915,89393,POINT (-79.056915 35.939365)
199115,CHPD,SUSPICIOUS VEHICLE,100 JACKIE ROBINSON ST,CHAPEL HILL,NC,27517,1649376960000,1649376600000,1649376960000,SUSPICIOUS/WANT,HIGHWAY/ROAD/ALLEY/STREET/SIDEWALK,<Null>,<Null>,<Null>,<Null>,<Null>,35.941032,-79.01477,89399,POINT (-79.01477 35.941032)
200496,CHPD,LARCENY FROM MOTOR VEHICLE,225 OLD DURHAM RD,CHAPEL HILL,NC,27517,1653483300000,1653465600000,1653483300000,THEFT/LARCENY,PARKING/DROP LOT/GARAGE,<Null>,<Null>,<Null>,<Null>,<Null>,35.94429,-79.00753,89418,POINT (-79.00753 35.94429)
199649,CHPD,B&E    LARCENY F/VEHICLE,108 EPHESUS CHURCH RD,CHAPEL HILL,NC,27517,1650970500000,1650916800000,1650970500000,THEFT/LARCENY,PARKING/DROP LOT/GARAGE,<Null>,<Null>,36,W,F,35.935032,-79.020828,89426,POINT (-79.020828 35.935032)
198126,CHPD,CARDIAC ARREST,213 STANDISH DR,CHAPEL HILL,NC,27517,1646463840000,1646442000000,1646463600000,CARDIAC ARREST,RESIDENCE/HOME,N,<Null>,<Null>,B,F,35.940632,-79.008774,89449,POINT (-79.008774 35.940632)
201733,CHPD,ASSIST MOTORIST DISABLED VEHICLE,1810 EASTGATE CROSSING,CHAPEL HILL,NC,27514,1657377780000,1657377300000,1657377780000,TRAFFIC VIOLATI,HIGHWAY/ROAD/ALLEY/STREET/SIDEWALK,<Null>,<Null>,38,B,F,35.936653,-79.026558,89500,POINT (-79.026558 35.936653)
199786,CHPD,SUSPICIOUS VEHICLE,1830 FORDHAM BLVD,CHAPEL HILL,NC,27517,1651355100000,1651355100000,1651355100000,MISC OFFICER IN,PARKING/DROP LOT/GARAGE,N,NONE,<Null>,<Null>,<Null>,35.945686,-79.006119,89502,POINT (-79.006119 35.945686)
200237,CHPD,SUSPICIOUS VEHICLE,1714 LEGION RD,CHAPEL HILL,NC,27517,1652574000000,1652574000000,1652574000000,SUSPICIOUS/WANT,HIGHWAY/ROAD/ALLEY/STREET/SIDEWALK,N,NONE,<Null>,<Null>,<Null>,35.937153,-79.015549,89517,POINT (-79.015549 35.937153)
200490,CHPD,SUSPICIOUS VEHICLE,1830 FORDHAM BLVD,CHAPEL HILL,NC,27517,1653427860000,1653427860000,1653427860000,SUSPICIOUS/WANT,PARKING/DROP LOT/GARAGE,<Null>,NONE,<Null>,<Null>,<Null>,35.945686,-79.006119,89533,POINT (-79.006119 35.945686)
197382,CHPD,ABANDONED VEHICLE,416 GRANVILLE RD,CHAPEL HILL,NC,27514,1644251580000,1644224640000,1644224640000,MISC OFFICER IN,HIGHWAY/ROAD/ALLEY/STREET/SIDEWALK,<Null>,NONE,<Null>,<Null>,<Null>,35.933224,-79.043533,89536,POINT (-79.043533 35.933224)
201475,CHPD,VEHICLE UNLOCK,1720 FORDHAM BLVD,CHAPEL HILL,NC,27514,1656596700000,1656594000000,1656596700000,PUBLIC SERVICE,PARKING/DROP LOT/GARAGE,<Null>,<Null>,59,B,F,35.936943,-79.022102,89582,POINT (-79.022102 35.936943)
197330,CHPD,EMERGENCY VEHICLE UNLOCK,1800 E FRANKLIN ST,CHAPEL HILL,NC,27514,1644078960000,1644078960000,1644078960000,PUBLIC SERVICE,PARKING/DROP LOT/GARAGE,<Null>,NONE,20,W,F,35.935158,-79.024284,89593,POINT (-79.024284 35.935158)
199788,CHPD,SUSPICIOUS VEHICLE,1312 FORDHAM BLVD,CHAPEL HILL,NC,27514,1651358220000,1651358220000,1651358220000,TRAFFIC STOP,PARKING/DROP LOT/GARAGE,<Null>,NONE,<Null>,<Null>,<Null>,35.936428,-79.023758,89599,POINT (-79.023758 35.936428)
201294,CHPD,LARCENY FROM MOTOR VEHICLE,1301 FORDHAM BLVD,CHAPEL HILL,NC,27517,1656061440000,1656058800000,1656059700000,THEFT/LARCENY,PARKING/DROP LOT/GARAGE,<Null>,NONE,<Null>,<Null>,<Null>,35.936325,-79.023415,89608,POINT (-79.023415 35.936325)
201118,CHPD,B&E    LARCENY F/VEHICLE,1728 FORDHAM BLVD,CHAPEL HILL,NC,27517,1655407800000,1655402100000,1655407500000,THEFT/LARCENY,HIGHWAY/ROAD/ALLEY/STREET/SIDEWALK,N,UNKNOWN,40,A,F,35.937584,-79.020767,89626,POINT (-79.020767 35.937584)
199104,CHPD,VEHICLE UNLOCK,1807 FORDHAM BLVD,CHAPEL HILL,NC,27514,1649340600000,1649340000000,1649340600000,PUBLIC SERVICE,PARKING/DROP LOT/GARAGE,<Null>,<Null>,77,B,F,35.946209,-79.011658,89661,POINT (-79.011658 35.946209)
201854,CHPD,LARCENY FROM MOTOR VEHICLE,105 VILLAGE GATE DR,CHAPEL HILL,NC,27514,1657815960000,1657800000000,1657812600000,THEFT/LARCENY,HIGHWAY/ROAD/ALLEY/STREET/SIDEWALK,N,<Null>,23,W,M,35.93647,-79.027863,89666,POINT (-79.027863 35.93647)
199021,CHPD,VEHICLE UNLOCK,500 FORMOSA LN,CHAPEL HILL,NC,27517,1649171280000,1649171100000,1649171280000,PUBLIC SERVICE,PARKING/DROP LOT/GARAGE,<Null>,<Null>,79,W,F,35.942142,-79.016014,89676,POINT (-79.016014 35.942142)
202724,CHPD,LARCENY FROM MOTOR VEHICLE,81 S ELLIOTT RD,CHAPEL HILL,NC,27514,1660426140000,1660406400000,1660407900000,THEFT/LARCENY,RESTAURANT,N,<Null>,<Null>,W,F,35.93475,-79.028107,89681,POINT (-79.028107 35.93475)
199553,CHPD,USING FRAUDULENT ID CARD,1720 FORDHAM BLVD,CHAPEL HILL,NC,27514,1650654120000,1650653400000,1650653700000,FRAUD OR DECEPT,GROCERY/SUPERMARKET,<Null>,NONE,<Null>,<Null>,<Null>,35.93681,-79.022408,89687,POINT (-79.022408 35.93681)
200418,CHPD,SUSPICIOUS VEHICLE,1602 E FRANKLIN ST,CHAPEL HILL,NC,27514,1653170460000,1653170100000,1653170460000,SUSPICIOUS/WANT,DRUG STORE/DOCTORS OFFICE/HOSPITAL,<Null>,NONE,<Null>,<Null>,<Null>,35.933731,-79.02951,89694,POINT (-79.02951 35.933731)
198846,CHPD,VEHICLE UNLOCK,110 STANDISH DR,CHAPEL HILL,NC,27517,1648691460000,1648691460000,1648691460000,SUSPICIOUS/WANT,HIGHWAY/ROAD/ALLEY/STREET/SIDEWALK,<Null>,<Null>,69,B,F,35.940479,-79.011513,89799,POINT (-79.011513 35.940479)
197912,CHPD,K9 SNIFF OF DONATED VEHICLES,9217 SEAWELL SCHOOL RD,CHAPEL HILL,NC,27516,1645786620000,1645786620000,1645786620000,MISC OFFICER IN,<Null>,<Null>,<Null>,<Null>,<Null>,<Null>,35.946213,-79.078423,89817,POINT (-79.078423 35.946213)
200238,CHPD,ABANDONED VEHICLE,FORDHAM BLVD/SAGE RD,CHAPEL HILL,NC,27517,1652584320000,1652584200000,1652584320000,MISC OFFICER IN,HIGHWAY/ROAD/ALLEY/STREET/SIDEWALK,<Null>,<Null>,<Null>,<Null>,<Null>,35.944744,-79.012604,89832,POINT (-79.012604 35.944744)
199887,CHPD,CREDIT CARD THEFT,1201 MARTIN LUTHER KING JR BLVD,CHAPEL HILL,NC,27516,1651637580000,1651568400000,1651637580000,THEFT/LARCENY,RESIDENCE/HOME,N,NONE,66,B,M,35.945602,-79.058693,89838,POINT (-79.058693 35.945602)
202359,CHPD,SUSPICIOUS VEHICLE,109 SCARLETT DR,CHAPEL HILL,NC,27517,1659364920000,1659362400000,1659364920000,MISC OFFICER IN,RESIDENCE/HOME,<Null>,<Null>,<Null>,<Null>,<Null>,35.943211,-79.011536,89855,POINT (-79.011536 35.943211)
197829,CHPD,VEHICLE LOCK OUT,1718 FORDHAM BLVD,CHAPEL HILL,NC,27517,1645566120000,1645566120000,1645566120000,PUBLIC SERVICE,PARKING/DROP LOT/GARAGE,<Null>,<Null>,22,B,M,35.936504,-79.022606,89871,POINT (-79.022606 35.936504)
201586,CHPD,B&E    LARCENY F/VEHICLE,102 EPHESUS CHURCH RD,CHAPEL HILL,NC,27517,1657008000000,1656694800000,1656999000000,THEFT/LARCENY,PARKING/DROP LOT/GARAGE,Y,BLUNT OBJECT,34,B,M,35.936077,-79.020927,89888,POINT (-79.020927 35.936077)
197931,CHPD,ABANDONED VEHICLE,ESTES DR/MARTIN LUTHER KING JR BLVD,CHAPEL HILL,NC,27516,1645842300000,1645804800000,1645842300000,MISC OFFICER IN,HIGHWAY/ROAD/ALLEY/STREET/SIDEWALK,<Null>,<Null>,<Null>,<Null>,<Null>,35.935257,-79.056076,89949,POINT (-79.056076 35.935257)
202719,CHPD,B&E    LARCENY F/VEHICLE,9115 SEAWELL SCHOOL RD,CHAPEL HILL,NC,27516,1660410600000,1660406400000,1660410600000,THEFT/LARCENY,PARKING/DROP LOT/GARAGE,<Null>,UNKNOWN,24,W,F,35.940853,-79.07869,89995,POINT (-79.07869 35.940853)
197818,CHPD,CREDIT CARD/ATM FRAUD,111 PINEGATE CIR,CHAPEL HILL,NC,27514,1645543680000,1645537200000,1645540080000,MISC OFFICER IN,CYBERSPACE,<Null>,<Null>,34,B,F,35.947028,-79.009806,90009,POINT (-79.009806 35.947028)
201383,CHPD,SUSPICIOUS VEHICLE,501 WEAVER DAIRY RD,CHAPEL HILL,NC,27514,1656291000000,1656290940000,1656291000000,MISC OFFICER IN,PARK/PLAYGROUND,<Null>,<Null>,<Null>,<Null>,<Null>,35.960026,-79.033524,90020,POINT (-79.033524 35.960026)
199719,CHPD,B&E    LARCENY F/VEHICLE,300 AQUATIC DR,CHAPEL HILL,NC,27514,1651175280000,1651169700000,1651174500000,THEFT/LARCENY,PARKING/DROP LOT/GARAGE,<Null>,<Null>,42,W,F,35.955963,-79.063896,90037,POINT (-79.063896 35.955963)
198890,CHPD,B&E    LARCENY F/VEHICLE,1220 MARTIN LUTHER KING JR BLVD,CHAPEL HILL,NC,27514,1648826040000,1648801800000,1648826040000,THEFT/LARCENY,PARKING/DROP LOT/GARAGE,Y,<Null>,18,W,F,35.948845,-79.057823,90041,POINT (-79.057823 35.948845)
200414,CHPD,B&E    LARCENY F/VEHICLE,500 WEAVER DAIRY RD,CHAPEL HILL,NC,27514,1653145980000,1653135300000,1653145980000,THEFT/LARCENY,SCHOOL-ELEMENTARY/SECONDARY,<Null>,UNKNOWN,66,W,M,35.960632,-79.02858,90051,POINT (-79.02858 35.960632)
200623,CHPD,B&E    LARCENY F/VEHICLE,750 WEAVER DAIRY RD,CHAPEL HILL,NC,27514,1653811560000,1653807540000,1653810420000,THEFT/LARCENY,PARKING/DROP LOT/GARAGE,Y,<Null>,29,A,F,35.965458,-79.040459,90056,POINT (-79.040459 35.965458)
202255,CHPD,DISABLED VEHICLE,1516 MARTIN LUTHER KING JR BLVD,CHAPEL HILL,NC,27514,1659048900000,1659048000000,1659048240000,TRAFFIC VIOLATI,HIGHWAY/ROAD/ALLEY/STREET/SIDEWALK,N,NONE,<Null>,<Null>,<Null>,35.958679,-79.057465,90079,POINT (-79.057465 35.958679)
201415,CHPD,POSSESSION OF STOLEN VEHICLE,MARTIN LUTHER KING JR BLVD @ PERKINS DR,CHAPEL HILL,NC,27514,1656369600000,1656369420000,1656369600000,UNKNOWN PROBLEM,HIGHWAY/ROAD/ALLEY/STREET/SIDEWALK,N,NONE,<Null>,W,F,35.96604,-79.05928,90086,POINT (-79.05928 35.96604)
202119,CHPD,CARELESS AND RECKLESS DRIVING,FORDHAM BLVD/EASTOWNE DR,CHAPEL HILL,NC,27517,1658602980000,1658601900000,1658602260000,TRAFFIC VIOLATI,HIGHWAY/ROAD/ALLEY/STREET/SIDEWALK,N,NONE,<Null>,<Null>,<Null>,35.947281,-79.007271,90090,POINT (-79.007271 35.947281)
199221,CHPD,B&E    LARCENY F/VEHICLE,300 AQUATIC DR,CHAPEL HILL,NC,27516,1649701740000,1649698140000,1649701500000,THEFT/LARCENY,PARKING/DROP LOT/GARAGE,N,UNKNOWN,<Null>,W,F,35.955963,-79.063896,90094,POINT (-79.063896 35.955963)
198826,CHPD,VEHICLE LOCKOUT,1129 WEAVER DAIRY RD,CHAPEL HILL,NC,27514,1648586640000,1648586040000,1648586640000,PUBLIC SERVICE,PARKING/DROP LOT/GARAGE,<Null>,NONE,35,W,F,35.962193,-79.054802,90118,POINT (-79.054802 35.962193)
201573,CHPD,LARCENY OF DEBIT CARD,243 SCHULTZ ST,CHAPEL HILL,NC,27514,1656965760000,1656965400000,1656965760000,DOMESTIC DISTUR,RESIDENCE/HOME,N,NONE,30,W,F,35.965569,-79.048782,90120,POINT (-79.048782 35.965569)
202270,CHPD,B&E    LARCENY F/VEHICLE,3808 SWEETEN CREEK RD,CHAPEL HILL,NC,27514,1659098460000,1659098460000,1659098460000,THEFT/LARCENY,PARKING/DROP LOT/GARAGE,N,NONE,22,W,F,35.965233,-79.029793,90123,POINT (-79.029793 35.965233)
197668,CHPD,B&E    LARCENY F/VEHICLE,1081 NC 54,CHAPEL HILL,NC,27514,1645095060000,1645021800000,1645083000000,MISC OFFICER IN,PARKING/DROP LOT/GARAGE,<Null>,<Null>,25,W,F,35.896297,-79.064665,90181,POINT (-79.064665 35.896297)
202655,CHPD,CREDIT CARD FRAUD,249 ERWIN RD,CHAPEL HILL,NC,27514,1660221420000,1660168800000,1660216800000,FRAUD OR DECEPT,CYBERSPACE,<Null>,NONE,27,B,F,35.951588,-79.017113,90186,POINT (-79.017113 35.951588)
197598,CHPD,B&E    LARCENY F/VEHICLE,200 PINEGATE CIR,CHAPEL HILL,NC,27514,1644916380000,1644872400000,1644904800000,THEFT/LARCENY,PARKING/DROP LOT/GARAGE,Y,<Null>,38,W,M,35.948784,-79.010185,90205,POINT (-79.010185 35.948784)
202223,CHPD,VEHICLE FIRE,WILLOW DR @ CONNER DR,CHAPEL HILL,NC,27514,1658933280000,1658933100000,1658933100000,VEHICLE FIRE,HIGHWAY/ROAD/ALLEY/STREET/SIDEWALK,<Null>,<Null>,50,W,F,35.92925,-79.02898,90210,POINT (-79.02898 35.92925)
200271,CHPD,B&E    LARCENY F/VEHICLE,1801 FORDHAM BLVD,CHAPEL HILL,NC,27514,1652708340000,1652708340000,1652708340000,THEFT/LARCENY,PARKING/DROP LOT/GARAGE,<Null>,NONE,50,W,M,35.947834,-79.01281,90243,POINT (-79.01281 35.947834)
199315,CHPD,SPITTING ON UNATTENDED VEHICLE,1129 WEAVER DAIRY RD,CHAPEL HILL,NC,27514,1649946720000,1649946600000,1649946600000,DISTURBANCE/NUI,PARKING/DROP LOT/GARAGE,<Null>,<Null>,68,B,F,35.962193,-79.054802,90262,POINT (-79.054802 35.962193)
197082,CHPD,B&E    LARCENY F/VEHICLE,88 VILCOM CENTER DR,CHAPEL HILL,NC,27514,1643353920000,1643295600000,1643352300000,THEFT/LARCENY,PARKING/DROP LOT/GARAGE,<Null>,UNKNOWN,<Null>,<Null>,<Null>,35.965336,-79.052261,90288,POINT (-79.052261 35.965336)
201866,CHPD,B&E    LARCENY F/VEHICLE,117 EVERAM CT,CHAPEL HILL,NC,27516,1657875840000,1657830600000,1657875600000,THEFT/LARCENY,PARKING/DROP LOT/GARAGE,N,NONE,46,B,F,35.968327,-79.067535,90296,POINT (-79.067535 35.968327)
197653,CHPD,B&E    LARCENY F/VEHICLE,102 SHADOWOOD DR,CHAPEL HILL,NC,27514,1645028580000,1644616800000,1644660000000,MISC OFFICER IN,PARKING/DROP LOT/GARAGE,<Null>,<Null>,57,W,M,35.937005,-79.05526,90329,POINT (-79.05526 35.937005)
200266,CHPD,B&E    LARCENY F/VEHICLE,118 MILTON AVE,CHAPEL HILL,NC,27514,1652694900000,1652626800000,1652690700000,MISC OFFICER IN,RESIDENCE/HOME,N,NONE,<Null>,W,F,35.937451,-79.027558,90330,POINT (-79.027558 35.937451)
202484,CHPD,B&E    LARCENY F/VEHICLE,826 SHADYLAWN RD,CHAPEL HILL,NC,27514,1659773040000,1659722400000,1659773040000,THEFT/LARCENY,RESIDENCE/HOME,N,<Null>,46,W,F,35.950897,-79.040459,90335,POINT (-79.040459 35.950897)
200425,CHPD,LARCENY FROM MOTOR VEHICLE,200 WESTMINSTER DR,CHAPEL HILL,NC,27514,1653210600000,1653174000000,1653208200000,THEFT/LARCENY,PARKING/DROP LOT/GARAGE,<Null>,<Null>,31,W,F,35.96106,-79.053543,90346,POINT (-79.053543 35.96106)
199067,CHPD,LARCENY FROM MOTOR VEHICLE,55 VILCOM CENTER DR,CHAPEL HILL,NC,27514,1649253600000,1649253120000,1649253120000,THEFT/LARCENY,PARKING/DROP LOT/GARAGE,N,NONE,24,B,F,35.964508,-79.050491,90350,POINT (-79.050491 35.964508)
199882,CHPD,ASSIST CARRBORO K9 TRACK,508 JONES FERRY RD,CARRBORO,NC,27510,1651627800000,1651625700000,1651625700000,BURGLARY/HOME I,RESTAURANT,<Null>,<Null>,<Null>,<Null>,<Null>,35.906655,-79.083782,90363,POINT (-79.083782 35.906655)
199704,CHPD,B&E    LARCENY F/VEHICLE,112 BOULDER LN,CHAPEL HILL,NC,27514,1651137600000,1650994200000,1651060800000,THEFT/LARCENY,RESIDENCE/HOME,<Null>,NONE,67,W,F,35.94878,-79.042656,90378,POINT (-79.042656 35.94878)
201787,CHPD,ULOCKING VEHICLE,1213 MARTIN LUTHER KING JR BLVD,CHAPEL HILL,NC,27516,1657627680000,1657627680000,1657627680000,PUBLIC SERVICE,PARKING/DROP LOT/GARAGE,N,<Null>,62,B,F,35.947739,-79.059258,90388,POINT (-79.059258 35.947739)
202630,CHPD,B&E    LARCENY F/VEHICLE,101 MELVILLE LOOP,CHAPEL HILL,NC,27514,1660160220000,1660078800000,1660125600000,THEFT/LARCENY,RESIDENCE/HOME,Y,NONE,30,W,F,35.94825,-79.017006,90390,POINT (-79.017006 35.94825)
197112,CHPD,B&E    LARCENY F/VEHICLE,116 SALIX ST,CHAPEL HILL,NC,27516,1643451240000,1643425200000,1643441400000,THEFT/LARCENY,RESIDENCE/HOME,<Null>,NONE,27,W,F,35.969463,-79.071617,90391,POINT (-79.071617 35.969463)
200267,CHPD,ABANDONED VEHICLE,2321 HOMESTEAD RD,CHAPEL HILL,NC,27516,1652694780000,1652694780000,1652694780000,TRAFFIC VIOLATI,HIGHWAY/ROAD/ALLEY/STREET/SIDEWALK,<Null>,<Null>,<Null>,<Null>,<Null>,35.951702,-79.067261,90413,POINT (-79.067261 35.951702)
196834,CHPD,B&E    LARCENY F/VEHICLE,1101 ROOSEVELT DR,CHAPEL HILL,NC,27514,1642586400000,1642527900000,1642581000000,MISC OFFICER IN,RESIDENCE/HOME,<Null>,<Null>,46,A,F,35.922283,-79.036872,90421,POINT (-79.036872 35.922283)
198074,CHPD,ABANDONED VEHICLE,121 COLLUMS RD,CHAPEL HILL,NC,27514,1646330100000,1645984500000,1646329500000,SUSPICIOUS/WANT,PARK/PLAYGROUND,<Null>,<Null>,<Null>,<Null>,<Null>,35.951248,-79.050499,90422,POINT (-79.050499 35.951248)
197433,CHPD,LARCENY FROM MOTOR VEHICLE,100 TIMBER HOLLOW CT,CHAPEL HILL,NC,27514,1644418380000,1644354000000,1644408000000,THEFT/LARCENY,PARKING/DROP LOT/GARAGE,N,NONE,<Null>,A,M,35.939896,-79.056283,90428,POINT (-79.056283 35.939896)
200696,CHPD,SUSPICIOUS VEHICLE,RED ROOF INN DR/E LAKEVIEW DR,DURHAM,NC,27707,1654083000000,1654082700000,1654083000000,SUSPICIOUS/WANT,HIGHWAY/ROAD/ALLEY/STREET/SIDEWALK,<Null>,<Null>,<Null>,<Null>,<Null>,35.948715,-79.002274,90432,POINT (-79.002274 35.948715)
201719,CHPD,B&E    LARCENY F/VEHICLE,1801 FORDHAM BLVD,CHAPEL HILL,NC,27514,1657360200000,1657359600000,1657360200000,THEFT/LARCENY,PARKING/DROP LOT/GARAGE,N,<Null>,53,W,M,35.947834,-79.01281,90445,POINT (-79.01281 35.947834)
201090,CHPD,ABANDONED VEHICLE,1898 MARTIN LUTHER KING JR BLVD,CHAPEL HILL,NC,27514,1655337000000,1655336700000,1655337000000,TRAFFIC VIOLATI,HIGHWAY/ROAD/ALLEY/STREET/SIDEWALK,<Null>,<Null>,<Null>,<Null>,<Null>,35.96888,-79.060852,90476,POINT (-79.060852 35.96888)
202202,CHPD,ASSIST CARRBORO PD,110 W MAIN ST,CARRBORO,NC,27510,1658866980000,1658866680000,1658866800000,MENTAL DISORDER,PARKING/DROP LOT/GARAGE,<Null>,NONE,<Null>,B,M,35.910199,-79.073593,90486,POINT (-79.073593 35.910199)
202544,CHPD,B&E    LARCENY F/VEHICLE,100 HOOT OWL LN,CHAPEL HILL,NC,27514,1659970320000,1659891600000,1659966300000,MISC OFFICER IN,RESIDENCE/HOME,N,NONE,52,W,F,35.928295,-79.038839,90520,POINT (-79.038839 35.928295)
202358,CHPD,B&E    LARCENY F/VEHICLE,114 KIRKWOOD DR,CHAPEL HILL,NC,27514,1659366660000,1659142800000,1659348840000,MISC OFFICER IN,RESIDENCE/HOME,N,NONE,81,W,F,35.947243,-79.020943,90521,POINT (-79.020943 35.947243)
197641,CHPD,B&E    LARCENY F/VEHICLE,522 S HERITAGE LOOP,CHAPEL HILL,NC,27516,1645011960000,1644955200000,1645008000000,THEFT/LARCENY,PARKING/DROP LOT/GARAGE,<Null>,<Null>,20,A,F,35.946358,-79.062302,90526,POINT (-79.062302 35.946358)
198842,CHPD,VEHICLE UNLOCK,1129 WEAVER DAIRY RD,CHAPEL HILL,NC,27514,1648663140000,1648663140000,1648663140000,PUBLIC SERVICE,PARKING/DROP LOT/GARAGE,<Null>,<Null>,44,W,M,35.962391,-79.053322,90532,POINT (-79.053322 35.962391)
197460,CHPD,B&E    LARCENY F/VEHICLE,1111 RIDGEWOOD LN,CHAPEL HILL,NC,27514,1644493680000,1644422400000,1644490800000,MISC OFFICER IN,RESIDENCE/HOME,<Null>,<Null>,28,W,F,35.923261,-79.036858,90554,POINT (-79.036858 35.923261)
201899,CHPD,B&E    LARCENY F/VEHICLE,101 MELVILLE LOOP,CHAPEL HILL,NC,27514,1657951920000,1657951920000,1657951920000,THEFT/LARCENY,PARKING/DROP LOT/GARAGE,<Null>,NONE,28,B,M,35.94846,-79.017334,90571,POINT (-79.017334 35.94846)
199879,CHPD,ASSIST CARRBORO K9 TRACK,605 JONES FERRY RD,CARRBORO,NC,27510,1651625700000,1651622580000,1651622580000,ASSAULT/SEXUAL,HIGHWAY/ROAD/ALLEY/STREET/SIDEWALK,<Null>,<Null>,<Null>,<Null>,<Null>,35.904273,-79.090113,90615,POINT (-79.090113 35.904273)
202023,CHPD,LARCENY FROM MOTOR VEHICLE,106 S ESTES DR,CHAPEL HILL,NC,27514,1658316420000,1657627200000,1658316420000,MISC OFFICER IN,PARKING/DROP LOT/GARAGE,<Null>,NONE,<Null>,<Null>,<Null>,35.928026,-79.033205,90622,POINT (-79.033205 35.928026)
201796,CHPD,B&E    LARCENY F/VEHICLE,100 PINE LN,CHAPEL HILL,NC,27514,1657645020000,1652778000000,1657622100000,MISC OFFICER IN,RESIDENCE/HOME,N,NONE,21,W,M,35.904013,-79.038918,90638,POINT (-79.038918 35.904013)
202187,CHPD,B&E    LARCENY F/VEHICLE,105 TIMBER HOLLOW CT,CHAPEL HILL,NC,27514,1658837820000,1658545200000,1658564460000,MISC OFFICER IN,PARKING/DROP LOT/GARAGE,<Null>,NONE,57,B,M,35.940785,-79.055905,90639,POINT (-79.055905 35.940785)
201416,CHPD,B&E    LARCENY F/VEHICLE,301 NEW PARKSIDE DR,CHAPEL HILL,NC,27516,1656387960000,1656387840000,1656387960000,THEFT/LARCENY,RESIDENCE/HOME,N,PERSONAL WEAPONS,<Null>,W,M,35.956711,-79.059761,90644,POINT (-79.059761 35.956711)
197639,CHPD,B&E    LARCENY F/VEHICLE,200 WESTMINSTER DR,CHAPEL HILL,NC,27514,1645006200000,1645006200000,1645006200000,THEFT/LARCENY,PARKING/DROP LOT/GARAGE,<Null>,<Null>,29,B,M,35.960846,-79.056076,90657,POINT (-79.056076 35.960846)
197525,CHPD,B&E    LARCENY F/VEHICLE,212 PINEGATE CIR,CHAPEL HILL,NC,27514,1644649860000,1644607800000,1644649200000,THEFT/LARCENY,PARKING/DROP LOT/GARAGE,<Null>,<Null>,24,W,M,35.949371,-79.008759,90669,POINT (-79.008759 35.949371)
202663,CHPD,ABANDONED VEHICLE,275 WEAVER DAIRY RD,CHAPEL HILL,NC,27514,1660236180000,1660236180000,1660236180000,TRAFFIC VIOLATI,HIGHWAY/ROAD/ALLEY/STREET/SIDEWALK,N,NONE,<Null>,<Null>,<Null>,35.954708,-79.020851,90675,POINT (-79.020851 35.954708)
199504,CHPD,VEHICLE LOCK OUT,1115 WEAVER DAIRY RD,CHAPEL HILL,NC,27514,1650535620000,1650535200000,1650535620000,PUBLIC SERVICE,PARKING/DROP LOT/GARAGE,<Null>,<Null>,20,W,M,35.963726,-79.053993,90691,POINT (-79.053993 35.963726)
202107,CHPD,B&E    LARCENY F/VEHICLE,105 WEATHERSTONE DR,CHAPEL HILL,NC,27514,1658575860000,1658523600000,1658575860000,THEFT/LARCENY,RESIDENCE/HOME,N,<Null>,<Null>,B,F,35.964794,-79.046593,90694,POINT (-79.046593 35.964794)
202228,CHPD,VEHICLE FIRE,5623 FORDHAM BLVD,DURHAM,NC,27707,1658967360000,1658967000000,1658967360000,VEHICLE FIRE,HOTEL/MOTEL/ETC.,<Null>,<Null>,50,B,M,35.94949,-78.999985,90700,POINT (-78.999985 35.94949)
197627,CHPD,UNLOCK VEHICLE,1315 MARTIN LUTHER KING JR BLVD,CHAPEL HILL,NC,27516,1644992820000,1644992400000,1644992820000,THEFT/LARCENY,SHELTER- MISSION/HOMELESS,N,NONE,63,W,M,35.951637,-79.058823,90705,POINT (-79.058823 35.951637)
198592,CHPD,ASSIST CARRBORO PD,500 SMITH LEVEL RD,CARRBORO,NC,27510,1647920580000,1647920580000,1647920580000,PUBLIC SERVICE,RESIDENCE/HOME,<Null>,<Null>,<Null>,B,F,35.893703,-79.082455,90719,POINT (-79.082455 35.893703)
197782,CHPD,B&E    LARCENY F/VEHICLE,300 AQUATIC DR,CHAPEL HILL,NC,27514,1645445760000,1645208100000,1645212600000,THEFT/LARCENY,PARKING/DROP LOT/GARAGE,N,NONE,<Null>,W,M,35.955963,-79.063896,90740,POINT (-79.063896 35.955963)
200158,CHPD,SUSPICIOUS VEHICLE,1207 MARTIN LUTHER KING JR BLVD,CHAPEL HILL,NC,27516,1652377740000,1652360400000,1652377740000,SUSPICIOUS/WANT,SPECIALTY/STORE,<Null>,<Null>,<Null>,<Null>,<Null>,35.947071,-79.059067,90747,POINT (-79.059067 35.947071)
201384,CHPD,CARDIAC ARREST,101 BRIGHT SUN PL,CHAPEL HILL,NC,27516,1656294900000,1656294600000,1656294900000,CARDIAC RESP AR,RESIDENCE/HOME,<Null>,<Null>,<Null>,W,F,35.954868,-79.058594,90766,POINT (-79.058594 35.954868)
196596,CHPD,UNLOCK VEHICLE,1315 MARTIN LUTHER KING JR BLVD,CHAPEL HILL,NC,27516,1641666060000,1641666060000,1641666060000,PUBLIC SERVICE,<Null>,<Null>,<Null>,30,B,M,35.951637,-79.058823,90785,POINT (-79.058823 35.951637)
197169,CHPD,ASSIST CARRBORO PD,101 MANNING DR,CHAPEL HILL,NC,27514,1643679000000,1643679000000,1643679000000,MISC OFFICER IN,HOTEL/MOTEL/ETC.,<Null>,<Null>,23,B,M,35.90397,-79.050849,90789,POINT (-79.050849 35.90397)
197529,CHPD,B&E    LARCENY F/VEHICLE,2701 HOMESTEAD RD,CHAPEL HILL,NC,27516,1644661320000,1644575400000,1644660000000,THEFT/LARCENY,PARKING/DROP LOT/GARAGE,Y,<Null>,20,W,F,35.949638,-79.059868,90791,POINT (-79.059868 35.949638)
199919,CHPD,VEHICLE UNLOCK,1213 MARTIN LUTHER KING JR BLVD,CHAPEL HILL,NC,27516,1651702500000,1651702140000,1651702500000,PUBLIC SERVICE,SERVICE/GAS STATION,<Null>,NONE,21,W,F,35.947739,-79.059258,90817,POINT (-79.059258 35.947739)
201578,CHPD,LOCKED VEHICLE,127 TREMONT CIR,CHAPEL HILL,NC,27516,1656975960000,1656975840000,1656975960000,PUBLIC SERVICE,RESIDENCE/HOME,<Null>,<Null>,79,W,M,35.961353,-79.059464,90827,POINT (-79.059464 35.961353)
202598,CHPD,SUSPICIOUS VEHICLE,200 WESTMINSTER DR,CHAPEL HILL,NC,27514,1660121280000,1660121280000,1660121280000,MISC OFFICER IN,HIGHWAY/ROAD/ALLEY/STREET/SIDEWALK,N,NONE,<Null>,<Null>,<Null>,35.961235,-79.05368,90831,POINT (-79.05368 35.961235)
198993,CHPD,VEHICLE UNLOCK,201 SAGE RD,CHAPEL HILL,NC,27514,1649093520000,1649093400000,1649093520000,PUBLIC SERVICE,PARKING/DROP LOT/GARAGE,<Null>,<Null>,67,B,F,35.949905,-79.014923,90840,POINT (-79.014923 35.949905)
201834,CHPD,SUSPICIOUS VEHICLE,260 ERWIN RD,CHAPEL HILL,NC,27514,1657748640000,1657748640000,1657748640000,SUSPICIOUS/WANT,HIGHWAY/ROAD/ALLEY/STREET/SIDEWALK,N,NONE,<Null>,<Null>,<Null>,35.952473,-79.014732,90844,POINT (-79.014732 35.952473)
198631,CHPD,SUSPICIOUS VEHICLE,200 WESTMINSTER DR,CHAPEL HILL,NC,27514,1648049040000,1646637900000,1648020900000,SUSPICIOUS/WANT,HIGHWAY/ROAD/ALLEY/STREET/SIDEWALK,<Null>,<Null>,<Null>,<Null>,<Null>,35.961182,-79.054787,90861,POINT (-79.054787 35.961182)
201662,CHPD,B&E    LARCENY F/VEHICLE,1200 LEGACY TERRACE,CHAPEL HILL,NC,27514,1657213200000,1657209600000,1657210500000,MISC OFFICER IN,PARKING/DROP LOT/GARAGE,N,NONE,37,W,F,35.947371,-79.060178,90903,POINT (-79.060178 35.947371)
201463,CHPD,SUSPICIOUS VEHICLE,7499 MILLHOUSE RD,CHAPEL HILL,NC,27516,1656567000000,1656564240000,1656564300000,TRAFFIC VIOLATI,HIGHWAY/ROAD/ALLEY/STREET/SIDEWALK,<Null>,NONE,<Null>,<Null>,<Null>,35.969807,-79.075058,90921,POINT (-79.075058 35.969807)
202181,CHPD,B&E    LARCENY F/VEHICLE,102 SCHULTZ ST,CHAPEL HILL,NC,27514,1658826600000,1658488980000,1658557800000,MISC OFFICER IN,PARKING/DROP LOT/GARAGE,N,NONE,<Null>,B,M,35.964905,-79.047396,90942,POINT (-79.047396 35.964905)
201622,CHPD,LARCENY FROM MOTOR VEHICLE,213 PINEGATE CIR,CHAPEL HILL,NC,27514,1657100400000,1657058400000,1657100400000,THEFT/LARCENY,RESIDENCE/HOME,<Null>,<Null>,49,W,F,35.949593,-79.009438,90973,POINT (-79.009438 35.949593)
199675,CHPD,B&E    LARCENY F/VEHICLE,101 WEATHERSTONE DR,CHAPEL HILL,NC,27514,1651055460000,1650478800000,1650499200000,MISC OFFICER IN,PARKING/DROP LOT/GARAGE,N,NONE,<Null>,<Null>,<Null>,35.964315,-79.046424,90983,POINT (-79.046424 35.964315)
197440,CHPD,B&E    LARCENY F/VEHICLE,146 HAMILTON RD,CHAPEL HILL,NC,27517,1644424260000,1644352200000,1644399000000,MISC OFFICER IN,PARKING/DROP LOT/GARAGE,<Null>,<Null>,22,W,M,35.914624,-79.022802,91040,POINT (-79.022802 35.914624)
200567,CHPD,B&E    LARCENY F/VEHICLE,404 PARKVIEW CRES,CHAPEL HILL,NC,27516,1653665940000,1653436800000,1653534780000,MISC OFFICER IN,RESIDENCE/HOME,N,NONE,<Null>,W,M,35.886972,-79.069615,91042,POINT (-79.069615 35.886972)
196842,CHPD,B&E    LARCENY F/VEHICLE,905 N COLUMBIA ST,CHAPEL HILL,NC,27516,1642607340000,1642554000000,1642599000000,MISC OFFICER IN,RESIDENCE/HOME,<Null>,<Null>,<Null>,W,M,35.921451,-79.057201,91046,POINT (-79.057201 35.921451)
200390,CHPD,B&E    LARCENY F/VEHICLE,431 W FRANKLIN ST,CHAPEL HILL,NC,27516,1653063420000,1652788800000,1652882400000,MISC OFFICER IN,PARKING/DROP LOT/GARAGE,N,NONE,<Null>,W,M,35.909778,-79.062599,91050,POINT (-79.062599 35.909778)
200319,CHPD,LARCENY OF VEHICLE,7617 JUSTIN PL,CHAPEL HILL,NC,27514,1652868000000,1652806800000,1652861700000,MISC OFFICER IN,RESIDENCE/HOME,<Null>,NONE,<Null>,W,M,35.964731,-79.034084,91133,POINT (-79.034084 35.964731)
197236,CHPD,B&E    LARCENY F/VEHICLE,104 MELROSE PL,CHAPEL HILL,NC,27516,1643890260000,1643382000000,1643443860000,MISC OFFICER IN,HIGHWAY/ROAD/ALLEY/STREET/SIDEWALK,<Null>,<Null>,33,B,M,35.881311,-79.063419,91149,POINT (-79.063419 35.881311)
199820,CHPD,B&E    LARCENY F/VEHICLE,902 E FRANKLIN ST,CHAPEL HILL,NC,27514,1651488720000,1651415400000,1651477500000,MISC OFFICER IN,PARKING/DROP LOT/GARAGE,<Null>,NONE,<Null>,W,M,35.920344,-79.038612,91157,POINT (-79.038612 35.920344)
196727,CHPD,CREDIT CARD/ATM FRAUD,750 E FRANKLIN ST,CHAPEL HILL,NC,27514,1642169400000,1641996600000,1642091520000,MISC OFFICER IN,CYBERSPACE,<Null>,<Null>,<Null>,W,F,35.918184,-79.039682,91185,POINT (-79.039682 35.918184)
196810,CHPD,B&E    LARCENY F/VEHICLE,223 VALLEY PARK DR,CHAPEL HILL,NC,27514,1642500960000,1642446000000,1642483800000,MISC OFFICER IN,PARKING/DROP LOT/GARAGE,<Null>,<Null>,28,W,F,35.924716,-79.032694,91186,POINT (-79.032694 35.924716)
199617,CHPD,B&E    LARCENY F/VEHICLE,696 N COLUMBIA ST,CHAPEL HILL,NC,27516,1650886920000,1650571200000,1650700800000,MISC OFFICER IN,RESIDENCE/HOME,N,NONE,<Null>,I,F,35.919307,-79.059261,91188,POINT (-79.059261 35.919307)
197873,CHPD,ABANDONED VEHICLE,VILLAGE DR,CHAPEL HILL,NC,27516,1645703400000,1645636860000,1645694400000,TRAFFIC VIOLATI,HIGHWAY/ROAD/ALLEY/STREET/SIDEWALK,<Null>,NONE,<Null>,<Null>,<Null>,35.920598,-79.068578,91225,POINT (-79.068578 35.920598)
199203,CHPD,CREDIT CARD/ATM FRAUD,118 JUSTICE ST,CHAPEL HILL,NC,27516,1649328840000,1641556020000,1646308020000,MISC OFFICER IN,OTHER/UNKNOWN,<Null>,<Null>,38,W,F,35.930587,-79.056896,91231,POINT (-79.056896 35.930587)
202218,CHPD,VEHICLE UNLOCK,350 MARKET ST,CHAPEL HILL,NC,27514,1658925120000,1658925120000,1658925120000,MISC OFFICER IN,HIGHWAY/ROAD/ALLEY/STREET/SIDEWALK,<Null>,NONE,49,B,M,35.881033,-79.06543,91276,POINT (-79.06543 35.881033)
198683,CHPD,LARCENY FROM MOTOR VEHICLE,218 CONNER DR,CHAPEL HILL,NC,27514,1648202400000,1647964800000,1648134000000,MISC OFFICER IN,RESIDENCE/HOME,<Null>,NONE,<Null>,W,M,35.932321,-79.029249,91298,POINT (-79.029249 35.932321)
202561,CHPD,B&E    LARCENY F/VEHICLE,712 EDWARDS ST,CHAPEL HILL,NC,27516,1660041960000,1659823200000,1659873600000,MISC OFFICER IN,RESIDENCE/HOME,N,NONE,77,W,M,35.903155,-79.065406,91323,POINT (-79.065406 35.903155)
199322,CHPD,LARCENY FROM MOTOR VEHICLE,1801 FORDHAM BLVD,CHAPEL HILL,NC,27514,1649955000000,1649948400000,1649954400000,MISC OFFICER IN,PARKING/DROP LOT/GARAGE,<Null>,NONE,<Null>,W,M,35.947773,-79.012795,91342,POINT (-79.012795 35.947773)
202600,CHPD,B&E    LARCENY F/VEHICLE,354 WESLEY DR,CHAPEL HILL,NC,27516,1660124040000,1660089600000,1660119540000,MISC OFFICER IN,RESIDENCE/HOME,N,NONE,67,W,M,35.924545,-79.063113,91353,POINT (-79.063113 35.924545)
196649,CHPD,B&E    LARCENY F/VEHICLE,38 DAVIE CIR,CHAPEL HILL,NC,27514,1641895560000,1641664800000,1641886200000,MISC OFFICER IN,RESIDENCE/HOME,<Null>,<Null>,26,W,F,35.918857,-79.035395,91360,POINT (-79.035395 35.918857)
202050,CHPD,B&E    LARCENY F/VEHICLE,113 LITTLE BRANCH TRL,CHAPEL HILL,NC,27517,1658402760000,1658102400000,1658400120000,MISC OFFICER IN,RESIDENCE/HOME,N,NONE,<Null>,W,M,35.91014,-79.009796,91377,POINT (-79.009796 35.91014)
196592,CHPD,ABANDONED VEHICLE,ESTES DRIVE EXT,CHAPEL HILL,NC,27514,1641661800000,1641661500000,1641661800000,TRAFFIC VIOLATI,<Null>,<Null>,<Null>,<Null>,<Null>,<Null>,35.924045,-79.022418,91389,POINT (-79.022418 35.924045)
197567,CHPD,B&E    LARCENY F/VEHICLE,728 N COLUMBIA ST,CHAPEL HILL,NC,27516,1644791400000,1644788700000,1644791100000,THEFT/LARCENY,RESIDENCE/HOME,Y,UNKNOWN,21,A,M,35.920853,-79.058468,91406,POINT (-79.058468 35.920853)
200166,CHPD,SUSPICIOUS VEHICLE,111 JACKIE ROBINSON ST,CHAPEL HILL,NC,27517,1652395320000,1652395200000,1652395320000,SUSPICIOUS/WANT,HIGHWAY/ROAD/ALLEY/STREET/SIDEWALK,N,NONE,<Null>,<Null>,<Null>,35.93987,-79.014233,91442,POINT (-79.014233 35.93987)
198861,CHPD,B&E    LARCENY F/VEHICLE,500 WHITAKER ST,CHAPEL HILL,NC,27516,1648744260000,1648666800000,1648743900000,MISC OFFICER IN,RESIDENCE/HOME,<Null>,<Null>,55,W,F,35.914017,-79.064398,91450,POINT (-79.064398 35.914017)
197178,CHPD,B&E    LARCENY F/VEHICLE,211 DEEPWOOD RD,CHAPEL HILL,NC,27514,1643711880000,1643661000000,1643704200000,MISC OFFICER IN,RESIDENCE/HOME,<Null>,<Null>,32,A,M,35.924108,-79.041746,91469,POINT (-79.041746 35.924108)
201771,CHPD,B&E    LARCENY F/VEHICLE,501 WEAVER DAIRY RD,CHAPEL HILL,NC,27514,1657563840000,1657561800000,1657563600000,THEFT/LARCENY,PARKING/DROP LOT/GARAGE,N,NONE,44,W,F,35.959965,-79.033512,91486,POINT (-79.033512 35.959965)
202619,CHPD,CREDIT CARD FRAUD,11 BANBURY LN,CHAPEL HILL,NC,27517,1660150020000,1655899200000,1660143600000,MISC OFFICER IN,CYBERSPACE,<Null>,NONE,45,W,F,35.933791,-79.017662,91503,POINT (-79.017662 35.933791)
202651,CHPD,SUSPICIOUS VEHICLE,828 CROWTHER CT,CHAPEL HILL,NC,27514,1660216200000,1659951000000,1660210200000,MISC OFFICER IN,HIGHWAY/ROAD/ALLEY/STREET/SIDEWALK,<Null>,NONE,<Null>,<Null>,<Null>,35.95501,-79.02385,91505,POINT (-79.02385 35.95501)
201047,CHPD,B&E    LARCENY F/VEHICLE,101 GLEN LENNOX DR,CHAPEL HILL,NC,27517,1655212740000,1654689600000,1655211600000,MISC OFFICER IN,PARKING/DROP LOT/GARAGE,N,NONE,29,W,M,35.913432,-79.025601,91511,POINT (-79.025601 35.913432)
198804,CHPD,ABANDONED VEHICLE,US 15-501 ON RAMP TO US 15-501 (N),CHAPEL HILL,NC,27514,1648525320000,1648525320000,1648525320000,MISC OFFICER IN,<Null>,<Null>,<Null>,<Null>,<Null>,<Null>,35.893761,-79.057492,91518,POINT (-79.057492 35.893761)
202084,CHPD,B&E    LARCENY F/VEHICLE,601 MARTIN LUTHER KING JR BLVD,CHAPEL HILL,NC,27516,1658501940000,1658442780000,1658498400000,MISC OFFICER IN,RESIDENCE/HOME,N,NONE,51,W,M,35.918098,-79.057456,91537,POINT (-79.057456 35.918098)
199285,CHPD,B&E    LARCENY F/VEHICLE,1801 FORDHAM BLVD,CHAPEL HILL,NC,27514,1649865540000,1649849400000,1649850840000,MISC OFFICER IN,PARKING/DROP LOT/GARAGE,<Null>,<Null>,50,B,F,35.947773,-79.012795,91563,POINT (-79.012795 35.947773)
202525,CHPD,B&E    LARCENY F/VEHICLE,3690 SOUTH COLUMBIA ST,CHAPEL HILL,NC,27516,1659942420000,1659911400000,1659942420000,THEFT/LARCENY,PARKING/DROP LOT/GARAGE,Y,<Null>,74,W,F,35.881001,-79.062747,91615,POINT (-79.062747 35.881001)
196818,CHPD,B&E    LARCENY F/VEHICLE,508 CHURCH ST,CHAPEL HILL,NC,27516,1642518300000,1642435200000,1642493700000,MISC OFFICER IN,RESIDENCE/HOME,<Null>,<Null>,23,W,M,35.916569,-79.060395,91628,POINT (-79.060395 35.916569)
198049,CHPD,B&E    LARCENY F/VEHICLE,732 MARKET ST,CHAPEL HILL,NC,27516,1646238600000,1646208900000,1646227800000,MISC OFFICER IN,PARKING/DROP LOT/GARAGE,<Null>,<Null>,26,B,F,35.880143,-79.065825,91652,POINT (-79.065825 35.880143)
199391,CHPD,SUSPICIOUS VEHICLE,800 PRICHARD AVE EXT,CHAPEL HILL,NC,27514,1650214920000,1650214920000,1650214920000,PUBLIC SERVICE,<Null>,<Null>,<Null>,<Null>,B,F,35.92063,-79.060446,91660,POINT (-79.060446 35.92063)
198318,CHPD,FOUND CAR KEY,140 W FRANKLIN ST,CHAPEL HILL,NC,27516,1647043500000,1647043500000,1647043500000,MISC OFFICER IN,<Null>,<Null>,<Null>,<Null>,<Null>,<Null>,35.912968,-79.057839,91692,POINT (-79.057839 35.912968)
197644,CHPD,B&E    LARCENY F/VEHICLE,64 DAVIE CIR,CHAPEL HILL,NC,27514,1645018980000,1643931000000,1643959800000,MISC OFFICER IN,RESIDENCE/HOME,<Null>,<Null>,58,A,M,35.919205,-79.037843,91704,POINT (-79.037843 35.919205)
199078,CHPD,LARCENY CREDIT CARD,600 CARRAWAY CROSSING,CHAPEL HILL,NC,27516,1649273220000,1647957600000,1649273220000,THEFT/LARCENY,RESIDENCE/HOME,<Null>,<Null>,26,W,F,35.970675,-79.068275,91717,POINT (-79.068275 35.970675)
200043,CHPD,B&E    LARCENY F/VEHICLE,6850 MILLHOUSE RD,CHAPEL HILL,NC,27516,1652102820000,1652076000000,1652101200000,MISC OFFICER IN,GOVERNMENT/PUBLIC BUILDING,N,NONE,<Null>,B,M,35.977778,-79.073307,91736,POINT (-79.073307 35.977778)
199405,CHPD,LARCENY FROM MOTOR VEHICLE,1513 E FRANKLIN ST,CHAPEL HILL,NC,27514,1650275760000,1649970000000,1650024000000,MISC OFFICER IN,PARKING/DROP LOT/GARAGE,N,NONE,<Null>,W,M,35.931612,-79.034592,91742,POINT (-79.034592 35.931612)
200913,CHPD,B&E    LARCENY F/VEHICLE,PUMPKIN LOOP TRAIL,CHAPEL HILL,NC,27516,1654788900000,1654788900000,1654788900000,MISC OFFICER IN,CYBERSPACE,<Null>,NONE,43,W,M,0.0,0.0,91758,POINT (0 0)
196620,CHPD,B&E    LARCENY F/VEHICLE,702 N COLUMBIA ST,CHAPEL HILL,NC,27516,1641809700000,1641783360000,1641807000000,MISC OFFICER IN,RESIDENCE/HOME,<Null>,<Null>,56,W,F,35.920022,-79.059569,91799,POINT (-79.059569 35.920022)
197571,CHPD,B&E    LARCENY F/VEHICLE,903 E FRANKLIN ST,CHAPEL HILL,NC,27514,1644836460000,1644336000000,1644606000000,MISC OFFICER IN,HIGHWAY/ROAD/ALLEY/STREET/SIDEWALK,<Null>,<Null>,22,W,M,35.919889,-79.039143,91801,POINT (-79.039143 35.919889)
199264,CHPD,CREDIT CARD/ATM FRAUD,500 UMSTEAD DR,CHAPEL HILL,NC,27516,1649841180000,1649779200000,1649786400000,MISC OFFICER IN,CYBERSPACE,<Null>,<Null>,43,W,F,35.924637,-79.065885,91815,POINT (-79.065885 35.924637)
201992,CHPD,B&E    LARCENY F/VEHICLE,425 HILLSBOROUGH ST,CHAPEL HILL,NC,27514,1658224560000,1657627200000,1657753200000,MISC OFFICER IN,PARKING/DROP LOT/GARAGE,<Null>,NONE,<Null>,B,F,35.920337,-79.052282,91855,POINT (-79.052282 35.920337)
200502,CHPD,LARCENY FROM MOTOR VEHICLE,815 N COLUMBIA ST,CHAPEL HILL,NC,27516,1653492120000,1653492000000,1653492060000,THEFT/LARCENY,RESIDENCE/HOME,N,<Null>,<Null>,A,F,35.921769,-79.057717,91861,POINT (-79.057717 35.921769)
202461,CHPD,LARCENY FROM MOTOR VEHICLE,204 PUREFOY RD,CHAPEL HILL,NC,27514,1659703500000,1659657600000,1659682800000,MISC OFFICER IN,RESIDENCE/HOME,<Null>,NONE,42,W,F,35.896418,-79.054566,91866,POINT (-79.054566 35.896418)
198807,CHPD,B&E    LARCENY F/VEHICLE,201 S ELLIOTT RD,CHAPEL HILL,NC,27514,1648550220000,1648497600000,1648512000000,MISC OFFICER IN,PARKING/DROP LOT/GARAGE,<Null>,<Null>,21,B,F,35.93322,-79.02681,91869,POINT (-79.02681 35.93322)
199646,CHPD,CREDIT CARD FRAUD,1809 FORDHAM BLVD,CHAPEL HILL,NC,27514,1650968880000,1646402400000,1650897420000,MISC OFFICER IN,SPECIALTY/STORE,<Null>,NONE,<Null>,<Null>,<Null>,35.946437,-79.010971,91909,POINT (-79.010971 35.946437)
197747,CHPD,CARELESS AND RECKLESS DRIVING,WEAVER DAIRY RD X @ OLD LARKSPUR WAY,CHAPEL HILL,NC,27516,1645292820000,1645292220000,1645292220000,MVC W INJURY,HIGHWAY/ROAD/ALLEY/STREET/SIDEWALK,N,NONE,<Null>,<Null>,<Null>,35.96066,-79.06723,91914,POINT (-79.06723 35.96066)
200528,CHPD,B&E    LARCENY F/VEHICLE,412 PARKVIEW CRESCENT,CHAPEL HILL,NC,27516,1653560820000,1653507000000,1653548400000,MISC OFFICER IN,RESIDENCE/HOME,N,NONE,<Null>,W,F,35.8872,-79.070671,91971,POINT (-79.070671 35.8872)
202530,CHPD,LARCENY FROM MOTOR VEHICLE,800 TINKERBELL RD,CHAPEL HILL,NC,27517,1659949440000,1644926400000,1659891600000,MISC OFFICER IN,RESIDENCE/HOME,<Null>,NONE,28,W,M,35.926202,-79.011783,92021,POINT (-79.011783 35.926202)
205592,CHPD,B&E    LARCENY F/VEHICLE,417 HILLSBOROUGH ST,CHAPEL HILL,NC,27514,1667658240000,1667577600000,1667658240000,THEFT/LARCENY,RESIDENCE/HOME,<Null>,<Null>,21,W,F,35.918949,-79.051888,92030,POINT (-79.051888 35.918949)
204547,CHPD,B&E    LARCENY F/VEHICLE,714 MARTIN LUTHER KING JR BLVD,CHAPEL HILL,NC,27514,1664960280000,1664910000000,1664958600000,THEFT/LARCENY,PARKING/DROP LOT/GARAGE,N,NONE,21,W,M,35.920753,-79.05558,92062,POINT (-79.05558 35.920753)
203717,CHPD,ATTEMPTED B&E OF VEHICLE,114 CREEL ST,CHAPEL HILL,NC,27516,1662897240000,1662896700000,1662897240000,THEFT/LARCENY,HIGHWAY/ROAD/ALLEY/STREET/SIDEWALK,N,UNKNOWN,53,A,M,35.905464,-79.067291,92081,POINT (-79.067291 35.905464)
205369,CHPD,LARCENY FROM MOTOR VEHICLE,122 S GRAHAM ST,CHAPEL HILL,NC,27516,1667206020000,1667174400000,1667199600000,MISC OFFICER IN,RESIDENCE/HOME,N,<Null>,21,W,F,35.913509,-79.054382,92119,POINT (-79.054382 35.913509)
205120,CHPD,CONCEAL CARRY OF A KNIFE,100 CHURCH ST,CHAPEL HILL,NC,27516,1666553460000,1666553280000,1666553460000,MISC OFFICER IN,HIGHWAY/ROAD/ALLEY/STREET/SIDEWALK,<Null>,KNIFE/CUTTING INSTRUMENT,<Null>,<Null>,<Null>,35.912296,-79.058144,92130,POINT (-79.058144 35.912296)
203871,CHPD,TOWED VEHICLE,150 E FRANKLIN ST,CHAPEL HILL,NC,27514,1663312380000,1663311600000,1663312380000,MISC OFFICER IN,HIGHWAY/ROAD/ALLEY/STREET/SIDEWALK,<Null>,<Null>,<Null>,<Null>,<Null>,35.913219,-79.055748,92142,POINT (-79.055748 35.913219)
204326,CHPD,CREDIT CARD THEFT,163 E FRANKLIN ST,CHAPEL HILL,NC,27514,1664379960000,1664287200000,1664290800000,THEFT/LARCENY,RESTAURANT,N,NONE,23,A,F,35.914196,-79.053703,92148,POINT (-79.053703 35.914196)
204799,CHPD,VEHICLE LOCKOUT,350 CALDWELL ST,CHAPEL HILL,NC,27516,1665594120000,1665594000000,1665594120000,PUBLIC SERVICE,SCHOOL-ELEMENTARY/SECONDARY,<Null>,<Null>,31,W,F,35.917488,-79.063301,92157,POINT (-79.063301 35.917488)
205777,CHPD,ABANDONED VEHICLE,238 BROOKBERRY CIR,CHAPEL HILL,NC,27517,1668089160000,1668089160000,1668089160000,TRAFFIC VIOLATI,HIGHWAY/ROAD/ALLEY/STREET/SIDEWALK,N,NONE,<Null>,<Null>,<Null>,35.900333,-79.009819,92163,POINT (-79.009819 35.900333)
204115,CHPD,SUSPICIOUS VEHICLE,200 HAYES RD,CHAPEL HILL,NC,27517,1663879920000,1663879500000,1663879800000,SUSPICIOUS/WANT,PARKING/DROP LOT/GARAGE,<Null>,<Null>,<Null>,<Null>,<Null>,35.915565,-79.025497,92164,POINT (-79.025497 35.915565)
205767,CHPD,TOWED VEHICLE,1005 S COLUMBIA ST,CHAPEL HILL,NC,27516,1668083100000,1668083100000,1668083100000,TRAFFIC VIOLATI,HIGHWAY/ROAD/ALLEY/STREET/SIDEWALK,<Null>,<Null>,<Null>,<Null>,<Null>,35.896103,-79.058296,92172,POINT (-79.058296 35.896103)
203251,CHPD,B&E    LARCENY F/VEHICLE,411 FLEMINGTON RD,CHAPEL HILL,NC,27517,1661675400000,1661662800000,1661675400000,THEFT/LARCENY,PARKING/DROP LOT/GARAGE,N,NONE,24,B,M,35.9146,-79.025276,92202,POINT (-79.025276 35.9146)
197675,CHPD,B&E    LARCENY F/VEHICLE,2 BYPASS LN,CHAPEL HILL,NC,27517,1645116300000,1642611600000,1643169600000,MISC OFFICER IN,RESIDENCE/HOME,<Null>,<Null>,46,W,M,35.933218,-79.023267,92220,POINT (-79.023267 35.933218)
203197,CHPD,ABANDONED VEHICLE,FORDHAM BLVD @ CARMICHAEL ST,CHAPEL HILL,NC,27514,1661556900000,1661556900000,1661556900000,TRAFFIC VIOLATI,HIGHWAY/ROAD/ALLEY/STREET/SIDEWALK,<Null>,NONE,<Null>,<Null>,<Null>,35.901649,-79.033043,92231,POINT (-79.033043 35.901649)
205461,CHPD,LARCENY FROM MOTOR VEHICLE,122 CAMERON CT,CHAPEL HILL,NC,27516,1667336040000,1667160000000,1667335800000,THEFT/LARCENY,PARKING/DROP LOT/GARAGE,N,<Null>,21,W,M,35.908512,-79.060272,92254,POINT (-79.060272 35.908512)
202884,CHPD,CAR LOCK OUT,434 MEADOWMONT VILLAGE CIR,CHAPEL HILL,NC,27517,1660813320000,1660813320000,1660813320000,PUBLIC SERVICE,<Null>,<Null>,<Null>,<Null>,<Null>,<Null>,35.904823,-79.011093,92257,POINT (-79.011093 35.904823)
204368,CHPD,B&E    LARCENY F/VEHICLE,1103 SOURWOOD CIR,CHAPEL HILL,NC,27517,1664458620000,1664319600000,1664458560000,THEFT/LARCENY,RESIDENCE/HOME,N,UNKNOWN,68,W,M,35.893761,-79.039444,92301,POINT (-79.039444 35.893761)
205697,CHPD,B&E    LARCENY F/VEHICLE,100 SUMAC RD,CHAPEL HILL,NC,27517,1667916180000,1667914200000,1667916180000,THEFT/LARCENY,PARKING/DROP LOT/GARAGE,N,UNKNOWN,33,W,F,35.877022,-79.067123,92306,POINT (-79.067123 35.877022)
204312,CHPD,CARDIAC ARREST,324 CEDAR CLUB CIR,CHAPEL HILL,NC,27517,1664361300000,1664353800000,1664361240000,CARDIAC RESP AR,RESIDENCE/HOME,<Null>,NONE,78,<Null>,<Null>,35.906437,-79.006355,92328,POINT (-79.006355 35.906437)
205374,CHPD,ASSIST CARRBORO POLICE DEPT,1401 W MAIN ST,CARRBORO,NC,27510,1667213280000,1667213280000,1667213280000,MVC W INJURY,SERVICE/GAS STATION,<Null>,<Null>,<Null>,<Null>,<Null>,35.912689,-79.091888,92421,POINT (-79.091888 35.912689)
205663,CHPD,B&E    LARCENY F/VEHICLE,300 MEADOWMONT VILLAGE CIR,CHAPEL HILL,NC,27517,1667892600000,1667840400000,1667890800000,THEFT/LARCENY,PARKING/DROP LOT/GARAGE,Y,UNKNOWN,<Null>,<Null>,<Null>,35.9044,-79.011864,92451,POINT (-79.011864 35.9044)
204430,CHPD,POSSESSION OF STOLEN VEHICLE,614 E FRANKLIN ST,CHAPEL HILL,NC,27514,1664640660000,1664640300000,1664640660000,TRAFFIC/TRANSPO,HIGHWAY/ROAD/ALLEY/STREET/SIDEWALK,<Null>,<Null>,35,W,F,35.916843,-79.044662,92467,POINT (-79.044662 35.916843)
203723,CHPD,LARCENY FROM VEHICLE,701 HIGHGROVE DR,CHAPEL HILL,NC,27516,1662903240000,1662854700000,1662901200000,THEFT/LARCENY,RESIDENCE/HOME,N,<Null>,46,W,F,35.886993,-79.068489,92507,POINT (-79.068489 35.886993)
205700,CHPD,B&E    LARCENY F/VEHICLE,1081 NC 54,CHAPEL HILL,NC,27514,1667916780000,1667912760000,1667915340000,THEFT/LARCENY,PARK/PLAYGROUND,<Null>,<Null>,30,W,F,35.896358,-79.064674,92509,POINT (-79.064674 35.896358)
204981,CHPD,B&E    LARCENY F/VEHICLE,145 E FRANKLIN ST,CHAPEL HILL,NC,27514,1666130100000,1666128960000,1666129800000,THEFT/LARCENY,LIQUOR STORE,N,<Null>,42,B,F,35.913982,-79.054337,92515,POINT (-79.054337 35.913982)
204050,CHPD,SUSPICIOUS VEHICLE,1100 NC 54,CHAPEL HILL,NC,27516,1663741500000,1663740900000,1663741200000,SUSPICIOUS/WANT,<Null>,<Null>,<Null>,<Null>,<Null>,<Null>,35.896713,-79.042221,92573,POINT (-79.042221 35.896713)
204691,CHPD,ASSIST CARRBORO PD,791 SMITH LEVEL RD,CHAPEL HILL,NC,27516,1665274260000,1665274140000,1665274200000,LE ASSISTANCE,HIGHWAY/ROAD/ALLEY/STREET/SIDEWALK,<Null>,NONE,<Null>,<Null>,<Null>,35.887489,-79.08252,92592,POINT (-79.08252 35.887489)
203784,CHPD,B&E    LARCENY F/VEHICLE,104 COLBURN PT,CHAPEL HILL,NC,27516,1663066140000,1662238800000,1662390000000,INFO MESSAGE,RESIDENCE/HOME,<Null>,NONE,<Null>,W,M,35.893822,-79.068848,92626,POINT (-79.068848 35.893822)
204411,CHPD,ILLEGALLY PARKED VEHICLES,321 MCDADE ST,CHAPEL HILL,NC,27516,1664609940000,1664609400000,1664609400000,TRAFFIC VIOLATI,HIGHWAY/ROAD/ALLEY/STREET/SIDEWALK,N,NONE,<Null>,<Null>,<Null>,35.915089,-79.061729,92645,POINT (-79.061729 35.915089)
205372,CHPD,B&E    LARCENY F/VEHICLE,507 NORTH ST,CHAPEL HILL,NC,27514,1667211120000,1667211120000,1667211120000,THEFT/LARCENY,RESIDENCE/HOME,N,NONE,21,W,M,35.918716,-79.048882,92652,POINT (-79.048882 35.918716)
199475,CHPD,GIFTCARD SCAM,1810 FORDHAM BLVD,CHAPEL HILL,NC,27517,1650469380000,1650030600000,1650030900000,MISC OFFICER IN,GROCERY/SUPERMARKET,<Null>,NONE,<Null>,<Null>,<Null>,35.944837,-79.009379,92656,POINT (-79.009379 35.944837)
205873,CHPD,VEHICLE LOCKOUT,603 MARTIN LUTHER KING JR BLVD,CHAPEL HILL,NC,27516,1668330840000,1668330300000,1668330480000,PUBLIC SERVICE,PARKING/DROP LOT/GARAGE,<Null>,NONE,<Null>,W,F,35.918735,-79.057693,92662,POINT (-79.057693 35.918735)
203086,CHPD,ASSIST CARRBORO PD,409 W FRANKLIN ST,CHAPEL HILL,NC,27516,1661330700000,1661329800000,1661330280000,PUBLIC SERVICE,RESTAURANT,<Null>,NONE,<Null>,<Null>,<Null>,35.910866,-79.061165,92665,POINT (-79.061165 35.910866)
205631,CHPD,KEYS LOCKED IN CAR,227 VANCE ST,CHAPEL HILL,NC,27516,1667816100000,1667815800000,1667816100000,PUBLIC SERVICE,HIGHWAY/ROAD/ALLEY/STREET/SIDEWALK,<Null>,<Null>,<Null>,<Null>,<Null>,35.905746,-79.056931,92666,POINT (-79.056931 35.905746)
205411,CHPD,CREDIT CARD THEFT,106 W FRANKLIN ST,CHAPEL HILL,NC,27516,1667264160000,1667260380000,1667264160000,THEFT/LARCENY,RESTAURANT,<Null>,<Null>,49,B,M,35.913219,-79.056305,92667,POINT (-79.056305 35.913219)
202920,CHPD,B&E    LARCENY F/VEHICLE,316 W ROSEMARY ST,CHAPEL HILL,NC,27516,1660916580000,1660824000000,1660910400000,THEFT/LARCENY,PARKING/DROP LOT/GARAGE,N,NONE,20,W,F,35.912991,-79.060226,92669,POINT (-79.060226 35.912991)
204852,CHPD,CREDIT CARD THEFT,1415 VILLAGE CROSSING DR,CHAPEL HILL,NC,27517,1665776520000,1665652800000,1665652800000,PUBLIC SERVICE,RESIDENCE/HOME,<Null>,NONE,22,A,M,35.904068,-79.008736,92689,POINT (-79.008736 35.904068)
204561,CHPD,SUSPICIOUS VEHICLE,409 W FRANKLIN ST,CHAPEL HILL,NC,27516,1664981640000,1664980080000,1664981640000,MISC OFFICER IN,HIGHWAY/ROAD/ALLEY/STREET/SIDEWALK,<Null>,<Null>,<Null>,<Null>,<Null>,35.910866,-79.061165,92712,POINT (-79.061165 35.910866)
203288,CHPD,B&E    LARCENY F/VEHICLE,320 MCMASTERS ST,CHAPEL HILL,NC,27516,1661790000000,1661783400000,1661784300000,THEFT/LARCENY,RESIDENCE/HOME,<Null>,NONE,<Null>,B,M,35.918247,-79.063873,92785,POINT (-79.063873 35.918247)
203725,CHPD,CREDIT CARD/ATM FRAUD,17 BLUFF TRL,CHAPEL HILL,NC,27516,1662911700000,1662411600000,1662647400000,THEFT/LARCENY,RESIDENCE/HOME,N,NONE,45,W,F,35.920731,-79.066299,92792,POINT (-79.066299 35.920731)
205016,CHPD,ABANDONED VEHICLE,500 RALEIGH RD,CHAPEL HILL,NC,27514,1666234260000,1666233600000,1666234260000,MISC OFFICER IN,HIGHWAY/ROAD/ALLEY/STREET/SIDEWALK,<Null>,<Null>,<Null>,<Null>,<Null>,35.910969,-79.041725,92797,POINT (-79.041725 35.910969)
205599,CHPD,B&E    LARCENY F/VEHICLE,102 HANSER CT,CHAPEL HILL,NC,27516,1667696160000,1667696160000,1667696160000,THEFT/LARCENY,RESIDENCE/HOME,<Null>,<Null>,54,W,M,35.89048,-79.070343,92834,POINT (-79.070343 35.89048)
203621,CHPD,B&E    LARCENY F/VEHICLE,1081 NC 54,CHAPEL HILL,NC,27514,1662644700000,1662641760000,1662643500000,THEFT/LARCENY,PARK/PLAYGROUND,N,NONE,22,W,F,35.896358,-79.064674,92872,POINT (-79.064674 35.896358)
203111,CHPD,ASSIST LOCATING VEHICLE,212 E FRANKLIN ST,CHAPEL HILL,NC,27514,1661354400000,1661341380000,1661353200000,PUBLIC SERVICE,PARKING/DROP LOT/GARAGE,<Null>,NONE,<Null>,B,M,35.914661,-79.051971,92874,POINT (-79.051971 35.914661)
201236,CHPD,LARCENY FROM MOTOR VEHICLE,1912 VILLAGE CROSSING DR,CHAPEL HILL,NC,27517,1655892000000,1655843400000,1655856000000,MISC OFFICER IN,PARKING/DROP LOT/GARAGE,<Null>,NONE,51,W,M,35.904749,-79.00878,92888,POINT (-79.00878 35.904749)
205408,CHPD,SUSPICIOUS VEHICLE,120 S ESTES DR,CHAPEL HILL,NC,27514,1667258580000,1667258580000,1667258580000,SUSPICIOUS/WANT,PARKING/DROP LOT/GARAGE,<Null>,<Null>,<Null>,<Null>,<Null>,35.925953,-79.03289,92891,POINT (-79.03289 35.925953)
202916,CHPD,ASSIST CARRBORO PD,102 W FRANKLIN ST,CHAPEL HILL,NC,27516,1660907700000,1660907400000,1660907700000,PUBLIC SERVICE,HIGHWAY/ROAD/ALLEY/STREET/SIDEWALK,N,NONE,<Null>,<Null>,<Null>,35.913265,-79.056175,92909,POINT (-79.056175 35.913265)
203039,CHPD,B&E    LARCENY F/VEHICLE,206 MCCAULEY ST,CHAPEL HILL,NC,27516,1661248560000,1661189760000,1661241600000,THEFT/LARCENY,PARKING/DROP LOT/GARAGE,N,NONE,21,W,F,35.90818,-79.055397,92921,POINT (-79.055397 35.90818)
204802,CHPD,LARCENY FROM MOTOR VEHICLE,150 E ROSEMARY ST,CHAPEL HILL,NC,27514,1665613440000,1665429840000,1665613200000,ADMINISTRATIVE,PARKING/DROP LOT/GARAGE,<Null>,<Null>,22,W,M,35.914028,-79.055717,92926,POINT (-79.055717 35.914028)
205183,CHPD,ABANDONED VEHICLE,240 FLEMINGTON RD,CHAPEL HILL,NC,27517,1666710720000,1664841600000,1666710000000,MISC OFFICER IN,HIGHWAY/ROAD/ALLEY/STREET/SIDEWALK,<Null>,<Null>,<Null>,<Null>,<Null>,35.918037,-79.024124,92946,POINT (-79.024124 35.918037)
204341,CHPD,LARCENY FROM MOTOR VEHICLE,800 MARTIN LUTHER KING JR BLVD,CHAPEL HILL,NC,27514,1664437020000,1664350620000,1664437020000,THEFT/LARCENY,PARKING/DROP LOT/GARAGE,<Null>,<Null>,45,W,M,35.925396,-79.053558,92954,POINT (-79.053558 35.925396)
205612,CHPD,VEHICLE DOOR UNLOCK,130 S ESTES DR,CHAPEL HILL,NC,27514,1667745540000,1667745000000,1667745000000,PUBLIC SERVICE,<Null>,<Null>,<Null>,<Null>,<Null>,<Null>,35.926857,-79.030794,93004,POINT (-79.030794 35.926857)
205717,CHPD,B&E    LARCENY F/VEHICLE,100 AQUATIC DR,CHAPEL HILL,NC,27516,1667922360000,1667919660000,1667921400000,THEFT/LARCENY,PARKING/DROP LOT/GARAGE,<Null>,UNKNOWN,42,W,F,35.955963,-79.063896,93011,POINT (-79.063896 35.955963)
205543,CHPD,B&E    LARCENY F/VEHICLE,201 S ESTES DR,CHAPEL HILL,NC,27514,1667567640000,1667563140000,1667567640000,MISC OFFICER IN,PARKING/DROP LOT/GARAGE,<Null>,<Null>,35,W,F,35.927822,-79.027039,93016,POINT (-79.027039 35.927822)
203875,CHPD,B&E    LARCENY F/VEHICLE,1728 FORDHAM BLVD,CHAPEL HILL,NC,27517,1663319820000,1663236000000,1663275600000,THEFT/LARCENY,PARKING/DROP LOT/GARAGE,N,NONE,50,B,M,35.937523,-79.020828,93024,POINT (-79.020828 35.937523)
204588,CHPD,B&E    LARCENY F/VEHICLE,425 HILLSBOROUGH ST,CHAPEL HILL,NC,27514,1665052800000,1664884800000,1664971200000,MISC OFFICER IN,PARKING/DROP LOT/GARAGE,N,NONE,61,W,M,35.920337,-79.052282,93034,POINT (-79.052282 35.920337)
203077,CHPD,ABANDONED VEHICLE,120 SIERRA DR,CHAPEL HILL,NC,27514,1661291700000,1661291580000,1661291640000,SUSPICIOUS/WANT,RESIDENCE/HOME,<Null>,NONE,<Null>,<Null>,<Null>,35.957947,-79.029388,93037,POINT (-79.029388 35.957947)
202845,CHPD,SUSPICIOUS VEHICLE,9217 SEAWELL SCHOOL RD,CHAPEL HILL,NC,27516,1660705680000,1660705200000,1660705680000,MISC OFFICER IN,SCHOOL/COLLEGE (USE 52 OR 53),<Null>,<Null>,<Null>,<Null>,<Null>,35.946213,-79.078423,93050,POINT (-79.078423 35.946213)
203054,CHPD,B&E    LARCENY F/VEHICLE,5639 OLD CHAPEL HILL RD,DURHAM,NC,27707,1661267100000,1661265600000,1661265600000,THEFT/LARCENY,PARKING/DROP LOT/GARAGE,N,NONE,<Null>,<Null>,<Null>,35.94408,-79.002167,93055,POINT (-79.002167 35.94408)
204699,CHPD,VEHICLE UNLOCK,200 FORMOSA LN,CHAPEL HILL,NC,27517,1665334920000,1665334920000,1665334920000,PUBLIC SERVICE,PARKING/DROP LOT/GARAGE,N,NONE,63,B,M,35.941578,-79.01622,93056,POINT (-79.01622 35.941578)
202933,CHPD,B&E    LARCENY F/VEHICLE,112 ROSE LANE,CHAPEL HILL,NC,27514,1660907040000,1660872900000,1660893300000,THEFT/LARCENY,RESIDENCE/HOME,N,NONE,81,W,M,35.922405,-79.048796,93079,POINT (-79.048796 35.922405)
205709,CHPD,B&E    LARCENY F/VEHICLE,100 AQUATIC DR,CHAPEL HILL,NC,27516,1667930880000,1667916900000,1667921400000,THEFT/LARCENY,PARKING/DROP LOT/GARAGE,<Null>,UNKNOWN,72,W,F,35.955963,-79.063896,93085,POINT (-79.063896 35.955963)
204398,CHPD,B&E    LARCENY F/VEHICLE,1100 W NC 54 HWY,DURHAM,NC,27713,1664549880000,1664452800000,1664539200000,MISC OFFICER IN,PARKING/DROP LOT/GARAGE,N,NONE,21,W,F,35.919555,-78.957446,93100,POINT (-78.957446 35.919555)
204781,CHPD,B&E    LARCENY F/VEHICLE,1701 MARTIN LUTHER KING JR BLVD,CHAPEL HILL,NC,27516,1665567120000,1665414000000,1665417600000,THEFT/LARCENY,PARKING/DROP LOT/GARAGE,N,<Null>,25,W,M,35.962112,-79.058075,93108,POINT (-79.058075 35.962112)
203572,CHPD,LARCENY FROM MOTOR VEHICLE,1215 E FRANKLIN ST,CHAPEL HILL,NC,27514,1662554400000,1662474600000,1662552000000,MISC OFFICER IN,PARKING/DROP LOT/GARAGE,<Null>,NONE,57,W,M,35.925365,-79.037871,93118,POINT (-79.037871 35.925365)
204097,CHPD,SUSPICIOUS VEHICLES,300 SILVER CEDAR CT,CHAPEL HILL,NC,27514,1663843440000,1663702200000,1663804800000,MISC OFFICER IN,PARKING/DROP LOT/GARAGE,<Null>,NONE,<Null>,<Null>,<Null>,35.962105,-79.049236,93140,POINT (-79.049236 35.962105)
204092,CHPD,SUSPICIOUS VEHICLE,304 SPRUCE ST,CHAPEL HILL,NC,27517,1663838760000,1663761600000,1663761600000,MISC OFFICER IN,HIGHWAY/ROAD/ALLEY/STREET/SIDEWALK,<Null>,NONE,30,W,F,35.930563,-79.020236,93151,POINT (-79.020236 35.930563)
203149,CHPD,VEHICLE LOCK OUT,463 MELANIE CT,CHAPEL HILL,NC,27514,1661460360000,1661460240000,1661460360000,PUBLIC SERVICE,RESIDENCE/HOME,<Null>,NONE,<Null>,B,M,35.94286,-79.025024,93160,POINT (-79.025024 35.94286)
202882,CHPD,LARCENY FROM MOTOR VEHICLE,111 MOSSBARK LN,CHAPEL HILL,NC,27514,1660810020000,1660810020000,1660810020000,THEFT/LARCENY,HIGHWAY/ROAD/ALLEY/STREET/SIDEWALK,<Null>,<Null>,48,W,M,35.942863,-79.0224,93163,POINT (-79.0224 35.942863)
204984,CHPD,SUSPICIOUS VEHICLE,1742 FORDHAM BLVD,CHAPEL HILL,NC,27517,1666144680000,1666144680000,1666144680000,MISC OFFICER IN,PARKING/DROP LOT/GARAGE,<Null>,<Null>,<Null>,<Null>,<Null>,35.939713,-79.020279,93203,POINT (-79.020279 35.939713)
204211,CHPD,LARCENY FROM MOTOR VEHICLE,1800 E FRANKLIN ST,CHAPEL HILL,NC,27514,1664116740000,1664107200000,1664116740000,ADMINISTRATIVE,PARKING/DROP LOT/GARAGE,<Null>,<Null>,40,W,F,35.935158,-79.024284,93204,POINT (-79.024284 35.935158)
203320,CHPD,VEHICLE LOCKOUT,122 ASHLEY FOREST RD,CHAPEL HILL,NC,27514,1661868840000,1661868000000,1661868000000,PUBLIC SERVICE,PARKING/DROP LOT/GARAGE,N,NONE,<Null>,B,F,35.943874,-79.05571,93238,POINT (-79.05571 35.943874)
203464,CHPD,B&E    LARCENY F/VEHICLE,1321 MARTIN LUTHER KING JR BLVD,CHAPEL HILL,NC,27516,1662208800000,1662202800000,1662208800000,THEFT/LARCENY,CHURCH/SYNAGOGUE/TEMPLE/MOSQUE,<Null>,<Null>,<Null>,B,F,35.952454,-79.059074,93243,POINT (-79.059074 35.952454)
202818,CHPD,B&E    LARCENY F/VEHICLE,109 SPRINGDALE WAY,CHAPEL HILL,NC,27517,1660656360000,1660510800000,1660557600000,MISC OFFICER IN,RESIDENCE/HOME,N,NONE,75,W,M,35.915476,-79.004988,93245,POINT (-79.004988 35.915476)
204052,CHPD,B&E    LARCENY F/VEHICLE,204 PINEGATE CIR,CHAPEL HILL,NC,27514,1663741440000,1663705800000,1663741440000,THEFT/LARCENY,HIGHWAY/ROAD/ALLEY/STREET/SIDEWALK,Y,<Null>,37,W,M,35.948406,-79.009781,93249,POINT (-79.009781 35.948406)
205662,CHPD,SUSPICIOUS VEHICLE,1800 E FRANKLIN ST,CHAPEL HILL,NC,27514,1667889780000,1667802900000,1667889780000,SUSPICIOUS/WANT,PARKING/DROP LOT/GARAGE,N,NONE,<Null>,<Null>,<Null>,35.935158,-79.024284,93257,POINT (-79.024284 35.935158)
203283,CHPD,B&E    LARCENY F/VEHICLE,1509 E FRANKLIN ST,CHAPEL HILL,NC,27514,1661781600000,1661772600000,1661776200000,MISC OFFICER IN,PARKING/DROP LOT/GARAGE,N,NONE,<Null>,<Null>,<Null>,35.93122,-79.033646,93260,POINT (-79.033646 35.93122)
205275,CHPD,B&E    LARCENY F/VEHICLE,300 FORMOSA LN,CHAPEL HILL,NC,27517,1666942860000,1666915200000,1666942860000,THEFT/LARCENY,HIGHWAY/ROAD/ALLEY/STREET/SIDEWALK,N,UNKNOWN,40,B,F,35.941624,-79.015808,93267,POINT (-79.015808 35.941624)
205126,CHPD,LARCENY FROM MOTOR VEHICLE,121 EDISTO CT,CHAPEL HILL,NC,27514,1666602360000,1666126560000,1666267200000,MISC OFFICER IN,PARKING/DROP LOT/GARAGE,<Null>,NONE,53,A,F,35.92696,-79.05294,93269,POINT (-79.05294 35.92696)
205273,CHPD,SUSPICIOUS VEHICLE,ROTHER LN @ CRICKET GROUND,DURHAM,NC,27707,1666915140000,1666915140000,1666915140000,MISC OFFICER IN,HIGHWAY/ROAD/ALLEY/STREET/SIDEWALK,<Null>,<Null>,<Null>,<Null>,<Null>,35.942219,-78.996964,93296,POINT (-78.996964 35.942219)
203605,CHPD,ABANDONED VEHICLE,1721 LEGION RD,CHAPEL HILL,NC,27517,1662620400000,1660035600000,1662619800000,SUSPICIOUS/WANT,FIELD/WOODS,<Null>,NONE,<Null>,<Null>,<Null>,35.94278,-79.013771,93324,POINT (-79.013771 35.94278)
205378,CHPD,B&E    LARCENY F/VEHICLE,1 EUROPA DR,CHAPEL HILL,NC,27514,1667215320000,1667192400000,1667215320000,THEFT/LARCENY,HOTEL/MOTEL/ETC.,N,<Null>,36,B,M,35.941261,-79.01738,93356,POINT (-79.01738 35.941261)
205719,CHPD,CREDIT CARD FRAUD,210 S ESTES DR,CHAPEL HILL,NC,27514,1667929380000,1667926680000,1667926680000,FRAUD OR DECEPT,GROCERY/SUPERMARKET,<Null>,NONE,<Null>,W,M,35.925998,-79.027473,93367,POINT (-79.027473 35.925998)
203255,CHPD,B&E    LARCENY F/VEHICLE,1002 WILLOW DR,CHAPEL HILL,NC,27514,1661693580000,1661646660000,1661693520000,THEFT/LARCENY,PARKING/DROP LOT/GARAGE,Y,NONE,41,B,M,35.930382,-79.028442,93385,POINT (-79.028442 35.930382)
203381,CHPD,LARCENY FROM MOTOR VEHICLE,1000 NOVUS LN,CHAPEL HILL,NC,27517,1662028380000,1662028380000,1662028380000,THEFT/LARCENY,HOTEL/MOTEL/ETC.,N,NONE,21,W,F,35.938751,-79.020859,93394,POINT (-79.020859 35.938751)
203446,CHPD,SUSPICIOUS VEHICLE,112 SILVER GLD,CHAPEL HILL,NC,27514,1662140880000,1662134400000,1662140820000,SUSPICIOUS/WANT,HIGHWAY/ROAD/ALLEY/STREET/SIDEWALK,<Null>,NONE,36,W,M,35.955982,-79.021492,93410,POINT (-79.021492 35.955982)
203419,CHPD,B&E    LARCENY F/VEHICLE,1000 NOVUS LN,CHAPEL HILL,NC,27517,1662117000000,1661992200000,1662033600000,THEFT/LARCENY,PARKING/DROP LOT/GARAGE,N,NONE,25,B,M,35.938751,-79.020859,93415,POINT (-79.020859 35.938751)
205638,CHPD,B&E    LARCENY F/VEHICLE,101 GARDNER CIR,CHAPEL HILL,NC,27516,1667822340000,1667649600000,1667743200000,MISC OFFICER IN,RESIDENCE/HOME,N,NONE,50,W,F,35.892227,-79.070366,93423,POINT (-79.070366 35.892227)
203285,CHPD,LARCENY FROM MOTOR VEHICLE,106 FRATERNITY CT,CHAPEL HILL,NC,27516,1661787600000,1661299200000,1661774400000,MISC OFFICER IN,PARKING/DROP LOT/GARAGE,<Null>,NONE,20,W,M,35.911492,-79.055613,93440,POINT (-79.055613 35.911492)
204907,CHPD,SUSPICIOUS VEHICLE,104 UKIAH LN,CHAPEL HILL,NC,27514,1665940500000,1665903600000,1665903600000,SUSPICIOUS/WANT,RESIDENCE/HOME,<Null>,<Null>,<Null>,<Null>,<Null>,35.955582,-79.024338,93486,POINT (-79.024338 35.955582)
204963,CHPD,B&E    LARCENY F/VEHICLE,1081 NC 54,CHAPEL HILL,NC,27517,1666098840000,1666089000000,1666090800000,MISC OFFICER IN,CYBERSPACE,<Null>,NONE,60,W,F,35.908636,-79.026022,93503,POINT (-79.026022 35.908636)
205122,CHPD,VEHICLE LOCKOUT,208 PINEGATE CIR,CHAPEL HILL,NC,27514,1666567440000,1666567200000,1666567440000,PUBLIC SERVICE,PARKING/DROP LOT/GARAGE,<Null>,<Null>,<Null>,<Null>,<Null>,35.948898,-79.009415,93505,POINT (-79.009415 35.948898)
203669,CHPD,CARJACKING W/FORCE,1340 EPHESUS CHURCH RD,CHAPEL HILL,NC,27517,1662760320000,1662759900000,1662759960000,THEFT/LARCENY,PARKING/DROP LOT/GARAGE,<Null>,HANDGUN,<Null>,W,M,35.933399,-79.018951,93552,POINT (-79.018951 35.933399)
205904,CHPD,SUSPICIOUS VEHICLE,1751 MARTIN LUTHER KING JR BLVD,CHAPEL HILL,NC,27516,1668423480000,1668401700000,1668402600000,MISC OFFICER IN,HIGHWAY/ROAD/ALLEY/STREET/SIDEWALK,<Null>,NONE,<Null>,W,F,35.963127,-79.05893,93553,POINT (-79.05893 35.963127)
205900,CHPD,B&E    LARCENY F/VEHICLE,307 SUNSET DR,CHAPEL HILL,NC,27516,1668416520000,1668369600000,1668402000000,MISC OFFICER IN,RESIDENCE/HOME,N,NONE,22,W,F,35.912773,-79.066567,93556,POINT (-79.066567 35.912773)
204889,CHPD,ABANDONED VEHICLE,1800 E FRANKLIN ST,CHAPEL HILL,NC,27514,1665864120000,1665864000000,1665864120000,MISC OFFICER IN,HIGHWAY/ROAD/ALLEY/STREET/SIDEWALK,<Null>,<Null>,<Null>,<Null>,<Null>,35.935158,-79.024284,93569,POINT (-79.024284 35.935158)
205614,CHPD,CREDIT CARD/ATM FRAUD,1602 E FRANKLIN ST,CHAPEL HILL,NC,27514,1667750940000,1667750940000,1667750940000,FRAUD OR DECEPT,RESIDENCE/HOME,<Null>,NONE,<Null>,B,M,35.933731,-79.02951,93574,POINT (-79.02951 35.933731)
203910,CHPD,B&E    LARCENY F/VEHICLE,1300 FORDHAM BLVD,CHAPEL HILL,NC,27517,1663405200000,1663358400000,1663369200000,ADMINISTRATIVE,RESTAURANT,N,NONE,<Null>,W,F,35.933117,-79.024231,93589,POINT (-79.024231 35.933117)
202883,CHPD,B&E    LARCENY F/VEHICLE,209 BUTLER CT,CHAPEL HILL,NC,27514,1660813680000,1660813680000,1660813680000,THEFT/LARCENY,HIGHWAY/ROAD/ALLEY/STREET/SIDEWALK,<Null>,<Null>,23,W,F,35.941078,-79.023872,93592,POINT (-79.023872 35.941078)
204534,CHPD,LARCENY OF BANKING CARDS,500 WEAVER DAIRY RD,CHAPEL HILL,NC,27514,1664907900000,1664907900000,1664907900000,FRAUD OR DECEPT,SCHOOL-ELEMENTARY/SECONDARY,<Null>,<Null>,30,W,F,35.960632,-79.02858,93595,POINT (-79.02858 35.960632)
205321,CHPD,SUSPICIOUS VEHICLE,115 PEARL LN,CHAPEL HILL,NC,27517,1667114640000,1667114400000,1667114640000,<Null>,HIGHWAY/ROAD/ALLEY/STREET/SIDEWALK,N,NONE,<Null>,<Null>,<Null>,35.900593,-79.005304,93632,POINT (-79.005304 35.900593)
205019,CHPD,SUSPICIOUS VEHICLE,1800 E FRANKLIN ST,CHAPEL HILL,NC,27514,1666248180000,1666238400000,1666248180000,SUSPICIOUS/WANT,GROCERY/SUPERMARKET,<Null>,<Null>,<Null>,<Null>,<Null>,35.935158,-79.024284,93672,POINT (-79.024284 35.935158)
205646,CHPD,B&E    LARCENY F/VEHICLE,123 IVY BROOK LN,CHAPEL HILL,NC,27516,1667832900000,1667584800000,1667736000000,MISC OFFICER IN,RESIDENCE/HOME,N,NONE,36,W,F,35.890993,-79.072339,93692,POINT (-79.072339 35.890993)
203396,CHPD,B&E    LARCENY F/VEHICLE,400 FORMOSA LN,CHAPEL HILL,NC,27517,1662043260000,1661983200000,1662018300000,THEFT/LARCENY,HIGHWAY/ROAD/ALLEY/STREET/SIDEWALK,N,NONE,38,B,F,35.941578,-79.01622,93700,POINT (-79.01622 35.941578)
203187,CHPD,TOWED VEHICLE,6850 MILLHOUSE RD,CHAPEL HILL,NC,27516,1661535060000,1661535060000,1661535060000,MISC OFFICER IN,PARKING/DROP LOT/GARAGE,<Null>,NONE,<Null>,<Null>,<Null>,35.977798,-79.073364,93706,POINT (-79.073364 35.977798)
203382,CHPD,B&E    LARCENY F/VEHICLE,107 TIMBER HOLLOW CT,CHAPEL HILL,NC,27514,1662031140000,1661968800000,1662030300000,MISC OFFICER IN,PARKING/DROP LOT/GARAGE,Y,NONE,27,W,M,35.940314,-79.054674,93713,POINT (-79.054674 35.940314)
203728,CHPD,B&E    LARCENY F/VEHICLE,1220 MARTIN LUTHER KING JR BLVD,CHAPEL HILL,NC,27514,1662917940000,1662914400000,1662917400000,THEFT/LARCENY,CHURCH/SYNAGOGUE/TEMPLE/MOSQUE,Y,UNKNOWN,81,A,M,35.948845,-79.057823,93716,POINT (-79.057823 35.948845)
204049,CHPD,ABANDONED VEHICLE,2321 HOMESTEAD RD,CHAPEL HILL,NC,27516,1663712760000,1663712400000,1663712760000,TRAFFIC VIOLATI,HIGHWAY/ROAD/ALLEY/STREET/SIDEWALK,<Null>,<Null>,<Null>,<Null>,<Null>,35.951702,-79.067261,93727,POINT (-79.067261 35.951702)
203133,CHPD,FICT/ALT TITLE/REG CARD/TAG,1201 MLK JR BLVD,CHAPEL HILL,NC,27514,1661424420000,1661424420000,1661424420000,TRAFFIC STOP,HIGHWAY/ROAD/ALLEY/STREET/SIDEWALK,N,<Null>,<Null>,<Null>,<Null>,35.945544,-79.058678,93754,POINT (-79.058678 35.945544)
205245,CHPD,SUSPICIOUS VEHICLE,750 WEAVER DAIRY RD,CHAPEL HILL,NC,27514,1666857840000,1666831380000,1666857840000,SUSPICIOUS/WANT,PARKING/DROP LOT/GARAGE,<Null>,<Null>,<Null>,<Null>,<Null>,35.965458,-79.040459,93789,POINT (-79.040459 35.965458)
204491,CHPD,B&E    LARCENY F/VEHICLE,100 AQUATIC DR,CHAPEL HILL,NC,27516,1664807820000,1664805300000,1664807820000,THEFT/LARCENY,PARKING/DROP LOT/GARAGE,Y,<Null>,35,W,F,35.955921,-79.064903,93800,POINT (-79.064903 35.955921)
205898,CHPD,B&E    LARCENY F/VEHICLE,1000 NOVUS LN,CHAPEL HILL,NC,27517,1668414780000,1668362400000,1668414780000,THEFT/LARCENY,GROCERY/SUPERMARKET,N,<Null>,<Null>,U,M,35.938869,-79.021095,93801,POINT (-79.021095 35.938869)
204619,CHPD,LARCENY FROM MOTOR VEHICLE,750 MARTIN LUTHER KING JR BLVD,CHAPEL HILL,NC,27514,1665129540000,1665095400000,1665127800000,MISC OFFICER IN,PARKING/DROP LOT/GARAGE,Y,<Null>,33,W,M,35.92696,-79.05294,93805,POINT (-79.05294 35.92696)
204809,CHPD,B&E    LARCENY F/VEHICLE,307 CHURCH ST,CHAPEL HILL,NC,27516,1665655680000,1665592800000,1665597600000,MISC OFFICER IN,PARKING/DROP LOT/GARAGE,N,NONE,53,W,M,35.914355,-79.059585,93822,POINT (-79.059585 35.914355)
203405,CHPD,B&E    LARCENY F/VEHICLE,1000 NOVUS LN,CHAPEL HILL,NC,27517,1662055920000,1661979600000,1662055920000,THEFT/LARCENY,PARKING/DROP LOT/GARAGE,N,NONE,24,W,M,35.939323,-79.021362,93827,POINT (-79.021362 35.939323)
204754,CHPD,LARCENY FROM MOTOR VEHICLE,325 SUMMERWALK CIR,CHAPEL HILL,NC,27517,1665479400000,1663891200000,1665403200000,MISC OFFICER IN,RESIDENCE/HOME,<Null>,NONE,20,W,F,35.895746,-79.010246,93828,POINT (-79.010246 35.895746)
203137,CHPD,B&E    LARCENY F/VEHICLE,500 WEAVER DAIRY RD,CHAPEL HILL,NC,27514,1661429820000,1661414400000,1661429160000,THEFT/LARCENY,PARKING/DROP LOT/GARAGE,Y,NONE,<Null>,W,F,35.960632,-79.02858,93840,POINT (-79.02858 35.960632)
204622,CHPD,B&E    LARCENY F/VEHICLE,1716 LEGION RD,CHAPEL HILL,NC,27517,1665133680000,1665082800000,1665132300000,THEFT/LARCENY,PARKING/DROP LOT/GARAGE,<Null>,NONE,53,B,F,35.939358,-79.016075,93850,POINT (-79.016075 35.939358)
203878,CHPD,B&E    LARCENY F/VEHICLE,101 PINEGATE CIR,CHAPEL HILL,NC,27514,1663321500000,1663273800000,1663321500000,THEFT/LARCENY,RESIDENCE/HOME,Y,UNKNOWN,37,W,F,35.948063,-79.008308,93861,POINT (-79.008308 35.948063)
204845,CHPD,LARCENY FROM MOTOR VEHICLE,350 CALDWELL ST,CHAPEL HILL,NC,27516,1665760140000,1665748800000,1665759600000,MISC OFFICER IN,PARKING/DROP LOT/GARAGE,<Null>,NONE,42,W,F,35.917429,-79.06329,93873,POINT (-79.06329 35.917429)
203651,CHPD,IMPROPERLY PARKED VEHICLE,100 SUMMERFIELD XING,CHAPEL HILL,NC,27514,1662732540000,1662732540000,1662732540000,MISC OFFICER IN,<Null>,<Null>,<Null>,<Null>,<Null>,<Null>,35.941456,-79.02095,93892,POINT (-79.02095 35.941456)
204556,CHPD,B&E    LARCENY F/VEHICLE,425 HILLSBOROUGH ST,CHAPEL HILL,NC,27514,1664972640000,1664906400000,1664968500000,MISC OFFICER IN,PARKING/DROP LOT/GARAGE,N,NONE,45,W,F,35.920337,-79.052282,93899,POINT (-79.052282 35.920337)
203313,CHPD,ABANDONED VEHICLE,300 AQUATIC DR,CHAPEL HILL,NC,27516,1661857020000,1661846400000,1661853600000,MISC OFFICER IN,HIGHWAY/ROAD/ALLEY/STREET/SIDEWALK,N,NONE,<Null>,<Null>,<Null>,35.955963,-79.063896,93917,POINT (-79.063896 35.955963)
205738,CHPD,LARCENY FROM MOTOR VEHICLE,1408 OAK TREE DR,CHAPEL HILL,NC,27517,1668010080000,1667944800000,1668009600000,MISC OFFICER IN,RESIDENCE/HOME,<Null>,NONE,63,I,M,35.908027,-79.01946,93966,POINT (-79.01946 35.908027)
203109,CHPD,LARCENY FROM MOTOR VEHICLE,700 BOLINWOOD DR,CHAPEL HILL,NC,27514,1661358060000,1660989600000,1661086800000,MISC OFFICER IN,PARKING/DROP LOT/GARAGE,<Null>,NONE,57,W,F,35.924565,-79.049406,94020,POINT (-79.049406 35.924565)
203101,CHPD,B&E    LARCENY F/VEHICLE,602 MARTIN LUTHER KING JR BLVD,CHAPEL HILL,NC,27514,1661347320000,1661200200000,1661256000000,MISC OFFICER IN,PARKING/DROP LOT/GARAGE,N,NONE,20,W,M,35.919055,-79.053875,94028,POINT (-79.053875 35.919055)
203712,CHPD,BREAKING AND ENTERING TO VEHICLE,600 CARRAWAY CROSSING,CHAPEL HILL,NC,27516,1662865260000,1662865080000,1662865260000,SUSPICIOUS/WANT,PARKING/DROP LOT/GARAGE,N,<Null>,<Null>,W,M,35.970675,-79.068275,94036,POINT (-79.068275 35.970675)
206639,CHPD,TOWED VEHICLE,304 E FRANKLIN ST,CHAPEL HILL,NC,27514,1670172720000,1670172660000,1670172660000,TRAFFIC VIOLATI,HIGHWAY/ROAD/ALLEY/STREET/SIDEWALK,,NONE,,,,35.91433716,-79.05287933,94052,POINT (-79.05287933 35.91433716)
207307,CHPD,VEHICLE LOCKOUT,501 W FRANKLIN ST,CHAPEL HILL,NC,27516,1671890100000,1671825600000,1671889500000,PUBLIC SERVICE,PARKING/DROP LOT/GARAGE,,NONE,46,W,M,35.90983963,-79.06261444,94061,POINT (-79.06261444 35.90983963)
206125,CHPD,VEHICLE FIRE,131 PUREFOY RD,CHAPEL HILL,NC,27514,1668891240000,1668891240000,1668891240000,VEHICLE FIRE,RESIDENCE/HOME,,NONE,27,W,M,35.89662933,-79.05298614,94134,POINT (-79.05298614 35.89662933)
207304,CHPD,B&E    LARCENY F/VEHICLE,1212 HILLVIEW RD,CHAPEL HILL,NC,27514,1671874920000,1671854400000,1671870600000,PUBLIC SERVICE,RESIDENCE/HOME,N,NONE,,W,M,35.92526627,-79.03151702,94153,POINT (-79.03151702 35.92526627)
207277,CHPD,LARCENY FROM MOTOR VEHICLE,300 AQUATIC DR,CHAPEL HILL,NC,27514,1671811560000,1671811200000,1671811560000,THEFT/LARCENY,COMMUNITY CENTER,,UNKNOWN,64,W,F,35.95596313,-79.06389617,94155,POINT (-79.06389617 35.95596313)
206067,CHPD,ABANDONED VEHICLE,RALEIGH RD@ E BARBEE CHAPEL RD,CHAPEL HILL,NC,27517,1668779820000,1668779760000,1668779760000,TRAFFIC VIOLATI,HIGHWAY/ROAD/ALLEY/STREET/SIDEWALK,<Null>,NONE,<Null>,<Null>,<Null>,-79.00729,35.90183,94186,POINT (35.90183 -79.00729)
206455,CHPD,LARCENY FROM MOTOR VEHICLE,891 MARTIN LUTHER KING JR BLVD,CHAPEL HILL,NC,27516,1669715400000,1669204800000,1669636800000,MISC OFFICER IN,PARKING/DROP LOT/GARAGE,<Null>,NONE,<Null>,<Null>,<Null>,-79.055455,35.930098,94222,POINT (35.930098 -79.055455)
203503,CHPD,ABANDONED VEHICLE,US 15 501 S @ DOGWOOD ACRES,CHAPEL HILL,NC,27517,1662344520000,1662344400000,1662344520000,SUSPICIOUS/WANT,HIGHWAY/ROAD/ALLEY/STREET/SIDEWALK,<Null>,<Null>,<Null>,<Null>,<Null>,35.87306,-79.06656,94231,POINT (-79.06656 35.87306)
205799,CHPD,B&E    LARCENY F/VEHICLE,605 MARTIN LUTHER KING JR BLVD,CHAPEL HILL,NC,27516,1668159420000,1668099600000,1668148200000,MISC OFFICER IN,PARKING/DROP LOT/GARAGE,N,NONE,20,W,M,35.918675,-79.056749,94246,POINT (-79.056749 35.918675)
207353,CHPD,ATTEMPTED CREDIT CARD FRAUD,306 W FRANKLIN ST,CHAPEL HILL,NC,27516,1672070040000,1672070040000,1672070040000,SUSPICIOUS/WANT,OTHER/UNKNOWN,<Null>,NONE,<Null>,<Null>,<Null>,-79.059963,35.911968,94266,POINT (35.911968 -79.059963)
207110,CHPD,B&E    LARCENY F/VEHICLE,100 SUMAC RD,CHAPEL HILL,NC,27517,1671373740000,1671364800000,1671372900000,THEFT/LARCENY,PARK/PLAYGROUND,,,,W,F,35.87702179,-79.06712341,94277,POINT (-79.06712341 35.87702179)
206175,CHPD,LARCENY FROM MOTOR VEHICLE,620 TINKERBELL RD,CHAPEL HILL,NC,27517,1669041180000,1669024800000,1669041180000,THEFT/LARCENY,HIGHWAY/ROAD/ALLEY/STREET/SIDEWALK,N,UNKNOWN,,,,35.93110657,-79.01162719,94303,POINT (-79.01162719 35.93110657)
206526,CHPD,B&E    LARCENY F/VEHICLE,714 N COLUMBIA ST,CHAPEL HILL,NC,27516,1669844880000,1669748400000,1669844880000,THEFT/LARCENY,RESIDENCE/HOME,N,,23,W,M,35.92039108,-79.05922698,94310,POINT (-79.05922698 35.92039108)
206435,CHPD,ABANDONED VEHICLE,US 15 501 HWY N@CLELAND DR,CHAPEL HILL,NC,27514,1669690980000,1669690980000,1669690980000,ADMINISTRATIVE,HIGHWAY/ROAD/ALLEY/STREET/SIDEWALK,<Null>,<Null>,<Null>,<Null>,<Null>,-79.02567,35.9207,94312,POINT (35.9207 -79.02567)
207153,CHPD,VEHICLE LOCKOUT,1001 S COLUMBIA ST,CHAPEL HILL,NC,27516,1671522300000,1671521400000,1671521700000,PUBLIC SERVICE,PARKING/DROP LOT/GARAGE,,NONE,,W,F,35.8971405,-79.05764007,94339,POINT (-79.05764007 35.8971405)
206425,CHPD,B&E    LARCENY F/VEHICLE,1415 VILLAGE CROSSING DR,CHAPEL HILL,NC,27517,1669651740000,1669633260000,1669651200000,THEFT/LARCENY,PARKING/DROP LOT/GARAGE,,NONE,22,A,M,35.90406799,-79.00873565,94349,POINT (-79.00873565 35.90406799)
206359,CHPD,CREDIT CARD FRAUD,143 W FRANKLIN ST,CHAPEL HILL,NC,27516,1669479960000,1669442940000,1669479960000,THEFT/LARCENY,DEPARTMENT DISCOUNT STORE,,,,B,M,35.92695999,-79.05294036,94364,POINT (-79.05294036 35.92695999)
206965,CHPD,LARCENY FROM MOTOR VEHICLE,460 W FRANKLIN ST,CHAPEL HILL,NC,27516,1671040980000,1671034560000,1671037200000,THEFT/LARCENY,PARKING/DROP LOT/GARAGE,N,,45,W,M,35.91073227,-79.06278228,94367,POINT (-79.06278228 35.91073227)
206980,CHPD,B&E    LARCENY F/VEHICLE,205 GLENVIEW PL,CHAPEL HILL,NC,27514,1671094860000,1670932800000,1671005700000,MISC OFFICER IN,RESIDENCE/HOME,N,NONE,59,W,M,-79.043856,35.950323,94374,POINT (35.950323 -79.043856)
207377,CHPD,B&E    LARCENY F/VEHICLE,107 EASTWOOD LAKE RD,CHAPEL HILL,NC,27514,1672140780000,1672095600000,1672140600000,THEFT/LARCENY,RESIDENCE/HOME,N,NONE,21,W,M,35.93806076,-79.03191375,94405,POINT (-79.03191375 35.93806076)
206228,CHPD,ASSIST DISABLED VEHICLE,RALEIGH ST NEAR COUNTRY CLUB RD,CHAPEL HILL,NC,27514,1669142700000,1669142400000,1669142700000,TRAFFIC VIOLATI,HIGHWAY/ROAD/ALLEY/STREET/SIDEWALK,<Null>,<Null>,21,W,M,-79.044029,35.912685,94419,POINT (35.912685 -79.044029)
206203,CHPD,SUSPICIOUS VEHICLE,750 WEAVER DAIRY RD,CHAPEL HILL,NC,27514,1669110060000,1669032000000,1669032000000,MISC OFFICER IN,HIGHWAY/ROAD/ALLEY/STREET/SIDEWALK,<Null>,NONE,<Null>,W,F,-79.040453,35.965401,94464,POINT (35.965401 -79.040453)
206148,CHPD,GIFT CARD FRAUD/SCAM,1718 FORDHAM BLVD,CHAPEL HILL,NC,27517,1668957480000,1668956580000,1668957000000,FRAUD OR DECEPT,DRUG STORE/DOCTORS OFFICE/HOSPITAL,<Null>,NONE,<Null>,<Null>,<Null>,-79.022597,35.936448,94544,POINT (35.936448 -79.022597)
203643,CHPD,LARCENY FROM MOTOR VEHICLE,800 PRITCHARD AVE EXT,CHAPEL HILL,NC,27516,1662718200000,1659355200000,1662718200000,THEFT/LARCENY,PARKING/DROP LOT/GARAGE,<Null>,NONE,63,W,M,35.92063,-79.060446,94565,POINT (-79.060446 35.92063)
207380,CHPD,LARCENY FROM MOTOR VEHICLE,904 ROOSEVELT DR,CHAPEL HILL,NC,27514,1672150980000,1672075380000,1672150980000,MISC OFFICER IN,HIGHWAY/ROAD/ALLEY/STREET/SIDEWALK,,,38,W,F,35.92695999,-79.05294036,94584,POINT (-79.05294036 35.92695999)
206941,CHPD,TOWED VEHICLE,800 PRITCHARD AVE EXT,CHAPEL HILL,NC,27516,1671000600000,1670949000000,1670999400000,THEFT/LARCENY,PARKING/DROP LOT/GARAGE,<Null>,NONE,<Null>,<Null>,<Null>,-79.060446,35.92063,94613,POINT (35.92063 -79.060446)
206887,CHPD,LARCENY FROM MOTOR VEHICLE,1132 N HERITAGE CIR,CHAPEL HILL,NC,27516,1670860920000,1670547600000,1670583600000,MISC OFFICER IN,PARKING/DROP LOT/GARAGE,,NONE,,W,M,35.92695999,-79.05294036,94632,POINT (-79.05294036 35.92695999)
206378,CHPD,TOWED VEHICLE,520 UMSTEAD DR@ESTES DR,CHAPEL HILL,NC,27516,1669571580000,1669561200000,1669571580000,TRAFFIC VIOLATI,HIGHWAY/ROAD/ALLEY/STREET/SIDEWALK,,,,,,35.92510986,-79.0686798,94667,POINT (-79.0686798 35.92510986)
206558,CHPD,ABANDONED VEHICLE,99 SAGE RD,CHAPEL HILL,NC,27514,1669923180000,1669923000000,1669923180000,TRAFFIC VIOLATI,HIGHWAY/ROAD/ALLEY/STREET/SIDEWALK,<Null>,<Null>,<Null>,<Null>,<Null>,-79.012853,35.945345,94699,POINT (35.945345 -79.012853)
206726,CHPD,LARCENY FROM MOTOR VEHICLE,1801 FORDHAM BLVD,CHAPEL HILL,NC,27514,1670421180000,1670420400000,1670421180000,THEFT/LARCENY,PARKING/DROP LOT/GARAGE,,,,,,35.94783401,-79.01280975,94716,POINT (-79.01280975 35.94783401)
206791,CHPD,SUSPICIOUS VEHICLES,FORDHAM BLVD@EASTOWNE DR,CHAPEL HILL,NC,27514,1670589120000,1670589120000,1670589120000,SUSPICIOUS/WANT,HIGHWAY/ROAD/ALLEY/STREET/SIDEWALK,N,NONE,<Null>,<Null>,<Null>,-79.00726,35.94723,94729,POINT (35.94723 -79.00726)
206792,CHPD,LARCENY FROM MOTOR VEHICLE,1801 FORDHAM BLVD,CHAPEL HILL,NC,27514,1670590140000,1670580000000,1670583600000,MISC OFFICER IN,PARKING/DROP LOT/GARAGE,<Null>,NONE,25,W,M,-79.012795,35.947773,94730,POINT (35.947773 -79.012795)
206793,CHPD,VEHICLE UNLOCK,815 MARTIN LUTHER KING JR BLVD,CHAPEL HILL,NC,27516,1670592000000,1670591700000,1670591700000,PUBLIC SERVICE,PARKING/DROP LOT/GARAGE,,,,B,F,35.92769623,-79.05436706,94732,POINT (-79.05436706 35.92769623)
206698,CHPD,SUSPICIOUS VEHICLE,875 CEDAR FORK TRL,CHAPEL HILL,NC,27514,1670342400000,1667343600000,1670281200000,MISC OFFICER IN,HIGHWAY/ROAD/ALLEY/STREET/SIDEWALK,<Null>,NONE,<Null>,O,F,-79.035308,35.957064,94743,POINT (35.957064 -79.035308)
207108,CHPD,B&E    LARCENY F/VEHICLE,211 MELVILLE LOOP,CHAPEL HILL,NC,27514,1671363540000,1671363000000,1671363540000,THEFT/LARCENY,PARKING/DROP LOT/GARAGE,N,NONE,28,W,M,35.94703293,-79.01704406,94755,POINT (-79.01704406 35.94703293)
206811,CHPD,ASSIST CARRBORO PD,501 WEAVER DAIRY RD,CHAPEL HILL,NC,27514,1670622960000,1670608800000,1670608860000,PUBLIC SERVICE,PARK/PLAYGROUND,,NONE,,,,35.96002579,-79.03352355,94758,POINT (-79.03352355 35.96002579)
206695,CHPD,SUSPICIOUS VEHICLE,1105 NC 54,CHAPEL HILL,NC,27514,1670338140000,1670338080000,1670338140000,THEFT/LARCENY,RESIDENCE/HOME,N,,,,,35.89803696,-79.06774902,94759,POINT (-79.06774902 35.89803696)
206044,CHPD,B&E    LARCENY F/VEHICLE,1810 FORDHAM BLVD,CHAPEL HILL,NC,27517,1668760920000,1668709200000,1668760920000,MISC OFFICER IN,PARKING/DROP LOT/GARAGE,N,NONE,58,W,M,35.92695999,-79.05294036,94761,POINT (-79.05294036 35.92695999)
205854,CHPD,CARELESS AND RECKLESS DRIVING,MARTIN LUTHER KING JR BLVD @ HOMESTEAD RD,CHAPEL HILL,NC,27514,1668270720000,1668270720000,1668270720000,TRAFFIC STOP,HIGHWAY/ROAD/ALLEY/STREET/SIDEWALK,<Null>,<Null>,<Null>,<Null>,<Null>,35.94952,-79.05837,94805,POINT (-79.05837 35.94952)
206109,CHPD,EMERGENCY VEHICLE UNLOCK,200 HELMSDALE DR,CHAPEL HILL,NC,27517,1668868920000,1668868860000,1668868860000,PUBLIC SERVICE,HIGHWAY/ROAD/ALLEY/STREET/SIDEWALK,,NONE,54,B,F,35.91763306,-79.00068664,94808,POINT (-79.00068664 35.91763306)
206163,CHPD,B&E    LARCENY F/VEHICLE,101 PINEGATE CIR,CHAPEL HILL,NC,27514,1669026480000,1668884400000,1669026480000,THEFT/LARCENY,PARKING/DROP LOT/GARAGE,N,UNKNOWN,31,W,M,35.9480629,-79.00830841,94811,POINT (-79.00830841 35.9480629)
206849,CHPD,TOWED VEHICLE,500 LANDERWOOD LN,CHAPEL HILL,NC,27517,1670772180000,1670752800000,1670772180000,SUSPICIOUS/WANT,HIGHWAY/ROAD/ALLEY/STREET/SIDEWALK,,,,,,35.93411255,-79.00863647,94820,POINT (-79.00863647 35.93411255)
206900,CHPD,SUSPICIOUS VEHICLE,875 CEDAR FORK TRL,CHAPEL HILL,NC,27514,1670878140000,1670878140000,1670878140000,SUSPICIOUS/WANT,HIGHWAY/ROAD/ALLEY/STREET/SIDEWALK,,NONE,,,,35.9571228,-79.03532409,94847,POINT (-79.03532409 35.9571228)
207057,CHPD,B&E    LARCENY F/VEHICLE,400 S ELLIOTT RD,CHAPEL HILL,NC,27514,1671275520000,1671193800000,1671271200000,PUBLIC SERVICE,PARKING/DROP LOT/GARAGE,,NONE,75,W,F,35.91086578,-79.06116485,94869,POINT (-79.06116485 35.91086578)
207373,CHPD,B&E    LARCENY F/VEHICLE,1105 NC 54,CHAPEL HILL,NC,27514,1672132020000,1672078800000,1672132020000,THEFT/LARCENY,RESIDENCE/HOME,,,,W,M,35.8993721,-79.06921386,94890,POINT (-79.06921386 35.8993721)
207252,CHPD,CARJACKING W/FORCE,171 STANCELL DR@LITTLE JOHN RD,CHAPEL HILL,NC,27517,1671721680000,1671721680000,1671721680000,ROBBERY/CARJACK,SERVICE/GAS STATION,,PERSONAL WEAPONS,,W,M,35.90263367,-79.00178527,94944,POINT (-79.00178527 35.90263367)
206991,CHPD,CREDIT CARD FRAUD,715 WILLIAMS CIR,CHAPEL HILL,NC,27516,1671111120000,1668168000000,1670673600000,PUBLIC SERVICE,OTHER/UNKNOWN,,NONE,,W,F,35.92695999,-79.05294036,94948,POINT (-79.05294036 35.92695999)
203037,CHPD,B&E    LARCENY F/VEHICLE,504 PITTSBORO ST,CHAPEL HILL,NC,27516,1661246940000,1661065200000,1661090400000,MISC OFFICER IN,RESIDENCE/HOME,N,NONE,56,W,M,35.90462,-79.055337,94971,POINT (-79.055337 35.90462)
202899,CHPD,B&E    LARCENY F/VEHICLE,529 ASHLEY CT,CHAPEL HILL,NC,27514,1660840500000,1660752000000,1660831200000,MISC OFFICER IN,PARKING/DROP LOT/GARAGE,N,NONE,51,W,M,35.942827,-79.023309,94979,POINT (-79.023309 35.942827)
207245,CHPD,B&E    LARCENY F/VEHICLE,300 FORMOSA LN,CHAPEL HILL,NC,27517,1671719820000,1671714000000,1671719400000,THEFT/LARCENY,HIGHWAY/ROAD/ALLEY/STREET/SIDEWALK,N,NONE,28,B,F,35.94211197,-79.01527404,94989,POINT (-79.01527404 35.94211197)
206553,CHPD,B&E    LARCENY F/VEHICLE,1000 DOGWOOD ACRES DR,CHAPEL HILL,NC,27516,1669911300000,1669906800000,1669911000000,THEFT/LARCENY,PARKING/DROP LOT/GARAGE,,NONE,64,W,F,35.87360001,-79.06924438,94995,POINT (-79.06924438 35.87360001)
206422,CHPD,USING FRAUDULENT ID CARD,1810 FORDHAM BLVD,CHAPEL HILL,NC,27517,1669657020000,1668717600000,1668717600000,FRAUD OR DECEPT,GROCERY/SUPERMARKET,,,,,,35.94489288,-79.00939178,94997,POINT (-79.00939178 35.94489288)
207420,CHPD,CREDIT CARD FRAUD,6 HOLLAND DR,CHAPEL HILL,NC,27514,1672232340000,1655294400000,1655294400000,MISC OFFICER IN,CYBERSPACE,<Null>,NONE,<Null>,W,F,-79.055818,35.897306,95132,POINT (35.897306 -79.055818)
207412,CHPD,SUSPICIOUS VEHICLE,111 ROUNDTREE RD,CHAPEL HILL,NC,27514,1672224660000,1672217700000,1672217700000,MISC OFFICER IN,HIGHWAY/ROAD/ALLEY/STREET/SIDEWALK,<Null>,NONE,<Null>,<Null>,<Null>,-79.034814,35.96085,95201,POINT (35.96085 -79.034814)
207415,CHPD,VEHICLE LOCKOUT,300 MEADOWMONT VILLAGE CIR,CHAPEL HILL,NC,27517,1672225800000,1672224300000,1672224840000,PUBLIC SERVICE,PARKING/DROP LOT/GARAGE,,NONE,,B,M,35.90439987,-79.0118637,95215,POINT (-79.0118637 35.90439987)
207425,CHPD,CREDIT CARD FRAUD,851 WILLOW DR,CHAPEL HILL,NC,27514,1672305600000,1672142400000,1672142400000,MISC OFFICER IN,BANK/SAVINGS AND LOAN,<Null>,NONE,<Null>,W,M,-79.030089,35.928713,95459,POINT (35.928713 -79.030089)
207435,CHPD,B&E    LARCENY F/VEHICLE,1722 FORDHAM BLVD,CHAPEL HILL,NC,27517,1672260960000,1672257000000,1672260960000,THEFT/LARCENY,PARKING/DROP LOT/GARAGE,,NONE,20,W,M,35.93694305,-79.02210235,95467,POINT (-79.02210235 35.93694305)
207470,CHPD,B&E    LARCENY F/VEHICLE,5639 OLD CHAPEL HILL RD,DURHAM,NC,27707,1672383660000,1672331400000,1672383660000,THEFT/LARCENY,RESIDENCE/HOME,,,37,W,M,35.94412613,-79.00177764,95598,POINT (-79.00177764 35.94412613)
207400,CHPD,CARJACKING ATTEMPT,FORDHAM BLVD @SAGE RD,CHAPEL HILL,NC,27517,1672187700000,1672187400000,1672187400000,WEAPON/FIREARMS,HIGHWAY/ROAD/ALLEY/STREET/SIDEWALK,N,NONE,46,W,F,-79.01264,35.94481,95634,POINT (35.94481 -79.01264)
207590,CHPD,LARCENY FROM MOTOR VEHICLE,505 COOLIDGE ST,CHAPEL HILL,NC,27516,1672748160000,1672401600000,1672488000000,MISC OFFICER IN,RESIDENCE/HOME,<Null>,NONE,44,W,M,-79.061281,35.897478,95729,POINT (35.897478 -79.061281)
207567,CHPD,B&E    LARCENY F/VEHICLE,710 N COLUMBIA ST,CHAPEL HILL,NC,27516,1672678200000,1672506000000,1672513200000,THEFT/LARCENY,RESIDENCE/HOME,N,<Null>,18,B,M,-79.059328,35.920353,95957,POINT (35.920353 -79.059328)
209374,CHPD,ABANDONED VEHICLE,208 CREST DR,CHAPEL HILL,NC,27516,1677177900000,1646160300000,1677177900000,MISC OFFICER IN,RESIDENCE/HOME,,,,,,35.90647888,-79.06604766,96013,POINT (-79.06604766 35.90647888)
208098,CHPD,CARDIAC ARREST,100 AQUATIC DR,CHAPEL HILL,NC,27516,1673994180000,1673993700000,1673993700000,CARDIAC RESP AR,PARK/PLAYGROUND,,,,W,M,35.95592117,-79.06490325,95058,POINT (-79.06490325 35.95592117)
207994,CHPD,ABANDONED VEHICLE,1 FORDHAM BLVD@WINTER DR,CHAPEL HILL,NC,27517,1673714280000,1673714280000,1673714280000,MISC OFFICER IN,HIGHWAY/ROAD/ALLEY/STREET/SIDEWALK,,,,,,35.89452362,-79.05236816,95085,POINT (-79.05236816 35.89452362)
208515,CHPD,B&E    LARCENY F/VEHICLE,1716 LEGION RD,CHAPEL HILL,NC,27517,1675044600000,1675041000000,1675044600000,THEFT/LARCENY,PARKING/DROP LOT/GARAGE,Y,UNKNOWN,,W,F,35.93935776,-79.01607513,95086,POINT (-79.01607513 35.93935776)
208381,CHPD,DEBIT CARD FRAUD,101 OLD OXFORD RD,CHAPEL HILL,NC,27514,1674744840000,1674684000000,1674734400000,MISC OFFICER IN,CYBERSPACE,<Null>,NONE,40,W,M,-79.028697,35.941338,95144,POINT (35.941338 -79.028697)
208263,CHPD,B&E    LARCENY F/VEHICLE,323 EDISTO CT,CHAPEL HILL,NC,27514,1674473880000,1674118320000,1674473880000,THEFT/LARCENY,RESIDENCE/HOME,,NONE,29,B,M,35.96136856,-79.05142974,95167,POINT (-79.05142974 35.96136856)
208266,CHPD,DEBIT CARD FRAUD,68 OAKWOOD DR,CHAPEL HILL,NC,27517,1674479820000,1673818200000,1674468000000,FRAUD OR DECEPT,CYBERSPACE,,NONE,58,W,M,35.91947937,-79.02098846,95173,POINT (-79.02098846 35.91947937)
207544,CHPD,VEHICLE LOCKOUT,100 AQUATIC DR,CHAPEL HILL,NC,27516,1672609800000,1672609800000,1672609800000,PUBLIC SERVICE,HIGHWAY/ROAD/ALLEY/STREET/SIDEWALK,,NONE,,,,35.95592117,-79.06490325,95178,POINT (-79.06490325 35.95592117)
207715,CHPD,B&E    LARCENY F/VEHICLE,103 BIG MEADOWS PL,CHAPEL HILL,<Null>,27514,1673006040000,1672932600000,1673004600000,MISC OFFICER IN,RESIDENCE/HOME,N,NONE,64,A,M,-79.017438,35.95552,95189,POINT (35.95552 -79.017438)
207720,CHPD,KEYS LOCKED IN VEHICLE,501 KILDAIRE RD,CHAPEL HILL,NC,27516,1673014500000,1673013600000,1673013900000,MISC OFFICER IN,SCHOOL/COLLEGE (USE 52 OR 53),,NONE,46,W,F,35.87887955,-79.06843566,95210,POINT (-79.06843566 35.87887955)
207573,CHPD,ASSIST CARRBORO PD,100 N GREENSBORO ST,CARRBORO,NC,27514,1672693080000,1672693080000,1672693080000,MISC OFFICER IN,GOVERNMENT/PUBLIC BUILDING,,NONE,,,,35.9106102,-79.07209014,95217,POINT (-79.07209014 35.9106102)
207746,CHPD,B&E    LARCENY F/VEHICLE,5639 OLD CHAPEL HILL RD,DURHAM,NC,27707,1673106600000,1673028060000,1673106540000,THEFT/LARCENY,PARKING/DROP LOT/GARAGE,,UNKNOWN,24,W,M,35.94277954,-79.00170135,95235,POINT (-79.00170135 35.94277954)
208085,CHPD,B&E    LARCENY F/VEHICLE,803 N COLUMBIA ST,CHAPEL HILL,NC,27516,1673969340000,1673963100000,1673967600000,MISC OFFICER IN,RESIDENCE/HOME,N,NONE,59,W,M,-79.058463,35.921375,95273,POINT (35.921375 -79.058463)
208739,CHPD,UNLOCK VEHICLE,103 MALLARD CT,CHAPEL HILL,NC,27517,1675540080000,1675539600000,1675540080000,PUBLIC SERVICE,HIGHWAY/ROAD/ALLEY/STREET/SIDEWALK,,NONE,37,W,M,35.88844299,-79.056221,95296,POINT (-79.056221 35.88844299)
207535,CHPD,VEHICLE UNLOCK,1207 MARTIN LUTHER KING JR BLVD,CHAPEL HILL,NC,27516,1672581720000,1672581600000,1672581720000,PUBLIC SERVICE,PARKING/DROP LOT/GARAGE,N,NONE,35,W,M,35.94707108,-79.05906677,95303,POINT (-79.05906677 35.94707108)
208321,CHPD,ABANDONED VEHICLE,275 WEAVER DAIRY RD@SAN SOPHIA DR,CHAPEL HILL,NC,27514,1674594060000,1674594060000,1674594060000,MISC OFFICER IN,HIGHWAY/ROAD/ALLEY/STREET/SIDEWALK,,NONE,,,,35.95779419,-79.02481842,95315,POINT (-79.02481842 35.95779419)
207802,CHPD,CREDIT CARD THEFT,201 S ESTES DR,CHAPEL HILL,NC,27514,1673262900000,1673086500000,1673086500000,MISC OFFICER IN,SERVICE/GAS STATION,<Null>,NONE,66,W,F,-79.027033,35.927763,95321,POINT (35.927763 -79.027033)
208329,CHPD,B&E    LARCENY F/VEHICLE,1330 EPHESUS CHURCH RD,CHAPEL HILL,NC,27517,1674635400000,1674608400000,1674630000000,THEFT/LARCENY,PARKING/DROP LOT/GARAGE,Y,NONE,23,W,M,35.93328476,-79.01891326,95337,POINT (-79.01891326 35.93328476)
208340,CHPD,CREDIT CARD FRAUD,207 KOUSA TRL,CHAPEL HILL,NC,27516,1674649560000,1674388800000,1674475200000,MISC OFFICER IN,CYBERSPACE,<Null>,NONE,57,W,F,-79.071748,35.968516,95367,POINT (35.968516 -79.071748)
208809,CHPD,SUSPICIOUS VEHICLE,1830 FORDHAM BLVD,CHAPEL HILL,NC,27517,1675754220000,1675754220000,1675754220000,SUSPICIOUS/WANT,PARKING/DROP LOT/GARAGE,,,,,,35.94568634,-79.00611877,95372,POINT (-79.00611877 35.94568634)
207768,CHPD,SUSPICIOUS VEHICLE,1830 FORDHAM BLVD,CHAPEL HILL,NC,27517,1673163660000,1673163660000,1673163660000,SUSPICIOUS/WANT,HIGHWAY/ROAD/ALLEY/STREET/SIDEWALK,N,NONE,,,,35.94749832,-79.00312042,95373,POINT (-79.00312042 35.94749832)
208942,CHPD,VEHICLE UNLOCK,9217 SEAWELL SCHOOL RD,CHAPEL HILL,NC,27516,1676064960000,1676064600000,1676064960000,PUBLIC SERVICE,PARKING/DROP LOT/GARAGE,,,68,W,M,35.94621277,-79.07842254,95376,POINT (-79.07842254 35.94621277)
208814,CHPD,B&E    LARCENY F/VEHICLE,705 N COLUMBIA ST,CHAPEL HILL,NC,27516,1675766400000,1675620000000,1675674000000,MISC OFFICER IN,RESIDENCE/HOME,N,NONE,20,W,M,35.92695999,-79.05294036,95391,POINT (-79.05294036 35.92695999)
208815,CHPD,ABANDONED VEHICLE,700 BOLINWOOD DR,CHAPEL HILL,NC,27514,1675765620000,1675765260000,1675765260000,MISC OFFICER IN,HIGHWAY/ROAD/ALLEY/STREET/SIDEWALK,N,NONE,,,,35.92462158,-79.04941558,95396,POINT (-79.04941558 35.92462158)
208402,CHPD,TOWED VEHICLE,200 CULBRETH RD,CHAPEL HILL,NC,27516,1674807960000,1674807900000,1674807960000,TRAFFIC VIOLATI,HIGHWAY/ROAD/ALLEY/STREET/SIDEWALK,N,NONE,,,,35.89142609,-79.05945587,95411,POINT (-79.05945587 35.89142609)
208952,CHPD,CAR UNLOCK,1341 FORDHAM BLVD,CHAPEL HILL,NC,27517,1676078760000,1676078760000,1676078760000,PUBLIC SERVICE,PARKING/DROP LOT/GARAGE,<Null>,NONE,<Null>,W,M,-79.023434,35.935256,95416,POINT (35.935256 -79.023434)
208823,CHPD,EBT CARD FRAUD,1105 HWY 54,CHAPEL HILL,NC,27514,1675775880000,1675525740000,1675684800000,MISC OFFICER IN,CYBERSPACE,<Null>,NONE,38,W,F,-79.067737,35.897976,95421,POINT (35.897976 -79.067737)
208177,CHPD,B&E    LARCENY F/VEHICLE,1081 NC 54,CHAPEL HILL,NC,27514,1674216300000,1674210600000,1674215400000,THEFT/LARCENY,PARKING/DROP LOT/GARAGE,Y,NONE,51,A,F,35.89635849,-79.06467437,95429,POINT (-79.06467437 35.89635849)
208179,CHPD,BANK CARD FRAUD,828 MARTIN LUTHER KING JR BLVD,CHAPEL HILL,NC,27514,1674217500000,1673956800000,1674043200000,MISC OFFICER IN,CYBERSPACE,,NONE,32,W,M,35.92695999,-79.05294036,95434,POINT (-79.05294036 35.92695999)
208421,CHPD,ABANDONED VEHICLE,1 MARKET ST@S COLUMBIA ST,CHAPEL HILL,NC,27517,1674825480000,1674475200000,1674824400000,INFO MESSAGE,HIGHWAY/ROAD/ALLEY/STREET/SIDEWALK,,NONE,,,,35.87907791,-79.06379699,95448,POINT (-79.06379699 35.87907791)
208830,CHPD,EBT CARD FRAUD,1575 MARTIN LUTHER KING JR BLVD,CHAPEL HILL,NC,27516,1675788000000,1675528320000,1675598400000,MISC OFFICER IN,CYBERSPACE,,NONE,47,W,F,35.92695999,-79.05294036,95451,POINT (-79.05294036 35.92695999)
208423,CHPD,ABANDONED VEHICLE,100 EASTOWNE DR,CHAPEL HILL,NC,27514,1674827940000,1674827940000,1674827940000,MISC OFFICER IN,HIGHWAY/ROAD/ALLEY/STREET/SIDEWALK,N,,,,,35.94929886,-79.00264739,95456,POINT (-79.00264739 35.94929886)
208647,CHPD,B&E    LARCENY F/VEHICLE,500 UMSTEAD DR,CHAPEL HILL,NC,27516,1675335960000,1674907200000,1675332000000,MISC OFFICER IN,PARKING/DROP LOT/GARAGE,N,NONE,31,B,F,35.92695999,-79.05294036,95470,POINT (-79.05294036 35.92695999)
208883,CHPD,LARCENY FROM VEHICLE,216 N ROBERSON ST,CHAPEL HILL,NC,27516,1675933440000,1675933200000,1675933440000,THEFT/LARCENY,PARKING/DROP LOT/GARAGE,,NONE,,,,35.91296387,-79.0639038,95534,POINT (-79.0639038 35.91296387)
207795,CHPD,B&E    LARCENY F/VEHICLE,1617 OLD OXFORD RD,CHAPEL HILL,NC,27514,1673250300000,1673200800000,1673249400000,THEFT/LARCENY,RESIDENCE/HOME,,,28,B,M,35.93846893,-79.03076934,95574,POINT (-79.03076934 35.93846893)
208688,CHPD,B&E    LARCENY F/VEHICLE,417 HILLSBOROUGH ST,CHAPEL HILL,NC,27514,1675423020000,1675288800000,1675299600000,MISC OFFICER IN,PARKING/DROP LOT/GARAGE,N,NONE,53,W,F,-79.051873,35.918891,95584,POINT (35.918891 -79.051873)
208603,CHPD,B&E    LARCENY F/VEHICLE,502 W FRANKLIN ST,CHAPEL HILL,NC,27516,1675242360000,1675080000000,1675238400000,MISC OFFICER IN,PARKING/DROP LOT/GARAGE,N,NONE,39,W,M,-79.063652,35.910404,95629,POINT (35.910404 -79.063652)
207809,CHPD,LARCENY FROM MOTOR VEHICLE,313 E FRANKLIN ST,CHAPEL HILL,NC,27514,1673268300000,1672754400000,1672761600000,MISC OFFICER IN,PARKING/DROP LOT/GARAGE,<Null>,NONE,40,W,F,-79.04983,35.915872,95633,POINT (35.915872 -79.04983)
208010,CHPD,B&E    LARCENY F/VEHICLE,5623 FORDHAM BLVD,DURHAM,NC,27707,1673757720000,1673757540000,1673757720000,THEFT/LARCENY,HIGHWAY/ROAD/ALLEY/STREET/SIDEWALK,,HANDGUN,52,W,M,35.94947052,-79.00027465,95656,POINT (-79.00027465 35.94947052)
208129,CHPD,ABANDONED VEHICLE,1898 MARTIN LUTHER KING JR BLVD@EUBANKS RD,CHAPEL HILL,NC,27514,1674061920000,1674061920000,1674061920000,TRAFFIC VIOLATI,HIGHWAY/ROAD/ALLEY/STREET/SIDEWALK,,,,,,35.9688797,-79.06085205,95673,POINT (-79.06085205 35.9688797)
208016,CHPD,LARCENY FROM MOTOR VEHICLE,115 GARDEN ST,CHAPEL HILL,NC,27517,1673793000000,1673793000000,1673793000000,INFO MESSAGE,OTHER/UNKNOWN,,,41,W,M,35.94189072,-79.00878906,95682,POINT (-79.00878906 35.94189072)
208593,CHPD,CREDIT CARD FRAUD,1201 MARTIN LUTHER KING JR BLVD,CHAPEL HILL,NC,27516,1675196760000,1675174860000,1675175100000,PUBLIC SERVICE,SERVICE/GAS STATION,,NONE,21,W,F,35.94560242,-79.05869293,95704,POINT (-79.05869293 35.94560242)
208021,CHPD,ABANDONED VEHICLE,1832 FORDHAM BLVD@E FRANKLIN ST,CHAPEL HILL,NC,27514,1673805540000,1673805540000,1673805540000,TRAFFIC VIOLATI,HIGHWAY/ROAD/ALLEY/STREET/SIDEWALK,,,,,,35.93749237,-79.02518463,95705,POINT (-79.02518463 35.93749237)
208769,CHPD,B&E    LARCENY F/VEHICLE,301 W FRANKLIN ST,CHAPEL HILL,NC,27516,1675636320000,1675608000000,1675636200000,THEFT/LARCENY,PARKING/DROP LOT/GARAGE,N,NONE,24,W,F,35.91146469,-79.05963134,95712,POINT (-79.05963134 35.91146469)
207630,CHPD,B&E    LARCENY F/VEHICLE,300 AQUATIC DR,CHAPEL HILL,NC,27514,1672830540000,1672826100000,1672830540000,THEFT/LARCENY,COMMUNITY CENTER,Y,NONE,59,W,F,35.95596313,-79.06389617,95756,POINT (-79.06389617 35.95596313)
207887,CHPD,ABANDONED VEHICLE,100 WOODSHIRE LN,CHAPEL HILL,NC,27514,1673445600000,1673439240000,1673445600000,TRAFFIC VIOLATI,RESIDENCE/HOME,,,,,,35.93973923,-79.05346679,95790,POINT (-79.05346679 35.93973923)
207888,CHPD,VEHICLE LOCKOUT,1495 EPHESUS CHURCH RD,CHAPEL HILL,NC,27517,1673446560000,1673446200000,1673446560000,PUBLIC SERVICE,PARK/PLAYGROUND,N,NONE,23,W,M,35.93371964,-79.01604461,95791,POINT (-79.01604461 35.93371964)
207895,CHPD,VEHICLE LOCKOUT,216 N ROBERSON ST,CHAPEL HILL,NC,27516,1673454360000,1673454360000,1673454360000,PUBLIC SERVICE,PARKING/DROP LOT/GARAGE,N,NONE,69,B,F,35.91296387,-79.0639038,95794,POINT (-79.0639038 35.91296387)
207903,CHPD,ASSIST CARRBORO,143 W FRANKLIN ST,CHAPEL HILL,NC,27516,1673492040000,1673492040000,1673492040000,MISC OFFICER IN,HIGHWAY/ROAD/ALLEY/STREET/SIDEWALK,,NONE,37,B,M,35.91201019,-79.0583496,95801,POINT (-79.0583496 35.91201019)
208383,CHPD,B&E    LARCENY F/VEHICLE,109 HILLSBOROUGH ST,CHAPEL HILL,NC,27514,1674750180000,1674421200000,1674734400000,THEFT/LARCENY,RESIDENCE/HOME,N,NONE,19,W,F,35.91633606,-79.04992675,95813,POINT (-79.04992675 35.91633606)
208640,CHPD,LARCENY FROM MOTOR VEHICLE,128 SPRINGBERRY LN,CHAPEL HILL,NC,27517,1675291620000,1673909220000,1674341220000,THEFT/LARCENY,OTHER/UNKNOWN,,NONE,52,W,F,35.89801025,-79.00811004,95815,POINT (-79.00811004 35.89801025)
208935,CHPD,CHILD LOCKED IN VEHICLE,1800 E FRANKLIN ST,CHAPEL HILL,NC,27514,1676045820000,1676045400000,1676045400000,PUBLIC SERVICE,,,,,W,M,35.93515778,-79.02428436,95819,POINT (-79.02428436 35.93515778)
208643,CHPD,ABANDONED VEHICLE,3998 S COLUMBIA ST@MARKET ST,CHAPEL HILL,NC,27516,1675327860000,1675327860000,1675327860000,MISC OFFICER IN,HIGHWAY/ROAD/ALLEY/STREET/SIDEWALK,,,,,,35.87915802,-79.06394195,95832,POINT (-79.06394195 35.87915802)
208439,CHPD,ASSIST CARRBORO WITH MISSING PERSON,624 JONES FERRY RD,CARRBORO,NC,27510,1674851520000,1674851520000,1674851520000,MISSING/RUNAWAY,RESIDENCE/HOME,,,,,,35.90477753,-79.09075927,95847,POINT (-79.09075927 35.90477753)
208861,CHPD,VEHICLE LOCKOUT,110 S ELLIOTT RD,CHAPEL HILL,NC,27514,1675866240000,1675866000000,1675866240000,PUBLIC SERVICE,BANK/SAVINGS AND LOAN,,,65,B,M,35.93369675,-79.02856445,95899,POINT (-79.02856445 35.93369675)
208518,CHPD,LARCENY FROM MOTOR VEHICLE,1 SHEPHERD LN,CHAPEL HILL,NC,27514,1675070100000,1674820800000,1674986400000,MISC OFFICER IN,PARKING/DROP LOT/GARAGE,<Null>,NONE,40,W,M,-79.031551,35.925152,95902,POINT (35.925152 -79.031551)
208335,CHPD,B&E    LARCENY F/VEHICLE,119 CALDWELL ST,CHAPEL HILL,NC,27516,1674642540000,1673352000000,1674302400000,MISC OFFICER IN,RESIDENCE/HOME,N,NONE,20,W,M,-79.060279,35.917481,95922,POINT (35.917481 -79.060279)
207706,CHPD,B&E    LARCENY F/VEHICLE,109 SIERRA DR,CHAPEL HILL,NC,27514,1672998720000,1672948800000,1672995600000,MISC OFFICER IN,RESIDENCE/HOME,N,NONE,75,W,M,-79.02892,35.957268,95946,POINT (35.957268 -79.02892)
207816,CHPD,B&E    LARCENY F/VEHICLE,101 PINEGATE CIR,CHAPEL HILL,NC,27514,1673277240000,1673078400000,1673262000000,MISC OFFICER IN,PARKING/DROP LOT/GARAGE,Y,NONE,37,W,F,-79.008167,35.948006,95967,POINT (35.948006 -79.008167)
208792,CHPD,EBT CARD FRAUD,500 UMSTEAD DR,CHAPEL HILL,NC,27516,1675695780000,1675497600000,1675584000000,MISC OFFICER IN,RESIDENCE/HOME,,,,W,M,35.92695999,-79.05294036,95999,POINT (-79.05294036 35.92695999)
210545,CHPD,B&E    LARCENY F/VEHICLE,1000 DOGWOOD ACRES DR,CHAPEL HILL,NC,27514,1679907120000,1679839200000,1679844600000,THEFT/LARCENY,PARKING/DROP LOT/GARAGE,N,,42,W,M,35.92695999,-79.05294036,96014,POINT (-79.05294036 35.92695999)
210554,CHPD,B&E    LARCENY F/VEHICLE,200 WESTMINSTER DR,CHAPEL HILL,NC,27514,1679918160000,1679745600000,1679832000000,THEFT/LARCENY,PARKING/DROP LOT/GARAGE,N,NONE,44,B,M,35.96065903,-79.0535202,96018,POINT (-79.0535202 35.96065903)
209736,CHPD,B&E    LARCENY F/VEHICLE,200 WESTMINSTER DR,CHAPEL HILL,NC,27514,1677986220000,1677986160000,1677986220000,THEFT/LARCENY,PARKING/DROP LOT/GARAGE,N,NONE,35,B,M,35.96123505,-79.05368041,96036,POINT (-79.05368041 35.96123505)
209495,CHPD,B&E    LARCENY F/VEHICLE,155 SCHULTZ ST,CHAPEL HILL,NC,27514,1677488640000,1677474000000,1677479400000,MISC OFFICER IN,RESIDENCE/HOME,<Null>,NONE,41,W,F,-79.047884,35.965767,96037,POINT (35.965767 -79.047884)
209692,CHPD,B&E    LARCENY F/VEHICLE,200 MELVILLE LOOP,CHAPEL HILL,NC,27514,1677904800000,1677888000000,1677903600000,THEFT/LARCENY,HIGHWAY/ROAD/ALLEY/STREET/SIDEWALK,Y,,27,B,F,35.94722748,-79.01638031,96043,POINT (-79.01638031 35.94722748)
209693,CHPD,B&E    LARCENY F/VEHICLE,200 MELVILLE LOOP,CHAPEL HILL,NC,27514,1677901680000,1677901380000,1677901440000,THEFT/LARCENY,RESIDENCE/HOME,Y,NONE,25,B,F,35.94722748,-79.01638031,96045,POINT (-79.01638031 35.94722748)
210596,CHPD,LARCENY- CREDIT/DEBIT CARDS,2701 HOMESTEAD RD,CHAPEL HILL,NC,27516,1680005040000,1679926500000,1679926500000,MISC OFFICER IN,RESIDENCE/HOME,N,NONE,81,W,F,-79.059852,35.949582,96051,POINT (35.949582 -79.059852)
209501,CHPD,CREDIT CARD/ATM FRAUD,112 ASHLEY FOREST RD,CHAPEL HILL,NC,27514,1677498720000,1677312000000,1677366000000,FRAUD OR DECEPT,RESIDENCE/HOME,N,NONE,68,W,M,35.92695999,-79.05294036,96077,POINT (-79.05294036 35.92695999)
209016,CHPD,B&E    LARCENY F/VEHICLE,714 MARTIN LUTHER KING JR BLVD,CHAPEL HILL,NC,27514,1676301420000,1676059200000,1676275200000,MISC OFFICER IN,PARKING/DROP LOT/GARAGE,N,NONE,21,B,M,35.92695999,-79.05294036,96081,POINT (-79.05294036 35.92695999)
210602,CHPD,SUSPICIOUS VEHICLE,101 MELVILLE LOOP,CHAPEL HILL,NC,27514,1680017280000,1680016800000,1680017280000,HARASSMENT/STAL,RESIDENCE/HOME,N,NONE,27,W,M,35.94840622,-79.01724243,96084,POINT (-79.01724243 35.94840622)
209708,CHPD,LARCENY FROM MOTOR VEHICLE,881 MARTIN LUTHER KING JR BLVD,CHAPEL HILL,NC,27516,1677934740000,1677870000000,1677931200000,THEFT/LARCENY,PARKING/DROP LOT/GARAGE,N,,21,A,M,35.92921066,-79.05561065,96099,POINT (-79.05561065 35.92921066)
209709,CHPD,B&E    LARCENY F/VEHICLE,133 W FRANKLIN ST,CHAPEL HILL,NC,27516,1677934740000,1677891600000,1677934740000,THEFT/LARCENY,PARKING/DROP LOT/GARAGE,Y,,27,W,M,35.91226959,-79.05733489,96107,POINT (-79.05733489 35.91226959)
209434,CHPD,ABANDONED VEHICLE,SERVICE RD@FORDHAM BLVD,CHAPEL HILL,NC,27514,1677283020000,1677279600000,1677279600000,TRAFFIC VIOLATI,HIGHWAY/ROAD/ALLEY/STREET/SIDEWALK,N,NONE,<Null>,<Null>,<Null>,-79.02373,35.93637,96119,POINT (35.93637 -79.02373)
209170,CHPD,B&E    LARCENY F/VEHICLE,100 LANARK RD,CHAPEL HILL,NC,27517,1676663760000,1676656200000,1676663100000,THEFT/LARCENY,PARKING/DROP LOT/GARAGE,Y,UNKNOWN,62,B,F,35.91064835,-79.0261383,96122,POINT (-79.0261383 35.91064835)
209301,CHPD,B&E    LARCENY F/VEHICLE,205 E FRANKLIN ST,CHAPEL HILL,NC,27514,1677001140000,1676926800000,1676932200000,THEFT/LARCENY,HIGHWAY/ROAD/ALLEY/STREET/SIDEWALK,,NONE,21,W,M,35.91471863,-79.05274963,96173,POINT (-79.05274963 35.91471863)
209020,CHPD,LARCENY CAR KEYS,201 S ESTES DR,CHAPEL HILL,NC,27514,1676304840000,1676293200000,1676296800000,MISC OFFICER IN,COMMUNITY CENTER,<Null>,NONE,61,W,M,-79.027033,35.927763,96191,POINT (35.927763 -79.027033)
210138,CHPD,ABANDONED VEHICLE,14 DAVIE CIR,CHAPEL HILL,NC,27514,1678963200000,1678963200000,1678963200000,TRAFFIC VIOLATI,,,,,,,35.91789246,-79.03757476,96211,POINT (-79.03757476 35.91789246)
209745,CHPD,B&E    LARCENY F/VEHICLE,200 WESTMINSTER DR,CHAPEL HILL,NC,27514,1677986220000,1677981600000,1677986220000,THEFT/LARCENY,PARKING/DROP LOT/GARAGE,N,NONE,26,B,M,35.96123505,-79.05368041,96241,POINT (-79.05368041 35.96123505)
209279,CHPD,DEBIT CARD FRAUD,631 ARLINGTON ST,CHAPEL HILL,NC,27514,1676973060000,1676894400000,1676935800000,MISC OFFICER IN,CYBERSPACE,<Null>,NONE,51,W,F,-79.041423,35.943799,96248,POINT (35.943799 -79.041423)
210351,CHPD,B&E    LARCENY F/VEHICLE,293 SUMMERWALK CIR,CHAPEL HILL,NC,27517,1679462820000,1679462100000,1679462820000,THEFT/LARCENY,PARKING/DROP LOT/GARAGE,,,62,W,M,35.89614868,-79.01058197,96249,POINT (-79.01058197 35.89614868)
210003,CHPD,ABANDONED VEHICLE,1720 FORDHAM BLVD,CHAPEL HILL,NC,27517,1678595520000,1678595520000,1678595520000,TRAFFIC VIOLATI,HIGHWAY/ROAD/ALLEY/STREET/SIDEWALK,,NONE,,,,35.93694305,-79.02210235,96250,POINT (-79.02210235 35.93694305)
210352,CHPD,B&E    LARCENY F/VEHICLE,234 FINLEY FOREST DR,CHAPEL HILL,NC,27517,1679465940000,1679428800000,1679464800000,THEFT/LARCENY,HIGHWAY/ROAD/ALLEY/STREET/SIDEWALK,,,39,W,M,35.89993286,-79.01070404,96256,POINT (-79.01070404 35.89993286)
209938,CHPD,CARELESS AND RECKLESS DRIVING,COUNTRY CLUB RD AT BATTLE LN,CHAPEL HILL,NC,27514,1678408140000,1678408080000,1678408140000,TRAFFIC STOP,HIGHWAY/ROAD/ALLEY/STREET/SIDEWALK,<Null>,NONE,<Null>,<Null>,<Null>,-79.0465,35.91339,96258,POINT (35.91339 -79.0465)
209592,CHPD,B&E    LARCENY F/VEHICLE,442 DEMING RD,CHAPEL HILL,NC,27514,1677675780000,1677585600000,1677661680000,MISC OFFICER IN,RESIDENCE/HOME,N,NONE,42,W,M,-79.039261,35.921123,96262,POINT (35.921123 -79.039261)
209559,CHPD,B&E    LARCENY F/VEHICLE,811 E FRANKLIN ST,CHAPEL HILL,NC,27514,1677612360000,1677609600000,1677612300000,THEFT/LARCENY,RESIDENCE/HOME,N,NONE,65,W,F,35.91989517,-79.04022979,96267,POINT (-79.04022979 35.91989517)
210324,CHPD,VEHICLE UNLOCK,106 N GRAHAM ST,CHAPEL HILL,NC,27516,1679409660000,1679409600000,1679409660000,PUBLIC SERVICE,HIGHWAY/ROAD/ALLEY/STREET/SIDEWALK,N,NONE,23,B,M,35.91059113,-79.06430816,96289,POINT (-79.06430816 35.91059113)
209222,CHPD,B&E    LARCENY F/VEHICLE,200 PERKINS DR,CHAPEL HILL,NC,27514,1676884020000,1676761200000,1676880000000,MISC OFFICER IN,PARKING/DROP LOT/GARAGE,N,NONE,26,W,M,-79.05678,35.966884,96310,POINT (35.966884 -79.05678)
209899,CHPD,B&E    LARCENY F/VEHICLE,600 MARTIN LUTHER KING JR BLVD,CHAPEL HILL,NC,27514,1678325940000,1678325940000,1678325940000,TRAFFIC STOP,HIGHWAY/ROAD/ALLEY/STREET/SIDEWALK,N,,20,W,M,35.91861725,-79.0557022,96324,POINT (-79.0557022 35.91861725)
209018,CHPD,B&E    LARCENY F/VEHICLE,107 MARKET ST,CHAPEL HILL,NC,27516,1676304240000,1676298600000,1676299500000,THEFT/LARCENY,PARK/PLAYGROUND,N,NONE,70,B,M,35.87977982,-79.06509399,96341,POINT (-79.06509399 35.87977982)
209679,CHPD,VEHICLE SEARCH,498 UMSTEAD DR@VILLAGE DR,CHAPEL HILL,NC,27516,1677877560000,1677877560000,1677877560000,TRAFFIC STOP,HIGHWAY/ROAD/ALLEY/STREET/SIDEWALK,,NONE,,,,35.92270279,-79.06591033,96361,POINT (-79.06591033 35.92270279)
209782,CHPD,B&E    LARCENY F/VEHICLE,815 EDWARDS ST,CHAPEL HILL,NC,27516,1678100700000,1678035600000,1678096800000,THEFT/LARCENY,RESIDENCE/HOME,N,NONE,20,A,F,35.90291977,-79.06491088,96362,POINT (-79.06491088 35.90291977)
209913,CHPD,LARCENY FROM MOTOR VEHICLE,100 DICKENS CT,CHAPEL HILL,NC,27514,1678357860000,1678303200000,1678354200000,THEFT/LARCENY,PARKING/DROP LOT/GARAGE,N,,48,W,M,35.94682693,-79.01492309,96366,POINT (-79.01492309 35.94682693)
209571,CHPD,LARCENY FROM MOTOR VEHICLE,411 FLEMINGTON RD,CHAPEL HILL,NC,27517,1677664080000,1677664080000,1677664080000,THEFT/LARCENY,PARKING/DROP LOT/GARAGE,,,28,W,F,35.91396332,-79.02506256,96376,POINT (-79.02506256 35.91396332)
210319,CHPD,LARCENY FROM MOTOR VEHICLE,141 KINGSBURY DR,CHAPEL HILL,NC,27514,1679403000000,1678190400000,1678276800000,MISC OFFICER IN,PARKING/DROP LOT/GARAGE,,NONE,23,W,F,35.92695999,-79.05294036,96378,POINT (-79.05294036 35.92695999)
209691,CHPD,B&E    LARCENY F/VEHICLE,204 MELVILLE LOOP,CHAPEL HILL,NC,27514,1677904800000,1677888000000,1677903600000,THEFT/LARCENY,HIGHWAY/ROAD/ALLEY/STREET/SIDEWALK,Y,,30,W,F,35.94722748,-79.01638031,96393,POINT (-79.01638031 35.94722748)
209118,CHPD,B&E    LARCENY F/VEHICLE,3690 S COLUMBIA ST,CHAPEL HILL,NC,27516,1676539320000,1676505600000,1676538000000,MISC OFFICER IN,PARKING/DROP LOT/GARAGE,Y,NONE,32,W,M,35.92695999,-79.05294036,96395,POINT (-79.05294036 35.92695999)
209567,CHPD,B&E    LARCENY F/VEHICLE,201 S ELLIOTT RD,CHAPEL HILL,NC,27514,1677656460000,1677656460000,1677656460000,THEFT/LARCENY,PARKING/DROP LOT/GARAGE,Y,,26,W,M,35.93328094,-79.02681732,96402,POINT (-79.02681732 35.93328094)
210127,CHPD,LARCENY FROM MOTOR VEHICLE,100 MARRIOTT WAY,CHAPEL HILL,NC,27517,1678953060000,1678824000000,1678949400000,THEFT/LARCENY,PARKING/DROP LOT/GARAGE,,,58,W,M,35.90172958,-79.01014709,96418,POINT (-79.01014709 35.90172958)
209186,CHPD,SUSPICIOUS VEHICLE,828 MARTIN LUTHER KING JR BLVD,CHAPEL HILL,NC,27514,1676724000000,1676723400000,1676723640000,SUSPICIOUS/WANT,HIGHWAY/ROAD/ALLEY/STREET/SIDEWALK,,,,,,35.93238068,-79.05562591,96429,POINT (-79.05562591 35.93238068)
210030,CHPD,B&E    LARCENY F/VEHICLE,1213 MARTIN LUTHER KING JR BLVD,CHAPEL HILL,NC,27516,1678708260000,1678460400000,1678701600000,MISC OFFICER IN,PARKING/DROP LOT/GARAGE,,NONE,,W,F,35.92695999,-79.05294036,96444,POINT (-79.05294036 35.92695999)
209577,CHPD,B&E    LARCENY F/VEHICLE,411 FLEMINGTON RD,CHAPEL HILL,NC,27517,1677664080000,1677664080000,1677664080000,THEFT/LARCENY,PARKING/DROP LOT/GARAGE,,,31,A,F,35.91396332,-79.02506256,96450,POINT (-79.02506256 35.91396332)
209944,CHPD,B&E    LARCENY F/VEHICLE,114 MELVILLE LOOP,CHAPEL HILL,NC,27514,1678440540000,1678280400000,1678398360000,MISC OFFICER IN,PARKING/DROP LOT/GARAGE,N,NONE,58,W,F,-79.01676,35.94739,96474,POINT (35.94739 -79.01676)
209819,CHPD,TOWED VEHICLE,920 CARMICHAEL ST,CHAPEL HILL,NC,27514,1678173600000,1678172400000,1678173600000,TRAFFIC VIOLATI,HIGHWAY/ROAD/ALLEY/STREET/SIDEWALK,,,,,,35.90560913,-79.03121948,96493,POINT (-79.03121948 35.90560913)
210368,CHPD,B&E    LARCENY F/VEHICLE,500 N ESTES DR,CHAPEL HILL,NC,27514,1679480400000,1679480100000,1679480400000,THEFT/LARCENY,PARKING/DROP LOT/GARAGE,Y,UNKNOWN,39,B,F,35.93618393,-79.04354095,96501,POINT (-79.04354095 35.93618393)
210373,CHPD,B&E    LARCENY F/VEHICLE,101 SMITH LEVEL RD,CHAPEL HILL,NC,27516,1679484600000,1679475600000,1679484000000,THEFT/LARCENY,SCHOOL-ELEMENTARY/SECONDARY,Y,NONE,30,W,F,35.89997101,-79.071846,96528,POINT (-79.071846 35.89997101)
209827,CHPD,B&E    LARCENY F/VEHICLE,1100 NC 54,CHAPEL HILL,NC,27516,1678183020000,1678046400000,1678087200000,MISC OFFICER IN,PARKING/DROP LOT/GARAGE,N,NONE,40,A,M,-79.066894,35.899611,96551,POINT (35.899611 -79.066894)
209578,CHPD,B&E    LARCENY F/VEHICLE,411 FLEMINGTON RD,CHAPEL HILL,NC,27517,1677657480000,1677657480000,1677657480000,THEFT/LARCENY,PARKING/DROP LOT/GARAGE,,,30,W,M,35.91396332,-79.02506256,96555,POINT (-79.02506256 35.91396332)
210036,CHPD,B&E    LARCENY F/VEHICLE,1710 E FRANKLIN ST,CHAPEL HILL,NC,27514,1678715520000,1678715100000,1678715520000,THEFT/LARCENY,PARKING/DROP LOT/GARAGE,N,PERSONAL WEAPONS,62,W,F,35.93588257,-79.02685546,96564,POINT (-79.02685546 35.93588257)
209778,CHPD,B&E    LARCENY F/VEHICLE,1100 NC 54,CHAPEL HILL,NC,27516,1678096320000,1678017600000,1678089600000,MISC OFFICER IN,PARKING/DROP LOT/GARAGE,N,NONE,53,W,F,-79.066894,35.899611,96567,POINT (35.899611 -79.066894)
209582,CHPD,B&E    LARCENY F/VEHICLE,411 FLEMINGTON RD,CHAPEL HILL,NC,27517,1677661200000,1677650400000,1677661200000,THEFT/LARCENY,HIGHWAY/ROAD/ALLEY/STREET/SIDEWALK,Y,,25,B,M,35.91460037,-79.02527618,96578,POINT (-79.02527618 35.91460037)
210397,CHPD,B&E    LARCENY F/VEHICLE,105 JOHNSON ST,CHAPEL HILL,NC,27516,1679556000000,1679500800000,1679555700000,THEFT/LARCENY,PARKING/DROP LOT/GARAGE,N,,20,W,F,35.90416718,-79.06645965,96582,POINT (-79.06645965 35.90416718)
210461,CHPD,B&E    LARCENY F/VEHICLE,500 WEAVER DAIRY RD,CHAPEL HILL,NC,27514,1679674980000,1679646600000,1679673600000,MISC OFFICER IN,PARKING/DROP LOT/GARAGE,N,NONE,39,W,M,-79.02857,35.960574,96594,POINT (35.960574 -79.02857)
210406,CHPD,VEHICLE LOCKOUT,101 SMITH LEVEL RD,CHAPEL HILL,NC,27516,1679570280000,1679570280000,1679570280000,PUBLIC SERVICE,PARKING/DROP LOT/GARAGE,,,57,W,F,35.89997101,-79.071846,96597,POINT (-79.071846 35.89997101)
209336,CHPD,B&E    LARCENY F/VEHICLE,737 E FRANKLIN ST,CHAPEL HILL,NC,27514,1677080160000,1675288800000,1677080160000,THEFT/LARCENY,RESIDENCE/HOME,N,,46,W,F,35.92695999,-79.05294036,96601,POINT (-79.05294036 35.92695999)
210104,CHPD,LARCENY FROM MOTOR VEHICLE,100 TIMBER HOLLOW CT,CHAPEL HILL,NC,27514,1678888860000,1678886100000,1678888200000,THEFT/LARCENY,HIGHWAY/ROAD/ALLEY/STREET/SIDEWALK,Y,NONE,27,B,F,35.93995285,-79.05628967,96624,POINT (-79.05628967 35.93995285)
210108,CHPD,LARCENY FROM MOTOR VEHICLE,1801 FORDHAM BLVD,CHAPEL HILL,NC,27514,1678895880000,1678892400000,1678895880000,THEFT/LARCENY,PARKING/DROP LOT/GARAGE,,,54,W,M,35.94783401,-79.01280975,96626,POINT (-79.01280975 35.94783401)
209236,CHPD,EBT CARD FRAUD,1000 WEAVER DAIRY RD,CHAPEL HILL,NC,27514,1676898780000,1676793600000,1676894400000,MISC OFFICER IN,CONVENIENCE STORE,,,39,W,F,35.92695999,-79.05294036,96672,POINT (-79.05294036 35.92695999)
209979,CHPD,SUSPICIOUS VEHICLE,1714 LEGION RD,CHAPEL HILL,NC,27517,1678530480000,1678530480000,1678530480000,SUSPICIOUS/WANT,PARKING/DROP LOT/GARAGE,,,,,,35.93715286,-79.0155487,96674,POINT (-79.0155487 35.93715286)
210282,CHPD,B&E    LARCENY F/VEHICLE,2 DOUGLAS RD,CHAPEL HILL,NC,27517,1679316600000,1679068800000,1679140800000,MISC OFFICER IN,PARKING/DROP LOT/GARAGE,N,NONE,63,A,F,35.92695999,-79.05294036,96697,POINT (-79.05294036 35.92695999)
210307,CHPD,RECOVER STOLEN VEHICLE,100 SUMAC RD,CHAPEL HILL,NC,27517,1679365020000,1679365020000,1679365020000,SUSPICIOUS/WANT,HIGHWAY/ROAD/ALLEY/STREET/SIDEWALK,,NONE,,,,35.87702179,-79.06712341,96718,POINT (-79.06712341 35.87702179)
210503,CHPD,CREDIT CARD THEFT,316 W FRANKLIN ST,CHAPEL HILL,NC,27516,1679748000000,1679747880000,1679747880000,MISC OFFICER IN,HIGHWAY/ROAD/ALLEY/STREET/SIDEWALK,N,NONE,20,W,F,35.91086578,-79.06116485,96731,POINT (-79.06116485 35.91086578)
209809,CHPD,CARJACKING W/FORCE,306 MCGREGOR DR,CHAPEL HILL,NC,27514,1678136460000,1678136160000,1678136460000,WEAPON/FIREARMS,RESIDENCE/HOME,N,HANDGUN,,B,F,35.94554138,-79.01750946,96772,POINT (-79.01750946 35.94554138)
209511,CHPD,B&E    LARCENY F/VEHICLE,150 SCHULTZ ST,CHAPEL HILL,NC,27514,1677523380000,1677434400000,1677523380000,THEFT/LARCENY,PARKING/DROP LOT/GARAGE,N,UNKNOWN,<Null>,A,F,-79.047707,35.965502,96776,POINT (35.965502 -79.047707)
209689,CHPD,LARCENY FROM MOTOR VEHICLE,302 COLUMBIA PL E,CHAPEL HILL,NC,27516,1677897120000,1677888900000,1677897120000,THEFT/LARCENY,HIGHWAY/ROAD/ALLEY/STREET/SIDEWALK,N,,21,W,F,35.92237854,-79.05700683,96788,POINT (-79.05700683 35.92237854)
209246,CHPD,B&E    LARCENY F/VEHICLE,200 PERKINS DR,CHAPEL HILL,NC,27514,1676899800000,1676815200000,1676896200000,MISC OFFICER IN,PARKING/DROP LOT/GARAGE,N,NONE,23,W,F,35.96711349,-79.05676269,96799,POINT (-79.05676269 35.96711349)
209737,CHPD,B&E    LARCENY F/VEHICLE,200 WESTMINSTER DR,CHAPEL HILL,NC,27514,1678072620000,1678072560000,1678072620000,THEFT/LARCENY,PARKING/DROP LOT/GARAGE,N,NONE,,U,F,35.96123505,-79.05368041,96801,POINT (-79.05368041 35.96123505)
209738,CHPD,B&E    LARCENY F/VEHICLE,200 WESTMINSTER DR,CHAPEL HILL,NC,27514,1677986220000,1677986160000,1677986220000,THEFT/LARCENY,PARKING/DROP LOT/GARAGE,N,NONE,33,B,M,35.96123505,-79.05368041,96811,POINT (-79.05368041 35.96123505)
209366,CHPD,LARCENY FROM MOTOR VEHICLE,1801 FORDHAM BLVD,CHAPEL HILL,NC,27514,1677163320000,1677052800000,1677056400000,THEFT/LARCENY,PARKING/DROP LOT/GARAGE,,NONE,,,,35.94783401,-79.01280975,96814,POINT (-79.01280975 35.94783401)
209739,CHPD,B&E    LARCENY F/VEHICLE,200 WESTMINSTER DR,CHAPEL HILL,NC,27514,1677986220000,1677986160000,1677986220000,THEFT/LARCENY,PARKING/DROP LOT/GARAGE,N,NONE,31,W,M,35.96123505,-79.05368041,96821,POINT (-79.05368041 35.96123505)
210191,CHPD,ATTEMPTED LARCENY OF MOTOR VEHICLE,117 OLD DURHAM RD,CHAPEL HILL,NC,27517,1679079540000,1679079000000,1679079540000,PUBLIC SERVICE,CONVENIENCE STORE,,UNKNOWN,,,,35.94405746,-79.01144409,96822,POINT (-79.01144409 35.94405746)
209740,CHPD,B&E    LARCENY F/VEHICLE,200 WESTMINSTER DR,CHAPEL HILL,NC,27514,1677986220000,1677986160000,1677986220000,THEFT/LARCENY,PARKING/DROP LOT/GARAGE,N,,,,,35.96123505,-79.05368041,96828,POINT (-79.05368041 35.96123505)
209741,CHPD,B&E    LARCENY F/VEHICLE,200 WESTMINSTER DR,CHAPEL HILL,NC,27514,1677986220000,1677986160000,1677986220000,THEFT/LARCENY,PARKING/DROP LOT/GARAGE,,NONE,44,B,M,35.96123505,-79.05368041,96836,POINT (-79.05368041 35.96123505)
209742,CHPD,B&E    LARCENY F/VEHICLE,200 WESTMINSTER DR,CHAPEL HILL,NC,27514,1677986220000,1677986160000,1677986220000,THEFT/LARCENY,PARKING/DROP LOT/GARAGE,N,NONE,25,B,M,35.96123505,-79.05368041,96840,POINT (-79.05368041 35.96123505)
210197,CHPD,B&E    LARCENY F/VEHICLE,100 E ROSEMARY ST,CHAPEL HILL,NC,27514,1679086860000,1679083800000,1679085600000,THEFT/LARCENY,PARKING/DROP LOT/GARAGE,N,NONE,,W,F,35.91402817,-79.05571746,96859,POINT (-79.05571746 35.91402817)
209834,CHPD,POSSESS STOLEN VEHICLE,501 WEAVER DAIRY RD,CHAPEL HILL,NC,27514,1678189980000,1678189980000,1678189980000,MISC OFFICER IN,HIGHWAY/ROAD/ALLEY/STREET/SIDEWALK,,UNKNOWN,,,,35.96002579,-79.03352355,96884,POINT (-79.03352355 35.96002579)
210063,CHPD,CARJACKING W/FORCE,1010 RALEIGH RD,CHAPEL HILL,NC,27514,1678786680000,1678786020000,1678786320000,ROBBERY/CARJACK,PARKING/DROP LOT/GARAGE,,NONE,,W,F,35.90782166,-79.02422332,96890,POINT (-79.02422332 35.90782166)
210424,CHPD,SUSPICIOUS VEHICLE,W CAMERON AVE@S COLUMBIA ST,CHAPEL HILL,NC,27516,1679590620000,1679589000000,1679590620000,DISTURBANCE/NUI,HIGHWAY/ROAD/ALLEY/STREET/SIDEWALK,N,NONE,46,W,M,35.91078186,-79.0543518,96894,POINT (-79.0543518 35.91078186)
210418,CHPD,ABANDONED VEHICLE,3 ELLEN PL,CHAPEL HILL,NC,27514,1679584260000,1677682800000,1679584260000,TRAFFIC VIOLATI,HIGHWAY/ROAD/ALLEY/STREET/SIDEWALK,,NONE,,,,35.94618988,-79.05493927,96897,POINT (-79.05493927 35.94618988)
209802,CHPD,B&E    LARCENY F/VEHICLE,209 BLUEFIELD RD,CHAPEL HILL,NC,27517,1678134480000,1677445260000,1677484800000,THEFT/LARCENY,HIGHWAY/ROAD/ALLEY/STREET/SIDEWALK,,NONE,58,W,F,35.94222641,-79.0042572,96911,POINT (-79.0042572 35.94222641)
210381,CHPD,B&E    LARCENY F/VEHICLE,602 MARTIN LUTHER KING JR BLVD,CHAPEL HILL,NC,27514,1679494800000,1679397600000,1679444400000,THEFT/LARCENY,PARKING/DROP LOT/GARAGE,N,,22,A,M,35.91917419,-79.0532608,96977,POINT (-79.0532608 35.91917419)
209572,CHPD,B&E    LARCENY F/VEHICLE,411 FLEMINGTON RD,CHAPEL HILL,NC,27517,1677658440000,1677614400000,1677654900000,THEFT/LARCENY,PARKING/DROP LOT/GARAGE,Y,NONE,34,B,M,35.91397858,-79.02507781,96981,POINT (-79.02507781 35.91397858)
209771,CHPD,B&E    LARCENY F/VEHICLE,200 WESTMINSTER DR,CHAPEL HILL,NC,27514,1677986220000,1677986160000,1677986220000,THEFT/LARCENY,PARKING/DROP LOT/GARAGE,N,NONE,30,B,F,35.96118164,-79.05478668,96984,POINT (-79.05478668 35.96118164)
209573,CHPD,LARCENY FROM MOTOR VEHICLE,411 FLEMINGTON RD,CHAPEL HILL,NC,27517,1677664080000,1677664080000,1677664080000,THEFT/LARCENY,PARKING/DROP LOT/GARAGE,,,61,W,F,35.91396332,-79.02506256,96988,POINT (-79.02506256 35.91396332)
209773,CHPD,B&E    LARCENY F/VEHICLE,1728 FORDHAM BLVD,CHAPEL HILL,NC,27517,1678066560000,1678035720000,1678060800000,THEFT/LARCENY,PARKING/DROP LOT/GARAGE,N,,22,B,M,35.93778229,-79.02076721,96997,POINT (-79.02076721 35.93778229)
212143,CHPD,B&E    LARCENY F/VEHICLE,310 MCMASTERS ST,CHAPEL HILL,NC,27516,1683542520000,1683504000000,1683536400000,MISC OFFICER IN,RESIDENCE/HOME,N,NONE,20,W,F,-79.063017,35.918366,97011,POINT (35.918366 -79.063017)
211608,CHPD,ABANDONED VEHICLE,504 LONEBROOK DR,CHAPEL HILL,NC,27516,1682423100000,1681213500000,1682423100000,MISC OFFICER IN,HIGHWAY/ROAD/ALLEY/STREET/SIDEWALK,,,,,,35.95730209,-79.0618515,97019,POINT (-79.0618515 35.95730209)
211924,CHPD,B&E    LARCENY F/VEHICLE,216 E ROSEMARY ST,CHAPEL HILL,NC,27514,1683042180000,1682985600000,1683036000000,MISC OFFICER IN,RESIDENCE/HOME,<Null>,NONE,21,A,F,-79.051706,35.915607,97052,POINT (35.915607 -79.051706)
211347,CHPD,SUSPICIOUS VEHICLE,1714 LEGION RD,CHAPEL HILL,NC,27517,1681856100000,1681856100000,1681856100000,MISC OFFICER IN,PARKING/DROP LOT/GARAGE,,NONE,,,,35.93715286,-79.0155487,97058,POINT (-79.0155487 35.93715286)
211930,CHPD,B&E    LARCENY F/VEHICLE,209 COLUMBIA PL W,CHAPEL HILL,NC,27516,1683045720000,1682888400000,1682942400000,MISC OFFICER IN,HIGHWAY/ROAD/ALLEY/STREET/SIDEWALK,<Null>,NONE,24,W,M,-79.058198,35.921781,97072,POINT (35.921781 -79.058198)
211932,CHPD,B&E    LARCENY F/VEHICLE,702 GOMAINS AVE,CHAPEL HILL,NC,27516,1683049320000,1683048600000,1683048600000,THEFT/LARCENY,RESIDENCE/HOME,,NONE,27,B,M,35.91576385,-79.0661621,97076,POINT (-79.0661621 35.91576385)
211357,CHPD,LARCENY FROM MOTOR VEHICLE,100 SUMAC RD,CHAPEL HILL,NC,27517,1681897740000,1681895700000,1681897740000,THEFT/LARCENY,PARKING/DROP LOT/GARAGE,Y,UNKNOWN,64,W,F,35.87702179,-79.06712341,97088,POINT (-79.06712341 35.87702179)
212146,CHPD,LARCENY FROM MOTOR VEHICLE,5623 FORDHAM BLVD,DURHAM,NC,27517,1683547680000,1683261120000,1683270000000,THEFT/LARCENY,PARKING/DROP LOT/GARAGE,N,,61,W,M,35.94947052,-79.00027465,97117,POINT (-79.00027465 35.94947052)
211646,CHPD,ABANDONED VEHICLE,150 E ROSEMARY ST,CHAPEL HILL,NC,27514,1682492580000,1682492400000,1682492580000,TRAFFIC VIOLATI,PARKING/DROP LOT/GARAGE,N,NONE,,,,35.91466522,-79.05413818,97153,POINT (-79.05413818 35.91466522)
211385,CHPD,B&E    LARCENY F/VEHICLE,109 TIMBER HOLLOW CT,CHAPEL HILL,NC,27514,1681973760000,1681973760000,1681973760000,THEFT/LARCENY,PARKING/DROP LOT/GARAGE,Y,UNKNOWN,30,B,M,35.94090271,-79.05473327,97176,POINT (-79.05473327 35.94090271)
211383,CHPD,B&E    LARCENY F/VEHICLE,114 SHADOWOOD DR,CHAPEL HILL,NC,27514,1681967040000,1681952400000,1681967040000,THEFT/LARCENY,PARKING/DROP LOT/GARAGE,Y,UNKNOWN,57,B,M,35.93910217,-79.0543518,97182,POINT (-79.0543518 35.93910217)
212081,CHPD,B&E    LARCENY F/VEHICLE,121 WINDSOR CIR,CHAPEL HILL,NC,27516,1683366720000,1683331200000,1683374220000,THEFT/LARCENY,RESIDENCE/HOME,,,66,B,F,35.94246292,-79.06027221,97192,POINT (-79.06027221 35.94246292)
211392,CHPD,B&E    LARCENY F/VEHICLE,3000 EDISTO CT,CHAPEL HILL,NC,27516,1681976400000,1681956000000,1681976400000,THEFT/LARCENY,PARKING/DROP LOT/GARAGE,Y,<Null>,30,B,M,-79.051775,35.961785,97207,POINT (35.961785 -79.051775)
210736,CHPD,ASSIST CARRBORO POLICE,SMITH LEVEL RD AT BPW CLUB RD,CARBORRO,NC,27510,1680318060000,1680318000000,1680318060000,TRAFFIC STOP,HIGHWAY/ROAD/ALLEY/STREET/SIDEWALK,<Null>,NONE,<Null>,<Null>,<Null>,-79.07636,35.89544,97227,POINT (35.89544 -79.07636)
211389,CHPD,B&E    LARCENY F/VEHICLE,1751 MARTIN LUTHER KING JR BLVD,CHAPEL HILL,NC,27516,1681977300000,1681920000000,1681977060000,THEFT/LARCENY,PARKING/DROP LOT/GARAGE,Y,,22,B,F,35.96318817,-79.0589447,97234,POINT (-79.0589447 35.96318817)
210743,CHPD,B&E    LARCENY F/VEHICLE,2525 BOOKER CREEK RD,CHAPEL HILL,NC,27514,1680339840000,1680300000000,1680339840000,THEFT/LARCENY,PARKING/DROP LOT/GARAGE,,UNKNOWN,,W,M,35.94703293,-79.02548217,97247,POINT (-79.02548217 35.94703293)
211695,CHPD,LARCENY FROM MOTOR VEHICLE,881 MARTIN LUTHER KING JR BLVD,CHAPEL HILL,NC,27516,1682586300000,1682580600000,1682586300000,MISC OFFICER IN,PARKING/DROP LOT/GARAGE,,,,,,35.9291687,-79.05623626,97266,POINT (-79.05623626 35.9291687)
211697,CHPD,MOTOR VEHICLE THEFT,1307 VILLAGE CROSSING DR,CHAPEL HILL,NC,27517,1682589780000,1682532000000,1682583900000,THEFT/LARCENY,PARKING/DROP LOT/GARAGE,Y,,58,W,M,35.903965,-79.00950622,97267,POINT (-79.00950622 35.903965)
211700,CHPD,B&E    LARCENY F/VEHICLE,107 TIMBER HOLLOW CT,CHAPEL HILL,NC,27514,1682594520000,1682546400000,1682591400000,MISC OFFICER IN,PARKING/DROP LOT/GARAGE,N,NONE,53,W,M,-79.054674,35.940314,97269,POINT (35.940314 -79.054674)
212170,CHPD,EMS: CARDIAC ARREST,105 BARTON LN,CHAPEL HILL,NC,27516,1683591480000,1683591000000,1683591000000,CARDIAC ARREST,RESIDENCE/HOME,,,,,M,35.96141434,-79.06680297,97301,POINT (-79.06680297 35.96141434)
211990,CHPD,B&E    LARCENY F/VEHICLE,1937 FIRESIDE DR,CHAPEL HILL,NC,27517,1683200760000,1683154800000,1683200760000,THEFT/LARCENY,HIGHWAY/ROAD/ALLEY/STREET/SIDEWALK,N,NONE,28,A,M,35.93806458,-79.00343322,97312,POINT (-79.00343322 35.93806458)
211238,CHPD,B&E    LARCENY F/VEHICLE,4000 ENVIRON WAY,CHAPEL HILL,NC,27517,1681553040000,1681016400000,1681553040000,THEFT/LARCENY,PARKING/DROP LOT/GARAGE,,,36,W,M,35.90608978,-79.02050018,97315,POINT (-79.02050018 35.90608978)
212005,CHPD,B&E    LARCENY F/VEHICLE,1300 FORDHAM BLVD,CHAPEL HILL,NC,27517,1683216360000,1682971200000,1683093600000,MISC OFFICER IN,PARKING/DROP LOT/GARAGE,N,NONE,41,W,F,-79.024224,35.933061,97334,POINT (35.933061 -79.024224)
211958,CHPD,SUSPICIOUS VEHICLE,138 JOHNSON ST,CHAPEL HILL,NC,27516,1683122040000,1683122040000,1683122040000,SUSPICIOUS/WANT,HIGHWAY/ROAD/ALLEY/STREET/SIDEWALK,N,,,,,35.90489197,-79.0697174,97340,POINT (-79.0697174 35.90489197)
211981,CHPD,B&E    LARCENY F/VEHICLE,100 SUMAC RD,CHAPEL HILL,NC,27517,1683196140000,1683191520000,1683196140000,THEFT/LARCENY,PARKING/DROP LOT/GARAGE,N,,41,W,F,35.87702179,-79.06712341,97347,POINT (-79.06712341 35.87702179)
212155,CHPD,B&E    LARCENY F/VEHICLE,702 N COLUMBIA ST,CHAPEL HILL,NC,27516,1683560340000,1683050400000,1683111600000,THEFT/LARCENY,RESIDENCE/HOME,,,21,W,F,35.92007828,-79.05957794,97352,POINT (-79.05957794 35.92007828)
211410,CHPD,B&E    LARCENY F/VEHICLE,210 S ELLIOTT RD,CHAPEL HILL,NC,27514,1682012100000,1682011380000,1682011620000,THEFT/LARCENY,PARKING/DROP LOT/GARAGE,N,NONE,29,W,F,-79.028152,35.931508,97355,POINT (35.931508 -79.028152)
211639,CHPD,ASSIST CARRBORO POLICE,HOMESTEAD RD AT STRATFORD RD,CARRBORO,NC,27510,1682477940000,1682477880000,1682477940000,TRAFFIC STOP,HIGHWAY/ROAD/ALLEY/STREET/SIDEWALK,N,NONE,<Null>,<Null>,<Null>,-79.09544,35.94301,97364,POINT (35.94301 -79.09544)
212158,CHPD,B&E    LARCENY F/VEHICLE,1105 NC 54,CHAPEL HILL,NC,27514,1683561300000,1683061200000,1683201600000,MISC OFFICER IN,PARKING/DROP LOT/GARAGE,N,NONE,29,W,M,-79.067737,35.897976,97367,POINT (35.897976 -79.067737)
211045,CHPD,B&E    LARCENY F/VEHICLE,211 MELVILLE LOOP,CHAPEL HILL,NC,27514,1681134540000,1681059600000,1681134300000,MISC OFFICER IN,PARKING/DROP LOT/GARAGE,N,,27,B,F,35.92695999,-79.05294036,97375,POINT (-79.05294036 35.92695999)
211047,CHPD,B&E    LARCENY F/VEHICLE,1340 EPHESUS CHURCH RD,CHAPEL HILL,NC,27517,1681134720000,1681074000000,1681134600000,THEFT/LARCENY,PARKING/DROP LOT/GARAGE,N,NONE,25,B,M,35.93379593,-79.01869201,97376,POINT (-79.01869201 35.93379593)
211066,CHPD,B&E    LARCENY F/VEHICLE,200 FORMOSA LN,CHAPEL HILL,NC,27517,1681162980000,1681081200000,1681110000000,THEFT/LARCENY,PARKING/DROP LOT/GARAGE,,,31,B,F,35.94151306,-79.01593017,97388,POINT (-79.01593017 35.94151306)
211084,CHPD,ABANDONED VEHICLE,1 DOGWOOD ACRES DR@S COLUMBIA ST,CHAPEL HILL,NC,27516,1681213080000,1681213080000,1681213080000,MISC OFFICER IN,PARKING/DROP LOT/GARAGE,,,43,W,F,35.87315369,-79.06672668,97399,POINT (-79.06672668 35.87315369)
211973,CHPD,B&E    LARCENY F/VEHICLE,1830 FORDHAM BLVD,CHAPEL HILL,NC,27517,1683177300000,1683139440000,1683177300000,THEFT/LARCENY,PARKING/DROP LOT/GARAGE,Y,NONE,32,B,F,35.94568634,-79.00611877,97402,POINT (-79.00611877 35.94568634)
211394,CHPD,LARCENY FROM MOTOR VEHICLE,732 MARKET ST,CHAPEL HILL,<Null>,27516,1681989120000,1681887600000,1681920000000,MISC OFFICER IN,PARKING/DROP LOT/GARAGE,<Null>,NONE,22,W,F,-79.065825,35.880143,97405,POINT (35.880143 -79.065825)
211975,CHPD,B&E    LARCENY F/VEHICLE,1 EUROPA DR,CHAPEL HILL,NC,27514,1683186480000,1683140400000,1683186480000,THEFT/LARCENY,PARKING/DROP LOT/GARAGE,Y,UNKNOWN,51,W,M,35.94126129,-79.01737976,97417,POINT (-79.01737976 35.94126129)
211890,CHPD,SUSPICIOUS VEHICLE,1704 FERRELL RD,CHAPEL HILL,NC,27517,1682957760000,1682553660000,1682554860000,MISC OFFICER IN,HIGHWAY/ROAD/ALLEY/STREET/SIDEWALK,<Null>,NONE,68,W,F,-79.00891,35.933762,97431,POINT (35.933762 -79.00891)
211977,CHPD,B&E    LARCENY F/VEHICLE,100 MARRIOTT WAY,CHAPEL HILL,NC,27517,1683186840000,1683144000000,1683186840000,THEFT/LARCENY,PARKING/DROP LOT/GARAGE,Y,NONE,74,W,M,35.90172958,-79.01014709,97432,POINT (-79.01014709 35.90172958)
212082,CHPD,B&E    LARCENY F/VEHICLE,124 WINDSOR PL,CHAPEL HILL,NC,27516,1683365400000,1683334800000,1683364500000,THEFT/LARCENY,RESIDENCE/HOME,,,77,W,M,35.94361877,-79.06147003,97443,POINT (-79.06147003 35.94361877)
210755,CHPD,B&E    LARCENY F/VEHICLE,2525 BOOKER CREEK RD,CHAPEL HILL,NC,27514,1680359760000,1680296400000,1680352200000,MISC OFFICER IN,PARKING/DROP LOT/GARAGE,,,25,W,F,35.92695999,-79.05294036,97453,POINT (-79.05294036 35.92695999)
212083,CHPD,B&E    LARCENY F/VEHICLE,156 WINDSOR CIR,CHAPEL HILL,NC,27516,1683366300000,1683331200000,1683360000000,THEFT/LARCENY,RESIDENCE/HOME,,,44,W,M,35.94431686,-79.06149291,97456,POINT (-79.06149291 35.94431686)
212084,CHPD,B&E    LARCENY F/VEHICLE,157 WINDSOR CIR,CHAPEL HILL,NC,27516,1683367200000,1683331200000,1683363600000,THEFT/LARCENY,RESIDENCE/HOME,,,70,W,F,35.94480515,-79.06158447,97459,POINT (-79.06158447 35.94480515)
211456,CHPD,B&E    LARCENY F/VEHICLE,1211 E FRANKLIN ST,CHAPEL HILL,NC,27514,1682088000000,1682020800000,1682088000000,THEFT/LARCENY,PARKING/DROP LOT/GARAGE,Y,<Null>,53,W,M,-79.038572,35.924851,97461,POINT (35.924851 -79.038572)
212085,CHPD,B&E    LARCENY F/VEHICLE,150 WINDSOR CIR,CHAPEL HILL,NC,27516,1683369000000,1683309600000,1683360000000,THEFT/LARCENY,RESIDENCE/HOME,,,46,W,F,35.94426346,-79.0624237,97462,POINT (-79.0624237 35.94426346)
211507,CHPD,B&E    LARCENY F/VEHICLE,1000 NOVUS LN,CHAPEL HILL,NC,27517,1682175000000,1682087400000,1682173800000,THEFT/LARCENY,PARKING/DROP LOT/GARAGE,Y,,55,W,M,35.93877411,-79.02098083,97487,POINT (-79.02098083 35.93877411)
211559,CHPD,B&E    LARCENY F/VEHICLE,1000 NOVUS LN,CHAPEL HILL,NC,27517,1682329020000,1682096400000,1682186400000,MISC OFFICER IN,PARKING/DROP LOT/GARAGE,N,NONE,23,B,F,-79.020844,35.938695,97520,POINT (35.938695 -79.020844)
210689,CHPD,SUSPICIOUS VEHICLE,101 OLD OXFORD RD,CHAPEL HILL,NC,27514,1680205440000,1680204840000,1680204840000,TRAFFIC VIOLATI,HIGHWAY/ROAD/ALLEY/STREET/SIDEWALK,N,NONE,,,,35.94168472,-79.02803802,97531,POINT (-79.02803802 35.94168472)
210703,CHPD,SUSPICIOUS VEHICLE,2701 HOMESTEAD RD,CHAPEL HILL,NC,27516,1680252300000,1680252000000,1680252300000,SUSPICIOUS/WANT,PARKING/DROP LOT/GARAGE,N,NONE,,,,35.94963837,-79.05986785,97540,POINT (-79.05986785 35.94963837)
210705,CHPD,B&E    LARCENY F/VEHICLE,330 SCARLETT DR,CHAPEL HILL,NC,27517,1680254880000,1680199200000,1680247200000,MISC OFFICER IN,RESIDENCE/HOME,N,NONE,29,W,F,-79.008912,35.94123,97542,POINT (35.94123 -79.008912)
212012,CHPD,B&E    LARCENY F/VEHICLE,145 E FRANKLIN ST,CHAPEL HILL,NC,27514,1683232200000,1683228600000,1683230400000,THEFT/LARCENY,HIGHWAY/ROAD/ALLEY/STREET/SIDEWALK,,,43,W,F,35.91398239,-79.05433654,97559,POINT (-79.05433654 35.91398239)
210645,CHPD,VEHICLE UNLOCK,100 LOUIS ARMSTRONG CT,CHAPEL HILL,NC,27514,1680109320000,1680109320000,1680109320000,PUBLIC SERVICE,RESIDENCE/HOME,N,NONE,60,B,F,35.94722748,-79.04711151,97576,POINT (-79.04711151 35.94722748)
212024,CHPD,B&E    LARCENY F/VEHICLE,220 ELIZABETH ST,CHAPEL HILL,NC,27514,1683267180000,1683244800000,1683267000000,THEFT/LARCENY,PARKING/DROP LOT/GARAGE,N,,28,W,M,35.92620468,-79.04091644,97581,POINT (-79.04091644 35.92620468)
212117,CHPD,B&E    LARCENY F/VEHICLE,117 STINSON ST,CHAPEL HILL,NC,27516,1683453600000,1683399600000,1683453600000,THEFT/LARCENY,RESIDENCE/HOME,,,22,W,F,35.9197731,-79.05793762,97605,POINT (-79.05793762 35.9197731)
212118,CHPD,B&E    LARCENY F/VEHICLE,120 STINSON ST,CHAPEL HILL,NC,27516,1683452700000,1683397800000,1683451200000,THEFT/LARCENY,RESIDENCE/HOME,,,21,W,M,35.91944504,-79.05771636,97607,POINT (-79.05771636 35.91944504)
210747,CHPD,B&E    LARCENY F/VEHICLE,200 COSGROVE AVE,CHAPEL HILL,NC,27514,1680344220000,1680289200000,1680343200000,THEFT/LARCENY,PARKING/DROP LOT/GARAGE,Y,,23,W,M,35.9438858,-79.01620483,97612,POINT (-79.01620483 35.9438858)
210791,CHPD,B&E    LARCENY F/VEHICLE,100 E ROSEMARY ST,CHAPEL HILL,NC,27514,1680433080000,1680384600000,1680431400000,THEFT/LARCENY,PARKING/DROP LOT/GARAGE,,,22,W,F,35.91354752,-79.05545806,97662,POINT (-79.05545806 35.91354752)
211436,CHPD,SUSPICIOUS VEHICLE,105 SIR RICHARD LN,CHAPEL HILL,NC,27517,1682068800000,1682068800000,1682068800000,SUSPICIOUS/WANT,PARKING/DROP LOT/GARAGE,,,,,,35.94165039,-79.00668334,97664,POINT (-79.00668334 35.94165039)
211273,CHPD,VEHICLE FIRE,1549 RALEIGH RD@E BARBEE CHAPEL RD,CHAPEL HILL,NC,27517,1681718580000,1681718400000,1681718580000,VEHICLE FIRE,HIGHWAY/ROAD/ALLEY/STREET/SIDEWALK,,,,,,35.90189362,-79.00727844,97673,POINT (-79.00727844 35.90189362)
211274,CHPD,DEBIT CARD LARCENY,143 W FRANKLIN ST,CHAPEL HILL,NC,27516,1681723860000,1681560000000,1681650960000,MISC OFFICER IN,OTHER/UNKNOWN,<Null>,NONE,18,A,F,-79.057937,35.911491,97677,POINT (35.911491 -79.057937)
211134,CHPD,B&E    LARCENY F/VEHICLE,143 W FRANKLIN ST,CHAPEL HILL,NC,27516,1681298880000,1681239600000,1681290000000,BURGLARY/HOME I,PARKING/DROP LOT/GARAGE,N,,21,A,F,35.91154861,-79.05795288,97702,POINT (-79.05795288 35.91154861)
210931,CHPD,ABANDONED VEHICLE,75 OAKWOOD DR@CLELAND DR,CHAPEL HILL,NC,27517,1680822960000,1680822000000,1680822960000,INFO MESSAGE,FIELD/WOODS,N,NONE,,,,35.92058563,-79.02129364,97760,POINT (-79.02129364 35.92058563)
212088,CHPD,B&E    LARCENY F/VEHICLE,110 WINDSOR CIR,CHAPEL HILL,NC,27516,1683366720000,1683366720000,1683366720000,MISC OFFICER IN,RESIDENCE/HOME,,,41,W,M,35.9434967,-79.0600357,97765,POINT (-79.0600357 35.9434967)
211896,CHPD,B&E    LARCENY F/VEHICLE,201 S ELLIOTT RD,CHAPEL HILL,NC,27514,1682963280000,1682929800000,1682963100000,THEFT/LARCENY,PARKING/DROP LOT/GARAGE,N,BLUNT OBJECT,43,W,M,35.93328094,-79.02681732,97775,POINT (-79.02681732 35.93328094)
210961,CHPD,OPEN CONTAINER IN VEHICLE,3 COLONY CT,CHAPEL HILL,NC,27516,1680906180000,1680905760000,1680906180000,WEAPON/FIREARMS,RESIDENCE/HOME,,OTHER FIREARM,,W,F,35.91091156,-79.05815124,97791,POINT (-79.05815124 35.91091156)
210962,CHPD,LARCENY FROM MOTOR VEHICLE,1734 LEGION RD,CHAPEL HILL,NC,27517,1680915480000,1680915480000,1680915480000,THEFT/LARCENY,RESIDENCE/HOME,N,,33,W,F,35.94169235,-79.01283264,97792,POINT (-79.01283264 35.94169235)
210964,CHPD,SUSPICIOUS VEHICLE,100 MALLETTE ST@W FRANKLIN ST,CHAPEL HILL,NC,27516,1680922320000,1680922320000,1680922320000,SUSPICIOUS/WANT,HIGHWAY/ROAD/ALLEY/STREET/SIDEWALK,,,,,,35.9117775,-79.05950927,97794,POINT (-79.05950927 35.9117775)
210979,CHPD,B&E   LARCENY F/VEHICLE,118 SCHULTZ ST,CHAPEL HILL,NC,27514,1680954180000,1680894000000,1680954180000,THEFT/LARCENY,PARKING/DROP LOT/GARAGE,,,64,W,M,35.96522141,-79.0470581,97800,POINT (-79.0470581 35.96522141)
210994,CHPD,LARCENY FROM MOTOR VEHICLE,103 CREST DR,CHAPEL HILL,NC,27516,1680969720000,1680969720000,1680969720000,THEFT/LARCENY,RESIDENCE/HOME,,,22,B,F,35.90638351,-79.0646286,97811,POINT (-79.0646286 35.90638351)
211487,CHPD,B&E    LARCENY F/VEHICLE,1 EUROPA DR,CHAPEL HILL,NC,27514,1682146200000,1682107200000,1682146200000,THEFT/LARCENY,PARKING/DROP LOT/GARAGE,N,UNKNOWN,50,W,M,35.94126129,-79.01737976,97820,POINT (-79.01737976 35.94126129)
211296,CHPD,ABANDONED VEHICLE,102 DICKERSON CT,CHAPEL HILL,NC,27514,1681751040000,1681741200000,1681741200000,MISC OFFICER IN,HIGHWAY/ROAD/ALLEY/STREET/SIDEWALK,,NONE,,,,35.94710159,-79.01506805,97840,POINT (-79.01506805 35.94710159)
211460,CHPD,B&E VEHICLE,100 S GRAHAM ST@W FRANKLIN ST,CHAPEL HILL,NC,27516,1682102880000,1682102880000,1682102880000,DAMAGE/VANDALIS,PARKING/DROP LOT/GARAGE,Y,NONE,19,W,F,35.909935,-79.06424713,97856,POINT (-79.06424713 35.909935)
211831,CHPD,B&E    LARCENY F/VEHICLE,114 WEAVER DAIRY RD,CHAPEL HILL,NC,27514,1682859480000,1682854080000,1682859480000,THEFT/LARCENY,PARKING/DROP LOT/GARAGE,Y,NONE,39,W,F,35.95013046,-79.01863861,97869,POINT (-79.01863861 35.95013046)
211854,CHPD,SUSPICIOUS VEHICLE,126 JOHNSON ST,CHAPEL HILL,NC,27516,1682926800000,1682906400000,1682926800000,TRAFFIC VIOLATI,HIGHWAY/ROAD/ALLEY/STREET/SIDEWALK,,,53,W,F,35.90501022,-79.06829071,97886,POINT (-79.06829071 35.90501022)
212139,CHPD,LARCENY FROM MOTOR VEHICLE,209 SCHULTZ ST,CHAPEL HILL,NC,27514,1683531900000,1683329400000,1683531900000,THEFT/LARCENY,PARKING/DROP LOT/GARAGE,,,30,I,M,35.96574402,-79.04821014,97898,POINT (-79.04821014 35.96574402)
210864,CHPD,B&E    LARCENY F/VEHICLE,81 S ELLIOTT RD,CHAPEL HILL,NC,27514,1680620160000,1680510600000,1680512400000,MISC OFFICER IN,PARKING/DROP LOT/GARAGE,N,NONE,87,W,F,-79.0281,35.934693,97930,POINT (35.934693 -79.0281)
210884,CHPD,TOWED VEHICLE,100 MALLARD CT,CHAPEL HILL,NC,27517,1680683880000,1680683400000,1680683580000,MISC OFFICER IN,HIGHWAY/ROAD/ALLEY/STREET/SIDEWALK,,NONE,,,,35.88856888,-79.05693817,97945,POINT (-79.05693817 35.88856888)
210887,CHPD,B&E    LARCENY F/VEHICLE,101 BRANNON CT,CHAPEL HILL,NC,27516,1680696180000,1680451200000,1680523200000,MISC OFFICER IN,RESIDENCE/HOME,N,NONE,62,W,F,35.92695999,-79.05294036,97946,POINT (-79.05294036 35.92695999)
215297,CHPD,ASSIST CARRBORO POLICE DEPARTMENT,301 W MAIN ST,CARRBORO,NC,27510,1691017020000,1691011800000,1691011860000,STAB GUNSHOT PE,GOVERNMENT/PUBLIC BUILDING,,,,,,35.91171646,-79.07659912,98039,POINT (-79.07659912 35.91171646)
217211,CHPD,B&E    LARCENY F/VEHICLE,400 W ROSEMARY ST,CHAPEL HILL,NC,27516,1695474900000,1695319200000,1695468600000,THEFT/LARCENY,PARKING/DROP LOT/GARAGE,,NONE,24,W,F,35.91183853,-79.06288909,98054,POINT (-79.06288909 35.91183853)
217839,CHPD,B&E    LARCENY F/VEHICLE,116 ISLEY ST,CHAPEL HILL,NC,27516,1696870800000,1696795200000,1696841100000,INFO MESSAGE,HIGHWAY/ROAD/ALLEY/STREET/SIDEWALK,N,NONE,20,W,F,35.91186523,-79.04738616,98056,POINT (-79.04738616 35.91186523)
214965,CHPD,ATTEMPTED B&E TO VEHICLE,133 W FRANKLIN ST,CHAPEL HILL,NC,27516,1690317540000,1690317540000,1690317540000,THEFT/LARCENY,HIGHWAY/ROAD/ALLEY/STREET/SIDEWALK,,,,,,35.91221619,-79.05771636,98081,POINT (-79.05771636 35.91221619)
218231,CHPD,SUSPICIOUS VEHICLE,134 W FRANKLIN ST,CHAPEL HILL,NC,27516,1697749200000,1697748300000,1697749140000,INFO MESSAGE,HIGHWAY/ROAD/ALLEY/STREET/SIDEWALK,N,NONE,21,W,F,35.91222,-79.05755615,98082,POINT (-79.05755615 35.91222)
213372,CHPD,B&E    LARCENY F/VEHICLE,316 W ROSEMARY ST,CHAPEL HILL,NC,27516,1686548880000,1686452400000,1686548880000,THEFT/LARCENY,PARKING/DROP LOT/GARAGE,,,20,W,M,35.91299057,-79.06022644,98108,POINT (-79.06022644 35.91299057)
212880,CHPD,B&E    LARCENY F/VEHICLE,303 N COLUMBIA ST,CHAPEL HILL,NC,27516,1685357100000,1685278800000,1685351220000,THEFT/LARCENY,RESIDENCE/HOME,,NONE,22,B,F,35.91531754,-79.05737304,98117,POINT (-79.05737304 35.91531754)
212440,CHPD,B&E    LARCENY F/VEHICLE,133 W FRANKLIN ST,CHAPEL HILL,NC,27516,1684331400000,1684275300000,1684293420000,THEFT/LARCENY,PARKING/DROP LOT/GARAGE,,,20,W,M,35.91226959,-79.05733489,98131,POINT (-79.05733489 35.91226959)
213764,CHPD,B&E    LARCENY F/VEHICLE,140 W FRANKLIN ST,CHAPEL HILL,NC,27516,1687675860000,1687663200000,1687664400000,THEFT/LARCENY,PARKING/DROP LOT/GARAGE,Y,BLUNT OBJECT,22,W,F,35.9130249,-79.05785369,98138,POINT (-79.05785369 35.9130249)
212378,CHPD,ABANDONED VEHICLE,14 COBB TER,CHAPEL HILL,NC,27514,1684134120000,1684132200000,1684134120000,TRAFFIC VIOLATI,HIGHWAY/ROAD/ALLEY/STREET/SIDEWALK,,,,,,35.91753387,-79.05524444,98160,POINT (-79.05524444 35.91753387)
212463,CHPD,B&E    LARCENY F/VEHICLE,200 CARRAWAY CROSSING,CHAPEL HILL,NC,27516,1684362180000,1684180800000,1684362180000,THEFT/LARCENY,PARKING/DROP LOT/GARAGE,Y,NONE,,,,35.9711647,-79.06942749,98188,POINT (-79.06942749 35.9711647)
212636,CHPD,SUSPICIOUS VEHICLE,200 PERKINS DR,CHAPEL HILL,NC,27514,1684743840000,1684743600000,1684743840000,PUBLIC SERVICE,PARKING/DROP LOT/GARAGE,N,HANDGUN,,,,35.96717834,-79.05699157,98195,POINT (-79.05699157 35.96717834)
212953,CHPD,B&E    LARCENY F/VEHICLE,211 CHURCH ST,CHAPEL HILL,NC,27516,1685486100000,1685486040000,1685486100000,SUSPICIOUS/WANT,PARKING/DROP LOT/GARAGE,Y,,56,W,F,35.91346359,-79.05948638,98204,POINT (-79.05948638 35.91346359)
213299,CHPD,B&E    LARCENY F/VEHICLE,1000 DOGWOOD ACRES DR,CHAPEL HILL,NC,27516,1686319680000,1686318300000,1686319200000,THEFT/LARCENY,PARKING/DROP LOT/GARAGE,Y,UNKNOWN,62,W,F,35.87242508,-79.06919097,98207,POINT (-79.06919097 35.87242508)
213669,CHPD,B&E    LARCENY F/VEHICLE,1000 DOGWOOD ACRES DR,CHAPEL HILL,NC,27516,1687444140000,1687441800000,1687443900000,THEFT/LARCENY,PARKING/DROP LOT/GARAGE,N,BLUNT OBJECT,75,A,F,35.87242508,-79.06919097,98210,POINT (-79.06919097 35.87242508)
214945,CHPD,ATTEMPTED LARCENY FROM VEHICLE,1000 DOGWOOD ACRES DR,CHAPEL HILL,NC,27516,1690293720000,1690290000000,1690293300000,THEFT/LARCENY,PARK/PLAYGROUND,,NONE,46,W,M,35.87242508,-79.06919097,98213,POINT (-79.06919097 35.87242508)
214215,CHPD,CHILDREN LOCKED INSIDE A VEHICLE,1200 MASON FARM RD,CHAPEL HILL,NC,27514,1688664660000,1688664000000,1688664660000,PUBLIC SERVICE,CHURCH/SYNAGOGUE/TEMPLE/MOSQUE,,NONE,,B,F,35.89870071,-79.05025482,98215,POINT (-79.05025482 35.89870071)
216398,CHPD,B&E    LARCENY F/VEHICLE,1000 DOGWOOD ACRES DR,CHAPEL HILL,NC,27516,1693566780000,1693566600000,1693566780000,THEFT/LARCENY,PARK/PLAYGROUND,,UNKNOWN,30,W,M,35.87242508,-79.06919097,98216,POINT (-79.06919097 35.87242508)
212320,CHPD,B&E    LARCENY F/VEHICLE,714 N COLUMBIA ST,CHAPEL HILL,NC,27516,1683936180000,1683934200000,1683936180000,THEFT/LARCENY,RESIDENCE/HOME,N,NONE,20,W,M,35.92049408,-79.05922698,98242,POINT (-79.05922698 35.92049408)
212883,CHPD,LARCENY FROM MOTOR VEHICLE,1105 NC 54,CHAPEL HILL,NC,27514,1685369820000,1685296800000,1685365200000,THEFT/LARCENY,PARKING/DROP LOT/GARAGE,N,,21,B,M,35.89884567,-79.06998443,98283,POINT (-79.06998443 35.89884567)
212841,CHPD,SUSPICIOUS VEHICLE,710 CLELAND DR,CHAPEL HILL,NC,27517,1685241000000,1685240820000,1685240880000,MISC OFFICER IN,HIGHWAY/ROAD/ALLEY/STREET/SIDEWALK,N,NONE,,,,35.92158508,-79.02390289,98319,POINT (-79.02390289 35.92158508)
213822,CHPD,B&E    LARCENY F/VEHICLE,107 MARKET ST,CHAPEL HILL,NC,27516,1687807920000,1687807800000,1687807860000,THEFT/LARCENY,PARKING/DROP LOT/GARAGE,,NONE,21,W,F,35.87977982,-79.06509399,98334,POINT (-79.06509399 35.87977982)
213867,CHPD,B&E VEHICLE,107 MARKET ST,CHAPEL HILL,NC,27516,1687885560000,1687854600000,1687885200000,THEFT/LARCENY,PARKING/DROP LOT/GARAGE,Y,,35,W,F,35.87977982,-79.06509399,98341,POINT (-79.06509399 35.87977982)
217784,CHPD,SUSPICIOUS VEHICLE,107 MARKET ST,CHAPEL HILL,NC,27516,1696713720000,1696713600000,1696713660000,DISTURBANCE/NUI,PARKING/DROP LOT/GARAGE,,NONE,,,,35.87977982,-79.06509399,98357,POINT (-79.06509399 35.87977982)
212639,CHPD,B&E    LARCENY F/VEHICLE,201 S ELLIOTT RD,CHAPEL HILL,NC,27514,1684758600000,1684519200000,1684758600000,THEFT/LARCENY,PARKING/DROP LOT/GARAGE,Y,,32,B,M,35.93328094,-79.02681732,98410,POINT (-79.02681732 35.93328094)
212573,CHPD,LARCENY FROM MOTOR VEHICLE,100 SUMAC RD,CHAPEL HILL,NC,27517,1684606740000,1684605000000,1684606200000,THEFT/LARCENY,PARKING/DROP LOT/GARAGE,Y,UNKNOWN,33,W,F,35.87702179,-79.06712341,98437,POINT (-79.06712341 35.87702179)
217294,CHPD,LARCENY FROM MOTOR VEHICLE,451 W FRANKLIN ST,CHAPEL HILL,NC,27516,1695696360000,1695672000000,1695696360000,THEFT/LARCENY,PARKING/DROP LOT/GARAGE,N,NONE,26,W,M,35.91044998,-79.06291961,98439,POINT (-79.06291961 35.91044998)
215321,CHPD,LARCENY OF CREDIT CARD,247 CEDAR CLUB CIR,CHAPEL HILL,NC,27517,1691061900000,1690459200000,1690545600000,THEFT/LARCENY,OTHER/UNKNOWN,,NONE,79,W,F,35.90729141,-79.00616455,98442,POINT (-79.00616455 35.90729141)
217421,CHPD,B&E    LARCENY F/VEHICLE,219 RANSOM ST,CHAPEL HILL,NC,27516,1695914580000,1695848400000,1695895200000,MISC OFFICER IN,RESIDENCE/HOME,N,NONE,22,W,M,35.90758133,-79.05796051,98454,POINT (-79.05796051 35.90758133)
216510,CHPD,VEHICLE UNLOCK,108 N GRAHAM ST,CHAPEL HILL,NC,27516,1693880940000,1693880940000,1693880940000,PUBLIC SERVICE,HIGHWAY/ROAD/ALLEY/STREET/SIDEWALK,,,33,W,F,35.91073608,-79.06443023,98480,POINT (-79.06443023 35.91073608)
212559,CHPD,ASSISTING CITIZEN WITH LOST CAR,1101 ENVIRON WAY,CHAPEL HILL,NC,27517,1684590720000,1684590420000,1684590420000,THEFT/LARCENY,RESTAURANT,,NONE,56,W,F,35.90715408,-79.02170562,98492,POINT (-79.02170562 35.90715408)
212576,CHPD,USING FRAUDULENT ID CARD,FORDHAM BLVD@WILLOW DR,CHAPEL HILL,NC,27517,1684623480000,1684623480000,1684623480000,TRAFFIC STOP,HIGHWAY/ROAD/ALLEY/STREET/SIDEWALK,,NONE,,U,U,35.93038177,-79.02411651,98502,POINT (-79.02411651 35.93038177)
212592,CHPD,B&E    LARCENY F/VEHICLE,101 MACRAE CT,CHAPEL HILL,NC,27516,1684669680000,1684612800000,1684669500000,THEFT/LARCENY,HIGHWAY/ROAD/ALLEY/STREET/SIDEWALK,N,NONE,22,W,F,35.96073914,-79.06195068,98522,POINT (-79.06195068 35.96073914)
212593,CHPD,B&E    LARCENY F/VEHICLE,131 TREMONT CIR,CHAPEL HILL,NC,27516,1684666980000,1684641600000,1684663200000,THEFT/LARCENY,RESIDENCE/HOME,,NONE,50,W,F,35.96095276,-79.05961608,98525,POINT (-79.05961608 35.96095276)
212595,CHPD,B&E F/VEHICLE,105 WEYMOUTH PL,CHAPEL HILL,NC,27516,1684671420000,1684671420000,1684671420000,THEFT/LARCENY,RESIDENCE/HOME,,NONE,48,W,F,35.96064377,-79.0590744,98531,POINT (-79.0590744 35.96064377)
212598,CHPD,B&E    LARCENY F/VEHICLE,106 MACRAE CT,CHAPEL HILL,NC,27516,1684673580000,1684642200000,1684673580000,THEFT/LARCENY,RESIDENCE/HOME,,,48,W,M,35.96160507,-79.06136322,98540,POINT (-79.06136322 35.96160507)
212472,CHPD,B&E    LARCENY F/VEHICLE,140 W FRANKLIN ST,CHAPEL HILL,NC,27516,1684388040000,1684386300000,1684388040000,DAMAGE/VANDALIS,PARKING/DROP LOT/GARAGE,Y,,33,W,M,35.9130249,-79.05785369,98550,POINT (-79.05785369 35.9130249)
212479,CHPD,B&E    LARCENY F/VEHICLE,123 W FRANKLIN ST,CHAPEL HILL,NC,27516,1684407300000,1684346400000,1684407300000,THEFT/LARCENY,PARKING/DROP LOT/GARAGE,Y,,20,W,F,35.91154861,-79.05795288,98555,POINT (-79.05795288 35.91154861)
215636,CHPD,B&E    LARCENY F/VEHICLE,403 PATTERSON PL W,CHAPEL HILL,NC,27516,1691833860000,1691784000000,1691832600000,THEFT/LARCENY,RESIDENCE/HOME,N,,22,W,F,35.90782166,-79.05870056,98585,POINT (-79.05870056 35.90782166)
212877,CHPD,B&E    LARCENY F/VEHICLE,140 W FRANKLIN ST,CHAPEL HILL,NC,27516,1685342640000,1685329200000,1685342640000,THEFT/LARCENY,PARKING/DROP LOT/GARAGE,,UNKNOWN,,W,M,35.9130249,-79.05785369,98637,POINT (-79.05785369 35.9130249)
212879,CHPD,B&E    LARCENY F/VEHICLE,214 W ROSEMARY ST,CHAPEL HILL,NC,27516,1685344740000,1685337000000,1685343000000,THEFT/LARCENY,HOTEL/MOTEL/ETC.,,,36,W,M,35.91353607,-79.05835723,98639,POINT (-79.05835723 35.91353607)
212272,CHPD,B&E    LARCENY F/VEHICLE,1300 FORDHAM BLVD,CHAPEL HILL,NC,27517,1683785820000,1683766800000,1683775800000,THEFT/LARCENY,PARKING/DROP LOT/GARAGE,Y,UNKNOWN,25,W,F,35.93311691,-79.02423095,98648,POINT (-79.02423095 35.93311691)
215121,CHPD,B&E    LARCENY F/VEHICLE,805 S MERRITT MILL RD,CHAPEL HILL,NC,27516,1690648080000,1690647780000,1690647780000,THEFT/LARCENY,PARKING/DROP LOT/GARAGE,,NONE,40,W,M,35.90124893,-79.06774139,98652,POINT (-79.06774139 35.90124893)
218008,CHPD,B&E    LARCENY F/VEHICLE,100 MARRIOTT WAY,CHAPEL HILL,NC,27517,1697255700000,1697252100000,1697255700000,THEFT/LARCENY,HOTEL/MOTEL/ETC.,Y,,50,W,M,35.90172958,-79.01014709,98662,POINT (-79.01014709 35.90172958)
217451,CHPD,B&E    LARCENY F/VEHICLE,715 PRITCHARD AVE X,CHAPEL HILL,NC,27516,1696002600000,1695936600000,1696000500000,THEFT/LARCENY,PARKING/DROP LOT/GARAGE,N,NONE,21,W,M,35.90338135,-79.06478881,98685,POINT (-79.06478881 35.90338135)
215955,CHPD,B&E    LARCENY F/VEHICLE,1414 RALEIGH RD,CHAPEL HILL,NC,27517,1692610020000,1692601200000,1692609600000,THEFT/LARCENY,PARKING/DROP LOT/GARAGE,,,27,B,F,35.90429306,-79.01611328,98699,POINT (-79.01611328 35.90429306)
214865,CHPD,B&E    LARCENY F/VEHICLE,194 FINLEY GOLF COURSE RD,CHAPEL HILL,NC,27517,1690187280000,1689960600000,1690182000000,THEFT/LARCENY,COMMERCIAL OFFICE BUILDING,Y,NONE,,,,35.90501022,-79.01969909,98712,POINT (-79.01969909 35.90501022)
217699,CHPD,B&E    LARCENY F/VEHICLE,499 SOUTH RD,CHAPEL HILL,NC,27516,1696577880000,1696532400000,1696577280000,THEFT/LARCENY,HIGHWAY/ROAD/ALLEY/STREET/SIDEWALK,,NONE,21,W,M,35.90538788,-79.05533599,98719,POINT (-79.05533599 35.90538788)
212629,CHPD,LARCENY FROM MOTOR VEHICLE,1000 NOVUS LN,CHAPEL HILL,NC,27517,1684741680000,1684713600000,1684741680000,DAMAGE/VANDALIS,PARKING/DROP LOT/GARAGE,,,25,W,M,35.93875122,-79.02085876,98734,POINT (-79.02085876 35.93875122)
212519,CHPD,KEYS LEFT IN CAR,325 W ROSEMARY ST,CHAPEL HILL,NC,27516,1684501380000,1684500300000,1684501380000,PUBLIC SERVICE,PARKING/DROP LOT/GARAGE,,,,,,35.91215515,-79.06053924,98766,POINT (-79.06053924 35.91215515)
212536,CHPD,TOWED VEHICLE,1241 LEGACY TER,CHAPEL HILL,NC,27516,1684543380000,1684543380000,1684543380000,THEFT/LARCENY,HIGHWAY/ROAD/ALLEY/STREET/SIDEWALK,N,NONE,25,B,F,35.94771576,-79.06089782,98777,POINT (-79.06089782 35.94771576)
215963,CHPD,B&E    LARCENY F/VEHICLE,108 MT CARMEL CHURCH RD,CHAPEL HILL,NC,27517,1692618780000,1692606600000,1692618600000,THEFT/LARCENY,PARKING/DROP LOT/GARAGE,Y,BLUNT OBJECT,50,W,F,35.89080429,-79.05760192,98779,POINT (-79.05760192 35.89080429)
213575,CHPD,B&E    LARCENY F/VEHICLE,1081 NC 54,CHAPEL HILL,NC,27514,1687107600000,1687102200000,1687107540000,THEFT/LARCENY,PARKING/DROP LOT/GARAGE,Y,,44,W,F,35.89635849,-79.06467437,98800,POINT (-79.06467437 35.89635849)
213591,CHPD,B&E    LARCENY F/VEHICLE,1081 NC 54,CHAPEL HILL,NC,27514,1687176420000,1687172400000,1687176300000,THEFT/LARCENY,PARKING/DROP LOT/GARAGE,Y,BLUNT OBJECT,41,W,F,35.89635849,-79.06467437,98801,POINT (-79.06467437 35.89635849)
214830,CHPD,B&E    LARCENY F/VEHICLE,1081 NC 54,CHAPEL HILL,NC,27514,1690058460000,1690056420000,1690058460000,THEFT/LARCENY,PARKING/DROP LOT/GARAGE,,,56,W,F,35.89635849,-79.06467437,98802,POINT (-79.06467437 35.89635849)
214946,CHPD,B&E  LARCENY F/VEHICLE,1081 NC 54,CHAPEL HILL,NC,27514,1690295520000,1690288200000,1690295520000,THEFT/LARCENY,PARKING/DROP LOT/GARAGE,,BLUNT OBJECT,22,W,M,35.89635849,-79.06467437,98803,POINT (-79.06467437 35.89635849)
215457,CHPD,B&E VEHICLE,1081 NC 54,CHAPEL HILL,NC,27514,1691410680000,1691404200000,1691410200000,THEFT/LARCENY,PARKING/DROP LOT/GARAGE,Y,,66,W,M,35.89635849,-79.06467437,98805,POINT (-79.06467437 35.89635849)
215712,CHPD,B&E VEHICLE,1081 NC 54,CHAPEL HILL,NC,27514,1692027000000,1692025200000,1692026520000,THEFT/LARCENY,HIGHWAY/ROAD/ALLEY/STREET/SIDEWALK,N,,23,B,F,35.89635849,-79.06467437,98806,POINT (-79.06467437 35.89635849)
217399,CHPD,B&E    LARCENY F/VEHICLE,1081 NC 54,CHAPEL HILL,NC,27514,1695897600000,1695894300000,1695896580000,THEFT/LARCENY,PARKING/DROP LOT/GARAGE,Y,NONE,65,W,F,35.89635849,-79.06467437,98807,POINT (-79.06467437 35.89635849)
215082,CHPD,STOLEN VEHICLE,1100 NC 54,CHAPEL HILL,NC,27514,1690560840000,1688216400000,1690560300000,THEFT/LARCENY,HIGHWAY/ROAD/ALLEY/STREET/SIDEWALK,N,,23,A,M,35.89803696,-79.06774902,98830,POINT (-79.06774902 35.89803696)
214550,CHPD,B&E    LARCENY F/VEHICLE,1000 DOGWOOD ACRES DR,CHAPEL HILL,NC,27516,1689430380000,1689428700000,1689430380000,THEFT/LARCENY,PARKING/DROP LOT/GARAGE,,,44,W,M,35.87356186,-79.06866455,98847,POINT (-79.06866455 35.87356186)
215714,CHPD,LARCENY FROM MOTOR VEHICLE,100 SUMAC RD,CHAPEL HILL,NC,27517,1692027420000,1692021600000,1692027420000,THEFT/LARCENY,PARKING/DROP LOT/GARAGE,,NONE,69,W,F,35.87702179,-79.06712341,98849,POINT (-79.06712341 35.87702179)
218524,CHPD,B&E    LARCENY F/VEHICLE,301 W FRANKLIN ST,CHAPEL HILL,NC,27516,1698448860000,1698442080000,1698448680000,THEFT/LARCENY,PARKING/DROP LOT/GARAGE,N,,51,W,F,35.91146469,-79.05963134,98856,POINT (-79.05963134 35.91146469)
213525,CHPD,TOWED VEHICLE,213 W FRANKLIN ST,CHAPEL HILL,NC,27516,1686945540000,1686936600000,1686936900000,PUBLIC SERVICE,PARKING/DROP LOT/GARAGE,,,19,O,F,35.91147232,-79.05900573,98857,POINT (-79.05900573 35.91147232)
212424,CHPD,B&E    LARCENY F/VEHICLE,194 FINLEY GOLF COURSE RD,CHAPEL HILL,NC,27517,1684310940000,1684255500000,1684310940000,THEFT/LARCENY,PARKING/DROP LOT/GARAGE,Y,UNKNOWN,,,,35.9050293,-79.01991271,98886,POINT (-79.01991271 35.9050293)
212435,CHPD,B&E    LARCENY F/VEHICLE,201 S ESTES DR,CHAPEL HILL,NC,27514,1684322880000,1684319400000,1684321200000,MISC OFFICER IN,PARKING/DROP LOT/GARAGE,N,NONE,22,W,M,-79.027033,35.927763,98902,POINT (35.927763 -79.027033)
218114,CHPD,B&E    LARCENY F/VEHICLE,5000 ENVIRON WAY,CHAPEL HILL,NC,27517,1697541300000,1697500800000,1697541300000,THEFT/LARCENY,PARKING/DROP LOT/GARAGE,Y,NONE,59,W,F,35.90634537,-79.02086639,98911,POINT (-79.02086639 35.90634537)
212704,CHPD,ABANDONED VEHICLE,100 NEW STATESIDE DR,CHAPEL HILL,NC,27516,1684924980000,1684924980000,1684924980000,MISC OFFICER IN,HIGHWAY/ROAD/ALLEY/STREET/SIDEWALK,,,,,,35.95514679,-79.05882263,98942,POINT (-79.05882263 35.95514679)
212715,CHPD,TOWED VEHICLE,130 S ESTES DR,CHAPEL HILL,NC,27514,1684941540000,1684941540000,1684941540000,THEFT/LARCENY,RESIDENCE/HOME,N,NONE,33,W,F,35.92681122,-79.02993011,98952,POINT (-79.02993011 35.92681122)
212730,CHPD,CARDIAC ARREST,1728 ALLARD RD,CHAPEL HILL,NC,27514,1684989420000,1684989420000,1684989420000,CARDIAC ARREST,RESIDENCE/HOME,N,NONE,<Null>,W,M,-79.03887,35.93919,98960,POINT (35.93919 -79.03887)
212732,CHPD,TOWED VEHICLE,1016 HIGHGROVE DR,CHAPEL HILL,NC,27516,1684998600000,1684998360000,1684998540000,PUBLIC SERVICE,HIGHWAY/ROAD/ALLEY/STREET/SIDEWALK,,,,,,35.8855896,-79.07226562,98962,POINT (-79.07226562 35.8855896)
212229,CHPD,LARCENY FROM MOTOR VEHICLE,1081 NC 54,CHAPEL HILL,NC,27514,1683711900000,1683709980000,1683710100000,THEFT/LARCENY,PARKING/DROP LOT/GARAGE,Y,UNKNOWN,55,W,F,35.89635849,-79.06467437,98981,POINT (-79.06467437 35.89635849)
212262,CHPD,B&E    LARCENY F/VEHICLE,425 HILLSBOROUGH ST,CHAPEL HILL,NC,27514,1683781440000,1683752400000,1683781440000,THEFT/LARCENY,PARKING/DROP LOT/GARAGE,,,22,W,M,35.91968155,-79.05372619,98997,POINT (-79.05372619 35.91968155)
217924,CHPD,B&E    LARCENY F/VEHICLE,306 CHURCH ST,CHAPEL HILL,NC,27516,1697051220000,1696766400000,1697050800000,THEFT/LARCENY,RESIDENCE/HOME,Y,NONE,,W,F,35.91448593,-79.05921936,99049,POINT (-79.05921936 35.91448593)
214488,CHPD,B&E    LARCENY F/VEHICLE,300 SCHOOL LN,CHAPEL HILL,NC,27516,1689316860000,1689301800000,1689315300000,THEFT/LARCENY,PARKING/DROP LOT/GARAGE,,,70,B,F,35.91795349,-79.06191253,99060,POINT (-79.06191253 35.91795349)
217941,CHPD,B&E    LARCENY F/VEHICLE,105 ISLEY ST,CHAPEL HILL,NC,27516,1697118120000,1697025600000,1697116320000,THEFT/LARCENY,PARKING/DROP LOT/GARAGE,N,NONE,20,W,M,35.91896057,-79.05857849,99067,POINT (-79.05857849 35.91896057)
213765,CHPD,LARCENY FROM MOTOR VEHICLE,600 MARTIN LUTHER KING JR BLVD,CHAPEL HILL,NC,27514,1687700100000,1687642200000,1687699800000,THEFT/LARCENY,PARKING/DROP LOT/GARAGE,Y,NONE,,W,M,35.91838455,-79.05597686,99076,POINT (-79.05597686 35.91838455)
213855,CHPD,B&E    LARCENY F/VEHICLE,600 MARTIN LUTHER KING JR BLVD,CHAPEL HILL,NC,27514,1687875840000,1687654800000,1687692600000,THEFT/LARCENY,PARKING/DROP LOT/GARAGE,,,25,W,F,35.91849899,-79.05526733,99083,POINT (-79.05526733 35.91849899)
214120,CHPD,B&E    LARCENY F/VEHICLE,107 W STINSON ST,CHAPEL HILL,NC,27516,1688402760000,1688191200000,1688320800000,MISC OFFICER IN,RESIDENCE/HOME,N,NONE,36,W,M,35.91852188,-79.06027221,99084,POINT (-79.06027221 35.91852188)
214189,CHPD,B&E    LARCENY F/VEHICLE,105 W STINSON ST,CHAPEL HILL,NC,27516,1688625480000,1688612400000,1688625300000,THEFT/LARCENY,RESIDENCE/HOME,,,40,W,F,35.91860962,-79.06002807,99091,POINT (-79.06002807 35.91860962)
213291,CHPD,B&E    LARCENY F/VEHICLE,600 MARTIN LUTHER KING JR BLVD,CHAPEL HILL,NC,27514,1686309600000,1686263400000,1686307800000,THEFT/LARCENY,PARKING/DROP LOT/GARAGE,Y,NONE,21,A,M,35.91861725,-79.0557022,99093,POINT (-79.0557022 35.91861725)
218059,CHPD,TOWED VEHICLE,600 MARTIN LUTHER KING JR BLVD,CHAPEL HILL,NC,27514,1697399160000,1697397600000,1697397900000,INFO MESSAGE,PARKING/DROP LOT/GARAGE,,,19,W,F,35.9186554,-79.0553894,99094,POINT (-79.0553894 35.9186554)
217982,CHPD,B&E VEHICLE,116 W STINSON ST,CHAPEL HILL,NC,27516,1697212500000,1697133600000,1697209200000,THEFT/LARCENY,HIGHWAY/ROAD/ALLEY/STREET/SIDEWALK,N,,21,W,M,35.91891479,-79.06034088,99105,POINT (-79.06034088 35.91891479)
216328,CHPD,LARCENY FROM MOTOR VEHICLE,513 COTTON ST,CHAPEL HILL,NC,27516,1693402800000,1693346400000,1693396800000,THEFT/LARCENY,RESIDENCE/HOME,N,NONE,21,W,M,35.91600037,-79.06328582,99111,POINT (-79.06328582 35.91600037)
216630,CHPD,LOST CAR KEY,425 HILLSBOROUGH ST,CHAPEL HILL,NC,27514,1694165340000,1693483200000,1693569600000,MISC OFFICER IN,RESIDENCE/HOME,,NONE,21,A,M,35.92695999,-79.05294036,99112,POINT (-79.05294036 35.92695999)
213280,CHPD,B&E    LARCENY F/VEHICLE,425 HILLSBOROUGH ST,CHAPEL HILL,NC,27514,1686291300000,1686249000000,1686290700000,THEFT/LARCENY,PARKING/DROP LOT/GARAGE,Y,NONE,,W,M,35.91968155,-79.05372619,99118,POINT (-79.05372619 35.91968155)
218250,CHPD,TOWED VEHICLE,808 E FRANKLIN ST,CHAPEL HILL,NC,27514,1697802780000,1697802000000,1697802780000,HARASSMENT/STAL,HIGHWAY/ROAD/ALLEY/STREET/SIDEWALK,,NONE,33,B,M,35.91902924,-79.03857421,99127,POINT (-79.03857421 35.91902924)
216159,CHPD,LARCENY FROM MOTOR VEHICLE,130 E LONGVIEW ST,CHAPEL HILL,NC,27516,1692983760000,1692952200000,1692982800000,THEFT/LARCENY,HIGHWAY/ROAD/ALLEY/STREET/SIDEWALK,,,47,W,M,35.92060471,-79.05810546,99138,POINT (-79.05810546 35.92060471)
217265,CHPD,CREDIT CARD FRAUD,66 DAVIE CIR,CHAPEL HILL,NC,27514,1695644280000,1695211200000,1695556800000,MISC OFFICER IN,CYBERSPACE,,NONE,23,W,M,35.91912842,-79.03816223,99144,POINT (-79.03816223 35.91912842)
214453,CHPD,B&E    LARCENY F/VEHICLE,828 NC 54,CHAPEL HILL,NC,27514,1689238800000,1689188400000,1689231600000,MISC OFFICER IN,PARKING/DROP LOT/GARAGE,N,NONE,20,A,M,35.92695999,-79.05294036,99146,POINT (-79.05294036 35.92695999)
214873,CHPD,B&E    LARCENY F/VEHICLE,115 STINSON ST,CHAPEL HILL,NC,27516,1690197000000,1690122600000,1690196700000,THEFT/LARCENY,RESIDENCE/HOME,,,22,W,F,35.91976547,-79.05812835,99155,POINT (-79.05812835 35.91976547)
213286,CHPD,B&E    LARCENY F/VEHICLE,602 MARTIN LUTHER KING JR BLVD,CHAPEL HILL,NC,27514,1686306780000,1686225600000,1686304800000,THEFT/LARCENY,PARKING/DROP LOT/GARAGE,Y,NONE,54,W,F,35.91917419,-79.0532608,99156,POINT (-79.0532608 35.91917419)
215468,CHPD,VEHICLE UNLOCK,502 GOMAINS AVE,CHAPEL HILL,NC,27516,1691431920000,1691431200000,1691431200000,PUBLIC SERVICE,RESIDENCE/HOME,N,,20,W,F,35.91625595,-79.06426239,99160,POINT (-79.06426239 35.91625595)
216710,CHPD,B&E    LARCENY F/VEHICLE,208 ANDREWS LN,CHAPEL HILL,NC,27516,1694377080000,1694305800000,1694358000000,THEFT/LARCENY,HIGHWAY/ROAD/ALLEY/STREET/SIDEWALK,N,NONE,19,W,M,35.91324997,-79.06047058,99173,POINT (-79.06047058 35.91324997)
215266,CHPD,ABANDONED VEHICLE,xx,CHAPEL HILL,NC,27514,1690973160000,1690972800000,1690973160000,MISC OFFICER IN,HIGHWAY/ROAD/ALLEY/STREET/SIDEWALK,,NONE,,,,35.92695999,-79.05294036,99183,POINT (-79.05294036 35.92695999)
213379,CHPD,B&E    LARCENY F/VEHICLE,205 KOUSA TRL,CHAPEL HILL,NC,27516,1686563400000,1686506400000,1686561300000,MISC OFFICER IN,RESIDENCE/HOME,,NONE,29,B,F,35.92695999,-79.05294036,99229,POINT (-79.05294036 35.92695999)
215713,CHPD,FRAUD-EBT CARD,216 KNOLLS ST,CHAPEL HILL,NC,27516,1692030420000,1691668800000,1692014400000,MISC OFFICER IN,CYBERSPACE,,NONE,32,B,F,35.92695999,-79.05294036,99244,POINT (-79.05294036 35.92695999)
213024,CHPD,TOWED VEHICLE,XX,CHAPEL HILL,NC,27516,1685688840000,1685688840000,1685688840000,MISC OFFICER IN,,,,,,,35.92695999,-79.05294036,99278,POINT (-79.05294036 35.92695999)
213922,CHPD,B&E    LARCENY F/VEHICLE,304 COBBLESTONE CT,CHAPEL HILL,NC,27514,1688037120000,1687989600000,1688032800000,MISC OFFICER IN,HIGHWAY/ROAD/ALLEY/STREET/SIDEWALK,N,NONE,27,W,F,35.92695999,-79.05294036,99284,POINT (-79.05294036 35.92695999)
213034,CHPD,ABANDONED VEHICLE,XX,CHAPEL HILL,NC,27516,1685698080000,1685697600000,1685698080000,TRAFFIC VIOLATI,HIGHWAY/ROAD/ALLEY/STREET/SIDEWALK,,,,,,35.92695999,-79.05294036,99285,POINT (-79.05294036 35.92695999)
216508,CHPD,LARCENY FROM MOTOR VEHICLE,408 MARTIN LUTHER KING JR BLVD,CHAPEL HILL,NC,27514,1693869000000,1693854000000,1693868400000,THEFT/LARCENY,PARKING/DROP LOT/GARAGE,N,,21,W,F,35.91693115,-79.0560913,99286,POINT (-79.0560913 35.91693115)
213610,CHPD,B&E    LARCENY F/VEHICLE,403 SUNSET DR,CHAPEL HILL,NC,27516,1687225560000,1687213800000,1687223700000,THEFT/LARCENY,RESIDENCE/HOME,N,NONE,20,W,M,35.9137764,-79.06680297,99340,POINT (-79.06680297 35.9137764)
216943,CHPD,CARELESS AND RECKLESS DRIVING,127 E FRANKLIN ST,CHAPEL HILL,NC,27514,1694917380000,1694908800000,1694917380000,TRAFFIC STOP,HIGHWAY/ROAD/ALLEY/STREET/SIDEWALK,,NONE,,,,35.91381454,-79.0548706,99344,POINT (-79.0548706 35.91381454)
216878,CHPD,B&E    LARCENY F/VEHICLE,149 E FRANKLIN ST,CHAPEL HILL,NC,27514,1694787480000,1694637000000,1694787480000,THEFT/LARCENY,BAR/NIGHTCLUB,,NONE,47,W,M,35.91399384,-79.05419921,99355,POINT (-79.05419921 35.91399384)
213129,CHPD,LARCENY FROM MOTOR VEHICLE,XX,CHAPEL HILL,NC,27516,1685950500000,1685916000000,1685948400000,THEFT/LARCENY,PARKING/DROP LOT/GARAGE,N,NONE,,B,F,35.92695999,-79.05294036,99412,POINT (-79.05294036 35.92695999)
216192,CHPD,B&E    LARCENY F/VEHICLE,710 MARTIN LUTHER KING JR BLVD,CHAPEL HILL,NC,27514,1693058460000,1692991800000,1693056600000,THEFT/LARCENY,PARKING/DROP LOT/GARAGE,N,NONE,19,W,M,35.92191696,-79.05371093,99429,POINT (-79.05371093 35.92191696)
218372,CHPD,B&E    LARCENY F/VEHICLE,512 CHURCH ST,CHAPEL HILL,NC,27516,1698122160000,1698093000000,1698120000000,THEFT/LARCENY,RESIDENCE/HOME,N,NONE,29,B,M,35.91688156,-79.06051635,99430,POINT (-79.06051635 35.91688156)
213244,CHPD,B&E    LARCENY F/VEHICLE,XX,CHAPEL HILL,NC,27514,1686190680000,1686160800000,1686189600000,THEFT/LARCENY,PARKING/DROP LOT/GARAGE,N,,23,W,F,35.92695999,-79.05294036,99434,POINT (-79.05294036 35.92695999)
213248,CHPD,SUSPICIOUS VEHICLE,XX,CHAPEL HILL,NC,27514,1686224640000,1686216600000,1686223800000,MISC OFFICER IN,HIGHWAY/ROAD/ALLEY/STREET/SIDEWALK,,NONE,,W,F,35.92695999,-79.05294036,99439,POINT (-79.05294036 35.92695999)
213850,CHPD,ABANDONED VEHICLE,1 W FRANKLIN ST,CHAPEL HILL,NC,27516,1687861860000,1687689060000,1687861860000,TRAFFIC VIOLATI,HIGHWAY/ROAD/ALLEY/STREET/SIDEWALK,,,,,,35.9232254,-79.0714035,99458,POINT (-79.0714035 35.9232254)
214059,CHPD,B&E    LARCENY F/VEHICLE,612 HILLSBOROUGH ST,CHAPEL HILL,NC,27514,1688383260000,1688353200000,1688382000000,THEFT/LARCENY,PARKING/DROP LOT/GARAGE,N,NONE,32,W,M,35.92428207,-79.05197906,99484,POINT (-79.05197906 35.92428207)
215525,CHPD,TOWED VEHICLE,114 E LONGVIEW ST,CHAPEL HILL,NC,27516,1691568000000,1691567700000,1691567760000,TRAFFIC VIOLATI,HIGHWAY/ROAD/ALLEY/STREET/SIDEWALK,,NONE,,,,35.92008972,-79.05857849,99505,POINT (-79.05857849 35.92008972)
218625,CHPD,LARCENY FROM MOTOR VEHICLE,132 DONEGAL DR,CHAPEL HILL,NC,27517,1698659400000,1698408000000,1698418800000,MISC OFFICER IN,HIGHWAY/ROAD/ALLEY/STREET/SIDEWALK,N,NONE,42,W,M,35.92695999,-79.05294036,99590,POINT (-79.05294036 35.92695999)
213234,CHPD,STOLEN VEHICLE,XX,CHAPEL HILL,NC,27514,1686160500000,1686157200000,1686160500000,THEFT/LARCENY,PARKING/DROP LOT/GARAGE,N,,55,W,F,35.92695999,-79.05294036,99632,POINT (-79.05294036 35.92695999)
214152,CHPD,B&E    LARCENY F/VEHICLE,430 HILLSBOROUGH ST,CHAPEL HILL,NC,27514,1688548500000,1688403600000,1688547600000,THEFT/LARCENY,PARKING/DROP LOT/GARAGE,Y,,38,W,F,35.9207077,-79.05142211,99658,POINT (-79.05142211 35.9207077)
217092,CHPD,DISABLED VEHICLE,798 MARTIN LUTHER KING JR BLVD,CHAPEL HILL,NC,27514,1695239700000,1695239400000,1695239400000,MISC OFFICER IN,HIGHWAY/ROAD/ALLEY/STREET/SIDEWALK,,,33,W,M,35.92512894,-79.05405426,99671,POINT (-79.05405426 35.92512894)
217936,CHPD,B&E    LARCENY F/VEHICLE,1212 HILLVIEW RD,CHAPEL HILL,NC,27514,1697104860000,1696982340000,1697043600000,MISC OFFICER IN,RESIDENCE/HOME,N,NONE,32,W,M,35.92531967,-79.03474426,99675,POINT (-79.03474426 35.92531967)
213159,CHPD,B&E    LARCENY F/VEHICLE,XX,CHAPEL HILL,NC,27514,1685990460000,1685912400000,1685988000000,THEFT/LARCENY,HIGHWAY/ROAD/ALLEY/STREET/SIDEWALK,N,NONE,21,W,M,35.92695999,-79.05294036,99693,POINT (-79.05294036 35.92695999)
218456,CHPD,B&E    LARCENY F/VEHICLE,711 N COLUMBIA ST,CHAPEL HILL,NC,27516,1698316980000,1698145200000,1698238800000,THEFT/LARCENY,RESIDENCE/HOME,N,NONE,20,W,F,35.92098618,-79.05914306,99713,POINT (-79.05914306 35.92098618)
213172,CHPD,VEHICLE LOCKOUT,XX,CHAPEL HILL,NC,27516,1686042600000,1686041700000,1686042120000,PUBLIC SERVICE,PARKING/DROP LOT/GARAGE,N,,38,W,F,35.92695999,-79.05294036,99727,POINT (-79.05294036 35.92695999)
213177,CHPD,B&E    LARCENY F/VEHICLE,XX,CHAPEL HILL,NC,27514,1686044580000,1685988000000,1686042000000,THEFT/LARCENY,PARKING/DROP LOT/GARAGE,N,NONE,32,W,F,35.92695999,-79.05294036,99733,POINT (-79.05294036 35.92695999)
217149,CHPD,B&E    LARCENY F/VEHICLE,211 CHURCH ST,CHAPEL HILL,NC,27516,1695373440000,1695250800000,1695321000000,MISC OFFICER IN,PARKING/DROP LOT/GARAGE,,NONE,21,W,F,35.91346359,-79.05948638,99757,POINT (-79.05948638 35.91346359)
215555,CHPD,B&E    LARCENY F/VEHICLE,103 LANCASTER DR,CHAPEL HILL,NC,27517,1691610180000,1691602500000,1691610180000,THEFT/LARCENY,OTHER/UNKNOWN,Y,NONE,61,W,F,35.92127228,-79.00852966,99789,POINT (-79.00852966 35.92127228)
216704,CHPD,B&E    LARCENY F/VEHICLE,103 LANCASTER DR,CHAPEL HILL,NC,27517,1694348820000,1694346000000,1694348820000,THEFT/LARCENY,PARKING/DROP LOT/GARAGE,Y,BLUNT OBJECT,31,W,F,35.92127228,-79.00852966,99794,POINT (-79.00852966 35.92127228)
216841,CHPD,B&E    LARCENY F/VEHICLE,807 N COLUMBIA ST,CHAPEL HILL,NC,27516,1694703420000,1694629800000,1694700000000,THEFT/LARCENY,RESIDENCE/HOME,N,NONE,24,W,F,35.92156601,-79.05825042,99844,POINT (-79.05825042 35.92156601)
216278,CHPD,LARCENY FROM MOTOR VEHICLE,700 BOLINWOOD DR,CHAPEL HILL,NC,27514,1693293900000,1693162800000,1693292400000,THEFT/LARCENY,HIGHWAY/ROAD/ALLEY/STREET/SIDEWALK,N,NONE,,B,F,35.92541885,-79.04929351,99847,POINT (-79.04929351 35.92541885)
213818,CHPD,B&E    LARCENY F/VEHICLE,512 LONG LEAF DR,CHAPEL HILL,NC,27517,1687802760000,1687798200000,1687801800000,THEFT/LARCENY,PARKING/DROP LOT/GARAGE,Y,UNKNOWN,41,W,F,35.9263916,-79.01991271,99861,POINT (-79.01991271 35.9263916)
213823,CHPD,LARCENY FROM MOTOR VEHICLE,512 LONG LEAF DR,CHAPEL HILL,NC,27517,1687807980000,1687797000000,1687806000000,THEFT/LARCENY,PARKING/DROP LOT/GARAGE,N,,39,W,F,35.9263916,-79.01991271,99862,POINT (-79.01991271 35.9263916)
217307,CHPD,LARCENY FROM MOTOR VEHICLE,403 W ROSEMARY ST,CHAPEL HILL,NC,27516,1695723840000,1695601800000,1695723840000,MISC OFFICER IN,PARKING/DROP LOT/GARAGE,,NONE,33,B,M,35.92695999,-79.05294036,99883,POINT (-79.05294036 35.92695999)
217456,CHPD,VEHICLE LOCKOUT,126 W FRANKLIN ST,CHAPEL HILL,NC,27516,1696010280000,1696009680000,1696010280000,PUBLIC SERVICE,HIGHWAY/ROAD/ALLEY/STREET/SIDEWALK,,,62,W,F,35.91303635,-79.05731201,99897,POINT (-79.05731201 35.91303635)
214314,CHPD,B&E    LARCENY F/VEHICLE,700 BOLINWOOD DR,CHAPEL HILL,NC,27514,1688978460000,1688835600000,1688880000000,MISC OFFICER IN,PARKING/DROP LOT/GARAGE,N,NONE,28,A,F,35.92462158,-79.04941558,99898,POINT (-79.04941558 35.92462158)
214188,CHPD,B&E    LARCENY F/VEHICLE,425 HILLSBOROUGH ST,CHAPEL HILL,NC,27514,1688615760000,1688615760000,1688615760000,THEFT/LARCENY,PARKING/DROP LOT/GARAGE,Y,HANDGUN,22,W,F,35.9203949,-79.05229187,99918,POINT (-79.05229187 35.9203949)
213118,CHPD,RECOVERED STOLEN VEHICLE,XX,CHAPEL HILL,NC,27517,1685896620000,1685896620000,1685896620000,TRAFFIC VIOLATI,HIGHWAY/ROAD/ALLEY/STREET/SIDEWALK,,NONE,66,W,M,35.92695999,-79.05294036,99919,POINT (-79.05294036 35.92695999)
214028,CHPD,B&E    LARCENY F/VEHICLE,710 N COLUMBIA ST,CHAPEL HILL,NC,27516,1688254200000,1688250600000,1688254200000,THEFT/LARCENY,HIGHWAY/ROAD/ALLEY/STREET/SIDEWALK,N,,56,W,F,35.92041016,-79.0593338,99941,POINT (-79.0593338 35.92041016)
213883,CHPD,B&E    LARCENY F/VEHICLE,411 FLEMINGTON RD,CHAPEL HILL,NC,27517,1687913460000,1687912200000,1687913460000,SUSPICIOUS/WANT,RESIDENCE/HOME,N,NONE,,,,35.91460037,-79.02527618,99943,POINT (-79.02527618 35.91460037)
216658,CHPD,ASSIST CARRBORO PD,400 SHELTON ST,CARRBORO,NC,27510,1694220900000,1694220060000,1694220900000,ALARMS,SCHOOL/COLLEGE (USE 52 OR 53),,,,,,35.91476822,-79.07836914,99970,POINT (-79.07836914 35.91476822)
216805,CHPD,B&E VEHICLE,304 PRITCHARD AVE,CHAPEL HILL,NC,27516,1694624760000,1694553600000,1694624760000,THEFT/LARCENY,HIGHWAY/ROAD/ALLEY/STREET/SIDEWALK,N,,21,W,F,35.91482544,-79.05797576,99974,POINT (-79.05797576 35.91482544)
218572,CHPD,FICT/ALT TITLE/REG CARD/TAG,166 E ROSEMARY ST,CHAPEL HILL,NC,27514,1698542040000,1698542040000,1698542040000,TRAFFIC STOP,HIGHWAY/ROAD/ALLEY/STREET/SIDEWALK,,,,,,35.91525269,-79.05339813,99983,POINT (-79.05339813 35.91525269)
213986,CHPD,B&E    LARCENY F/VEHICLE,1046 BURNING TREE DR,CHAPEL HILL,NC,27517,1688158560000,1688034600000,1688042400000,THEFT/LARCENY,HIGHWAY/ROAD/ALLEY/STREET/SIDEWALK,Y,,37,W,M,35.91531372,-79.01688385,99989,POINT (-79.01688385 35.91531372)
217089,CHPD,B&E    LARCENY F/VEHICLE,219 E FRANKLIN ST,CHAPEL HILL,NC,27514,1695225600000,1695185880000,1695211200000,MISC OFFICER IN,PARKING/DROP LOT/GARAGE,N,NONE,20,W,F,35.91532516,-79.05187225,99991,POINT (-79.05187225 35.91532516)
217276,CHPD,B&E    LARCENY F/VEHICLE,229 E FRANKLIN ST,CHAPEL HILL,NC,27514,1695654660000,1695580200000,1695647820000,MISC OFFICER IN,RESIDENCE/HOME,,NONE,20,W,M,35.91539383,-79.05102539,99994,POINT (-79.05102539 35.91539383)
215550,CHPD,B&E    LARCENY F/VEHICLE,130 CARR ST,CHAPEL HILL,NC,27516,1691600640000,1690499400000,1691600640000,THEFT/LARCENY,RESIDENCE/HOME,,,39,W,F,35.91556549,-79.05853271,99997,POINT (-79.05853271 35.91556549)
213296,CHPD,B&E VEHICLE,5639 OLD CHAPEL HILL RD,DURHAM,NC,27707,1686315900000,1686256200000,1686315900000,THEFT/LARCENY,HIGHWAY/ROAD/ALLEY/STREET/SIDEWALK,N,,35,B,M,35.9431572,-79.00203704,100027,POINT (-79.00203704 35.9431572)
213915,CHPD,B&E    LARCENY F/VEHICLE,101 ERWIN RD,CHAPEL HILL,NC,27514,1688024940000,1688023800000,1688024940000,THEFT/LARCENY,PARKING/DROP LOT/GARAGE,Y,UNKNOWN,30,W,M,35.94341278,-79.01961517,100045,POINT (-79.01961517 35.94341278)
213505,CHPD,LARCENY FROM MOTOR VEHICLE,1310 EPHESUS CHURCH RD,CHAPEL HILL,NC,27517,1686911100000,1686885900000,1686911100000,THEFT/LARCENY,HIGHWAY/ROAD/ALLEY/STREET/SIDEWALK,Y,,29,W,F,35.93381882,-79.01953887,100046,POINT (-79.01953887 35.93381882)
218155,CHPD,B&E    LARCENY F/VEHICLE,101 ERWIN RD,CHAPEL HILL,NC,27514,1697612100000,1697587200000,1697612100000,THEFT/LARCENY,HOTEL/MOTEL/ETC.,,NONE,21,W,M,35.94341278,-79.01961517,100047,POINT (-79.01961517 35.94341278)
213841,CHPD,LARCENY FROM MOTOR VEHICLE,103 COOPER GLEN PL,CHAPEL HILL,NC,27517,1687853640000,1687806000000,1687853640000,THEFT/LARCENY,PARKING/DROP LOT/GARAGE,,,,A,F,35.94341278,-79.00836944,100052,POINT (-79.00836944 35.94341278)
213903,CHPD,VEHICLE LOCK OUT,201 S ELLIOTT RD,CHAPEL HILL,NC,27514,1687973100000,1687972800000,1687973100000,PUBLIC SERVICE,HIGHWAY/ROAD/ALLEY/STREET/SIDEWALK,Y,NONE,,W,M,35.93328094,-79.02681732,100120,POINT (-79.02681732 35.93328094)
214194,CHPD,B&E    LARCENY F/VEHICLE,201 S ELLIOTT RD,CHAPEL HILL,NC,27514,1688616840000,1688616840000,1688616840000,THEFT/LARCENY,PARKING/DROP LOT/GARAGE,N,UNKNOWN,30,W,M,35.93328094,-79.02681732,100128,POINT (-79.02681732 35.93328094)
217365,CHPD,LARCENY OF CAR KEYS,102 JACKIE ROBINSON ST,CHAPEL HILL,NC,27517,1695823440000,1695823140000,1695823440000,DISTURBANCE/NUI,RESIDENCE/HOME,,NONE,,B,F,35.94029617,-79.01490783,100133,POINT (-79.01490783 35.94029617)
214454,CHPD,B&E    LARCENY F/VEHICLE,1501 EPHESUS CHURCH RD,CHAPEL HILL,NC,27517,1689241380000,1689181200000,1689190200000,MISC OFFICER IN,PARKING/DROP LOT/GARAGE,Y,NONE,30,W,F,35.93371201,-79.01480865,100145,POINT (-79.01480865 35.93371201)
213584,CHPD,LARCENY FROM MOTOR VEHICLE,1213 MARTIN LUTHER KING JR BLVD,CHAPEL HILL,NC,27514,1687129980000,1687126500000,1687129980000,THEFT/LARCENY,CONVENIENCE STORE,N,NONE,42,W,M,35.94773865,-79.0592575,100181,POINT (-79.0592575 35.94773865)
213687,CHPD,CARRYING CONCEALED WEAPON,1213 MARTIN LUTHER KING JR BLVD,CHAPEL HILL,NC,27516,1687496700000,1687496400000,1687496700000,TRAFFIC STOP,HIGHWAY/ROAD/ALLEY/STREET/SIDEWALK,,HANDGUN,,,,35.94773865,-79.0592575,100182,POINT (-79.0592575 35.94773865)
218064,CHPD,LARCENY FROM MOTOR VEHICLE,1213 MARTIN LUTHER KING JR BLVD,CHAPEL HILL,NC,27516,1697417340000,1697414400000,1697417340000,THEFT/LARCENY,SERVICE/GAS STATION,N,,,,,35.94773865,-79.0592575,100201,POINT (-79.0592575 35.94773865)
216781,CHPD,LARCENY FROM MOTOR VEHICLE,1801 FORDHAM BLVD,CHAPEL HILL,NC,27514,1694545320000,1694543400000,1694545320000,THEFT/LARCENY,DEPARTMENT DISCOUNT STORE,N,,40,W,M,35.94783401,-79.01280975,100214,POINT (-79.01280975 35.94783401)
213623,CHPD,CARDIAC ARREST,9217 SEAWELL SCHOOL RD,CHAPEL HILL,NC,27516,1687288260000,1687287600000,1687287900000,CARDIAC RESP AR,HIGHWAY/ROAD/ALLEY/STREET/SIDEWALK,N,,,B,F,35.94621277,-79.07842254,100216,POINT (-79.07842254 35.94621277)
214584,CHPD,ABANDONED VEHICLE,1301 FORDHAM BLVD,CHAPEL HILL,NC,27517,1689535500000,1689535500000,1689535500000,TRAFFIC VIOLATI,HIGHWAY/ROAD/ALLEY/STREET/SIDEWALK,N,NONE,,,,35.93632126,-79.02341461,100217,POINT (-79.02341461 35.93632126)
217659,CHPD,DISABLED VEHICLE,1801 FORDHAM BLVD,CHAPEL HILL,NC,27514,1696453920000,1696453500000,1696453920000,TRAFFIC VIOLATI,HIGHWAY/ROAD/ALLEY/STREET/SIDEWALK,,NONE,19,W,M,35.94474411,-79.01260375,100236,POINT (-79.01260375 35.94474411)
214491,CHPD,B&E    LARCENY F/VEHICLE,114 SHADOWOOD DR,CHAPEL HILL,NC,27514,1689325320000,1689199200000,1689278400000,MISC OFFICER IN,PARKING/DROP LOT/GARAGE,N,NONE,27,B,F,35.93904495,-79.0543518,100241,POINT (-79.0543518 35.93904495)
215849,CHPD,B&E    LARCENY F/VEHICLE,5639 OLD CHAPEL HILL RD,DURHAM,NC,27707,1692320280000,1692319980000,1692320220000,SUSPICIOUS/WANT,PARKING/DROP LOT/GARAGE,Y,UNKNOWN,32,B,F,35.94164276,-79.01579284,100271,POINT (-79.01579284 35.94164276)
216737,CHPD,B&E    LARCENY F/VEHICLE,207 MELVILLE LOOP,CHAPEL HILL,NC,27514,1694455500000,1694426400000,1694455500000,THEFT/LARCENY,RESIDENCE/HOME,,,24,W,M,35.94675827,-79.01636505,100276,POINT (-79.01636505 35.94675827)
216961,CHPD,B&E    LARCENY F/VEHICLE,110 PINEY MOUNTAIN RD,CHAPEL HILL,NC,27514,1695012240000,1694961000000,1695011700000,THEFT/LARCENY,HIGHWAY/ROAD/ALLEY/STREET/SIDEWALK,Y,,37,B,M,35.94687271,-79.01525878,100287,POINT (-79.01525878 35.94687271)
216497,CHPD,B&E    LARCENY F/VEHICLE,103 DICKENS CT,CHAPEL HILL,NC,27514,1693826400000,1693783200000,1693826400000,THEFT/LARCENY,RESIDENCE/HOME,N,,34,W,F,35.94689178,-79.01440429,100293,POINT (-79.01440429 35.94689178)
216965,CHPD,B&E    LARCENY F/VEHICLE,245 BUTLER CT,CHAPEL HILL,NC,27514,1695024120000,1694908800000,1695024120000,THEFT/LARCENY,RESIDENCE/HOME,,,,B,F,35.94148636,-79.02464294,100296,POINT (-79.02464294 35.94148636)
215699,CHPD,B&E    LARCENY F/VEHICLE,108 EPHESUS CHURCH RD,CHAPEL HILL,NC,27517,1692002880000,1691958600000,1691989200000,THEFT/LARCENY,PARKING/DROP LOT/GARAGE,Y,,63,W,M,35.93416977,-79.02054595,100297,POINT (-79.02054595 35.93416977)
214229,CHPD,LARCENY FROM MOTOR VEHICLE,300 FORMOSA LN,CHAPEL HILL,NC,27517,1688693580000,1688130000000,1688691900000,THEFT/LARCENY,HIGHWAY/ROAD/ALLEY/STREET/SIDEWALK,,NONE,53,U,F,35.94177246,-79.01569366,100298,POINT (-79.01569366 35.94177246)
216611,CHPD,B&E    LARCENY F/VEHICLE,1830 FORDHAM BLVD,CHAPEL HILL,NC,27517,1694104500000,1694102400000,1694104500000,THEFT/LARCENY,PARKING/DROP LOT/GARAGE,Y,UNKNOWN,36,W,M,35.94568634,-79.00611877,100299,POINT (-79.00611877 35.94568634)
216969,CHPD,B&E    LARCENY F/VEHICLE,341 COBBLESTONE CT,CHAPEL HILL,NC,27514,1695028260000,1694991600000,1695028260000,THEFT/LARCENY,RESIDENCE/HOME,,,,W,M,35.94158936,-79.02290344,100359,POINT (-79.02290344 35.94158936)
214845,CHPD,VEHICLE LOCKOUT,201 S ESTES DR,CHAPEL HILL,NC,27514,1690112640000,1690112400000,1690112640000,PUBLIC SERVICE,SERVICE/GAS STATION,N,NONE,26,W,F,35.92782211,-79.02703857,100361,POINT (-79.02703857 35.92782211)
218498,CHPD,B&E    LARCENY F/VEHICLE,715 PRITCHARD AVE X,CHAPEL HILL,NC,27514,1698402000000,1698343200000,1698386400000,THEFT/LARCENY,RESIDENCE/HOME,N,,41,W,F,35.94421768,-79.03813171,100374,POINT (-79.03813171 35.94421768)
214225,CHPD,B&E    LARCENY F/VEHICLE,2000 NOVUS LN,CHAPEL HILL,NC,27517,1688680020000,1688679600000,1688680020000,THEFT/LARCENY,PARKING/DROP LOT/GARAGE,,NONE,22,A,F,35.93800354,-79.0194168,100376,POINT (-79.0194168 35.93800354)
214234,CHPD,LARCENY FROM MOTOR VEHICLE,2000 NOVUS LN,CHAPEL HILL,NC,27517,1688713020000,1688668200000,1688713020000,THEFT/LARCENY,PARKING/DROP LOT/GARAGE,,NONE,23,B,M,35.93800354,-79.0194168,100378,POINT (-79.0194168 35.93800354)
213762,CHPD,B&E    LARCENY F/VEHICLE,1000 NOVUS LN,CHAPEL HILL,NC,27517,1687687200000,1687669200000,1687687200000,THEFT/LARCENY,PARKING/DROP LOT/GARAGE,,,68,W,M,35.93875122,-79.02085876,100396,POINT (-79.02085876 35.93875122)
217127,CHPD,THEFT OF GOLF CART,1000 NOVUS LN,CHAPEL HILL,NC,27517,1695315000000,1695292200000,1695301200000,THEFT/LARCENY,RESIDENCE/HOME,,NONE,,,,35.93875122,-79.02085876,100399,POINT (-79.02085876 35.93875122)
214460,CHPD,B&E    LARCENY F/VEHICLE,116 SHADOWOOD DR,CHAPEL HILL,NC,27514,1689248880000,1689188400000,1689247800000,THEFT/LARCENY,PARKING/DROP LOT/GARAGE,N,NONE,24,B,M,35.93938065,-79.05457305,100408,POINT (-79.05457305 35.93938065)
214888,CHPD,B&E VEHICLE,100 SCARLETT DR,CHAPEL HILL,NC,27517,1690203720000,1690200900000,1690203600000,THEFT/LARCENY,HIGHWAY/ROAD/ALLEY/STREET/SIDEWALK,N,,,W,M,35.94389725,-79.01256561,100449,POINT (-79.01256561 35.94389725)
216991,CHPD,SUSPICIOUS VEHICLE,201 S ESTES DR,CHAPEL HILL,NC,27514,1695054420000,1695053880000,1695054420000,SUSPICIOUS/WANT,HIGHWAY/ROAD/ALLEY/STREET/SIDEWALK,,NONE,37,W,M,35.92782211,-79.02703857,100507,POINT (-79.02703857 35.92782211)
218216,CHPD,LARCENY FROM MOTOR VEHICLE,201 S ESTES DR,CHAPEL HILL,NC,27514,1697721780000,1697721600000,1697721780000,THEFT/LARCENY,PARKING/DROP LOT/GARAGE,N,,,,,35.92782211,-79.02703857,100510,POINT (-79.02703857 35.92782211)
215832,CHPD,USING FRAUDULENT ID CARD,1724 FORDHAM BLVD,CHAPEL HILL,NC,27517,1692287940000,1692287700000,1692287940000,FRAUD OR DECEPT,LIQUOR STORE,N,NONE,,,,35.93714905,-79.02182006,100599,POINT (-79.02182006 35.93714905)
217658,CHPD,ASSIST CARRBORO PD,400 FORMOSA LN,CHAPEL HILL,NC,27517,1696447500000,1696446900000,1696447500000,DOMESTIC DISTUR,RESIDENCE/HOME,,,33,B,F,35.94195557,-79.01535034,100641,POINT (-79.01535034 35.94195557)
214983,CHPD,DEBIT CARD FRAUD,300 MCGREGOR DR,CHAPEL HILL,NC,27514,1690375800000,1690279200000,1690279200000,MISC OFFICER IN,CYBERSPACE,,NONE,58,B,F,35.94562531,-79.01834869,100683,POINT (-79.01834869 35.94562531)
215557,CHPD,B&E    LARCENY F/VEHICLE,1712 WILLOW DR,CHAPEL HILL,NC,27514,1691615880000,1691610900000,1691615820000,THEFT/LARCENY,PARKING/DROP LOT/GARAGE,Y,NONE,59,W,M,35.9291954,-79.02518463,100723,POINT (-79.02518463 35.9291954)
217984,CHPD,B&E    LARCENY F/VEHICLE,1712 WILLOW DR,CHAPEL HILL,NC,27514,1697213700000,1697137200000,1697149800000,THEFT/LARCENY,PARKING/DROP LOT/GARAGE,N,NONE,50,W,F,35.9291954,-79.02518463,100725,POINT (-79.02518463 35.9291954)
218559,CHPD,B&E    LARCENY F/VEHICLE,1712 WILLOW DR,CHAPEL HILL,NC,27514,1698527040000,1698515100000,1698526980000,THEFT/LARCENY,PARKING/DROP LOT/GARAGE,N,NONE,44,W,F,35.9291954,-79.02518463,100726,POINT (-79.02518463 35.9291954)
214438,CHPD,LARCENY FROM MOTOR VEHICLE,101 LIBRARY DR,CHAPEL HILL,NC,27514,1689183300000,1689174300000,1689183300000,THEFT/LARCENY,PARKING/DROP LOT/GARAGE,,,19,W,F,35.93220139,-79.03573608,100785,POINT (-79.03573608 35.93220139)
213454,CHPD,B&E    LARCENY F/VEHICLE,223 S ELLIOTT RD,CHAPEL HILL,NC,27514,1686734520000,1686730500000,1686734100000,THEFT/LARCENY,PARKING/DROP LOT/GARAGE,Y,BLUNT OBJECT,52,W,F,35.93289185,-79.02721405,100794,POINT (-79.02721405 35.93289185)
217835,CHPD,B&E    LARCENY F/VEHICLE,1812 OLD OXFORD RD,CHAPEL HILL,NC,27514,1696863000000,1695714360000,1696845600000,THEFT/LARCENY,RESIDENCE/HOME,,NONE,70,W,M,35.94099426,-79.02820587,100833,POINT (-79.02820587 35.94099426)
213413,CHPD,VEHICLE LOCK OUT,1114 S COLUMBIA ST,CHAPEL HILL,NC,27517,1686653280000,1686652800000,1686653280000,PUBLIC SERVICE,,,,,,,35.94126892,-79.00600433,100839,POINT (-79.00600433 35.94126892)
217925,CHPD,VEHICLE UNLOCK,825 N ESTES DR,CHAPEL HILL,NC,27514,1697052120000,1697052120000,1697052120000,PUBLIC SERVICE,HIGHWAY/ROAD/ALLEY/STREET/SIDEWALK,,NONE,29,B,F,35.93479919,-79.05329895,100849,POINT (-79.05329895 35.93479919)
214465,CHPD,LARCENY FROM MOTOR VEHICLE,106 MISTY WOODS CIR,CHAPEL HILL,NC,27514,1689258120000,1689192000000,1689227100000,THEFT/LARCENY,RESIDENCE/HOME,N,NONE,44,B,F,35.93525314,-79.02589416,100888,POINT (-79.02589416 35.93525314)
213283,CHPD,B&E    LARCENY F/VEHICLE,5639 OLD CHAPEL HILL RD,DURHAM,NC,27707,1686298620000,1686254400000,1686297600000,THEFT/LARCENY,PARKING/DROP LOT/GARAGE,Y,UNKNOWN,29,B,F,35.94303513,-79.00243377,100939,POINT (-79.00243377 35.94303513)
213373,CHPD,B&E    LARCENY F/VEHICLE,5639 OLD CHAPEL HILL RD,DURHAM,NC,27707,1686556680000,1686520800000,1686555900000,THEFT/LARCENY,PARKING/DROP LOT/GARAGE,Y,NONE,21,B,F,35.94303513,-79.00243377,100942,POINT (-79.00243377 35.94303513)
216962,CHPD,B&E    LARCENY F/VEHICLE,5639 OLD CHAPEL HILL RD,DURHAM,NC,27707,1695013380000,1694988000000,1695011400000,THEFT/LARCENY,PARKING/DROP LOT/GARAGE,Y,UNKNOWN,61,B,M,35.94303513,-79.00243377,100945,POINT (-79.00243377 35.94303513)
216039,CHPD,VEHICLE FIRE,WESTMINSTER DR@MARTIN LUTHER KING JR BLV,CHAPEL HILL,NC,27514,1692726540000,1692726540000,1692726540000,VEHICLE FIRE,HIGHWAY/ROAD/ALLEY/STREET/SIDEWALK,,,19,W,F,35.96120834,-79.05744934,101012,POINT (-79.05744934 35.96120834)
213294,CHPD,B&E    LARCENY F/VEHICLE,425 HILLSBOROUGH ST,CHAPEL HILL,NC,27514,1686316620000,1686247200000,1686312000000,MISC OFFICER IN,PARKING/DROP LOT/GARAGE,N,NONE,56,W,M,-79.052282,35.920337,101013,POINT (35.920337 -79.052282)
216455,CHPD,LARCENY FROM MOTOR VEHICLE,1129 WEAVER DAIRY RD,CHAPEL HILL,NC,27514,1693727160000,1693724400000,1693725900000,THEFT/LARCENY,PARKING/DROP LOT/GARAGE,Y,,36,W,M,35.96219254,-79.05480194,101024,POINT (-79.05480194 35.96219254)
216780,CHPD,LARCENY FROM MOTOR VEHICLE,1670 MARTIN LUTHER KING JR BLVD,CHAPEL HILL,NC,27514,1694540340000,1694539500000,1694540340000,THEFT/LARCENY,DRUG STORE/DOCTORS OFFICE/HOSPITAL,N,,23,A,M,35.9627533,-79.05716705,101034,POINT (-79.05716705 35.9627533)
215226,CHPD,LARCENY FROM MOTOR VEHICLE,1751 MARTIN LUTHER KING JR BLVD,CHAPEL HILL,NC,27516,1690891080000,1690669800000,1690891080000,THEFT/LARCENY,PARKING/DROP LOT/GARAGE,,,31,U,M,35.96320724,-79.05905151,101044,POINT (-79.05905151 35.96320724)
217096,CHPD,POSSESSING/CONCEALING STOLEN VEHICLE,1000 WEAVER DAIRY RD,CHAPEL HILL,NC,27514,1695253500000,1695253200000,1695253500000,SUSPICIOUS/WANT,PARKING/DROP LOT/GARAGE,N,NONE,41,W,M,35.96437836,-79.05327606,101059,POINT (-79.05327606 35.96437836)
213647,CHPD,B&E    LARCENY F/VEHICLE,101 MELVILLE LOOP,CHAPEL HILL,NC,27514,1687366680000,1687363080000,1687366680000,THEFT/LARCENY,PARKING/DROP LOT/GARAGE,,NONE,41,W,M,35.94836807,-79.0171051,101079,POINT (-79.0171051 35.94836807)
216431,CHPD,SUSPICIOUS VEHICLE,425 LAKESHORE LN,CHAPEL HILL,NC,27514,1693665660000,1693654860000,1693665660000,SUSPICIOUS/WANT,HIGHWAY/ROAD/ALLEY/STREET/SIDEWALK,,,,,,35.94860077,-79.03025054,101084,POINT (-79.03025054 35.94860077)
215679,CHPD,B&E    LARCENY F/VEHICLE,200 SAGE RD,CHAPEL HILL,NC,27514,1691928960000,1691919000000,1691928780000,MISC OFFICER IN,CHURCH/SYNAGOGUE/TEMPLE/MOSQUE,,,36,B,M,35.94894409,-79.01589202,101095,POINT (-79.01589202 35.94894409)
215725,CHPD,LARCENY FROM MOTOR VEHICLE,211 PINEGATE CIR,CHAPEL HILL,NC,27514,1692034320000,1691861520000,1692034320000,THEFT/LARCENY,PARKING/DROP LOT/GARAGE,N,NONE,41,W,M,35.94939804,-79.00962829,101108,POINT (-79.00962829 35.94939804)
218011,CHPD,LARCENY FROM MOTOR VEHICLE,200 WESTMINSTER DR,CHAPEL HILL,NC,27514,1697280780000,1697230800000,1697280780000,THEFT/LARCENY,PARKING/DROP LOT/GARAGE,,NONE,44,W,F,35.96127319,-79.05379486,101136,POINT (-79.05379486 35.96127319)
214239,CHPD,B&E    LARCENY F/VEHICLE,425 HILLSBOROUGH ST,CHAPEL HILL,NC,27514,1688725800000,1688608800000,1688616000000,MISC OFFICER IN,PARKING/DROP LOT/GARAGE,Y,NONE,51,A,M,-79.052282,35.920337,101138,POINT (35.920337 -79.052282)
214149,CHPD,B&E    LARCENY F/VEHICLE,400 EDISTO CT,CHAPEL HILL,NC,27514,1688527680000,1688524500000,1688527500000,THEFT/LARCENY,HIGHWAY/ROAD/ALLEY/STREET/SIDEWALK,N,,62,W,F,35.96162033,-79.05192565,101147,POINT (-79.05192565 35.96162033)
214774,CHPD,VEHICLE LOCKOUT,305 SONOMA WAY,CHAPEL HILL,NC,27516,1689930900000,1689930600000,1689930900000,PUBLIC SERVICE,,,,31,W,M,35.95502472,-79.06963348,101152,POINT (-79.06963348 35.95502472)
217799,CHPD,B&E    LARCENY F/VEHICLE,5623 FORDHAM BLVD,DURHAM,NC,27707,1696749900000,1696648380000,1696747500000,THEFT/LARCENY,PARKING/DROP LOT/GARAGE,,NONE,56,W,M,35.94947052,-79.00027465,101182,POINT (-79.00027465 35.94947052)
215486,CHPD,SUSPICIOUS VEHICLE,415 CLAYTON RD,CHAPEL HILL,NC,27516,1691485380000,1691420400000,1691424000000,MISC OFFICER IN,HIGHWAY/ROAD/ALLEY/STREET/SIDEWALK,<Null>,NONE,<Null>,<Null>,<Null>,-79.041618,35.934678,101202,POINT (35.934678 -79.041618)
216718,CHPD,B&E    LARCENY F/VEHICLE,100 N COLUMBIA ST,CHAPEL HILL,NC,27514,1694430900000,1694174400000,1694381400000,MISC OFFICER IN,OTHER/UNKNOWN,N,NONE,,,,35.95657349,-79.01560211,101205,POINT (-79.01560211 35.95657349)
218236,CHPD,SUSPICIOUS VEHICLE,5623 FORDHAM BLVD,DURHAM,NC,27707,1697757360000,1697757000000,1697757360000,SUSPICIOUS/WANT,HIGHWAY/ROAD/ALLEY/STREET/SIDEWALK,,,35,W,M,35.94947052,-79.00027465,101217,POINT (-79.00027465 35.94947052)
218941,CHPD,B&E    LARCENY F/VEHICLE,614 COSGROVE AVE,CHAPEL HILL,NC,27514,1699347960000,1699012800000,1699185600000,MISC OFFICER IN,PARKING/DROP LOT/GARAGE,N,NONE,27,W,F,-79.0169064,35.94555385,101224,POINT (35.94555385 -79.0169064)
215062,CHPD,B&E    LARCENY F/VEHICLE,500 N ESTES DR,CHAPEL HILL,NC,27514,1690542660000,1690443000000,1690480800000,MISC OFFICER IN,PARKING/DROP LOT/GARAGE,N,NONE,21,B,M,-79.043532,35.936127,101225,POINT (35.936127 -79.043532)
216323,CHPD,B&E    LARCENY F/VEHICLE,502 CHURCH ST,CHAPEL HILL,NC,27516,1693394760000,1693342800000,1693393200000,MISC OFFICER IN,RESIDENCE/HOME,N,NONE,22,W,M,-79.060137,35.916159,101240,POINT (35.916159 -79.060137)
214323,CHPD,B&E    LARCENY F/VEHICLE,517 COSGROVE AVE,CHAPEL HILL,NC,27514,1688993820000,1688767200000,1688814000000,MISC OFFICER IN,PARKING/DROP LOT/GARAGE,N,NONE,25,W,M,-79.016083,35.945156,101249,POINT (35.945156 -79.016083)
217329,CHPD,K9 VEHICLE SNIFF,6850 MILLHOUSE RD,CHAPEL HILL,NC,27516,1695736800000,1695736800000,1695736800000,MISC OFFICER IN,PARKING/DROP LOT/GARAGE,N,<Null>,<Null>,<Null>,<Null>,-79.073349,35.977741,101263,POINT (35.977741 -79.073349)
216615,CHPD,B&E    LARCENY F/VEHICLE,211 EDISTO CT,CHAPEL HILL,NC,27514,1694112180000,1694043000000,1694112180000,THEFT/LARCENY,PARKING/DROP LOT/GARAGE,N,NONE,25,W,F,35.96073151,-79.05161285,101276,POINT (-79.05161285 35.96073151)
216869,CHPD,B&E    LARCENY F/VEHICLE,200 WESTMINSTER DR,CHAPEL HILL,NC,27514,1694777040000,1694772000000,1694777040000,THEFT/LARCENY,PARKING/DROP LOT/GARAGE,N,,51,W,F,35.96081543,-79.05601501,101278,POINT (-79.05601501 35.96081543)
213282,CHPD,B&E    LARCENY F/VEHICLE,118 EDISTO CT,CHAPEL HILL,NC,27514,1686294900000,1686268800000,1686274200000,THEFT/LARCENY,PARKING/DROP LOT/GARAGE,N,HANDGUN,22,B,M,35.96084595,-79.05200195,101279,POINT (-79.05200195 35.96084595)
217195,CHPD,B&E    LARCENY F/VEHICLE,136 EDISTO CT,CHAPEL HILL,NC,27514,1695452040000,1695451200000,1695452040000,THEFT/LARCENY,PARKING/DROP LOT/GARAGE,Y,NONE,38,B,M,35.96084976,-79.05214691,101281,POINT (-79.05214691 35.96084976)
214756,CHPD,B&E    LARCENY F/VEHICLE,200 WESTMINSTER DR,CHAPEL HILL,NC,27514,1689879840000,1689870600000,1689879780000,THEFT/LARCENY,PARKING/DROP LOT/GARAGE,N,NONE,19,W,M,35.96087646,-79.05598449,101282,POINT (-79.05598449 35.96087646)
216857,CHPD,B&E    LARCENY F/VEHICLE,200 WESTMINSTER DR,CHAPEL HILL,NC,27514,1694760960000,1694710800000,1694760960000,THEFT/LARCENY,PARKING/DROP LOT/GARAGE,N,,25,W,F,35.96088409,-79.05598449,101283,POINT (-79.05598449 35.96088409)
214752,CHPD,ATTEMPTED VEHICLE B&E,200 WESTMINSTER DR,CHAPEL HILL,NC,27514,1689874080000,1689873900000,1689874080000,SUSPICIOUS/WANT,PARKING/DROP LOT/GARAGE,,,,,,35.96118164,-79.05478668,101293,POINT (-79.05478668 35.96118164)
215491,CHPD,B&E TO VEHICLE,1701 MARTIN LUTHER KING JR BLVD,CHAPEL HILL,NC,27516,1691491260000,1688202000000,1691491260000,THEFT/LARCENY,PARKING/DROP LOT/GARAGE,N,,23,B,F,35.96211243,-79.05807495,101309,POINT (-79.05807495 35.96211243)
218543,CHPD,TOWED VEHICLE,SAGE RD@FORDHAM BLVD,CHAPEL HILL,NC,27514,1698493620000,1698493620000,1698493620000,TRAFFIC VIOLATI,HIGHWAY/ROAD/ALLEY/STREET/SIDEWALK,<Null>,NONE,38,B,M,-79.01264,35.94481,101336,POINT (35.94481 -79.01264)
216126,CHPD,LARCENY FROM MOTOR VEHICLE,2510 HOMESTEAD RD,CHAPEL HILL,NC,27516,1692897240000,1692893640000,1692897240000,THEFT/LARCENY,RESIDENCE/HOME,N,NONE,67,W,M,-79.063667,35.951561,101357,POINT (35.951561 -79.063667)
214236,CHPD,B&E    LARCENY F/VEHICLE,713 N COLUMBIA ST,CHAPEL HILL,NC,27516,1688720460000,1688675400000,1688718600000,MISC OFFICER IN,RESIDENCE/HOME,N,NONE,48,W,M,-79.058967,35.921016,101363,POINT (35.921016 -79.058967)
218256,CHPD,SUSPICIOUS VEHICLE,401 LENA CIR,CHAPEL HILL,NC,27516,1697813640000,1697734800000,1697734800000,MISC OFFICER IN,HIGHWAY/ROAD/ALLEY/STREET/SIDEWALK,<Null>,NONE,<Null>,W,M,-79.077564,35.950732,101395,POINT (35.950732 -79.077564)
215519,CHPD,VEHICLE LOCKOUT,1860 MARTIN LUTHER KING JR BLVD,CHAPEL HILL,NC,27514,1691566980000,1691566800000,1691566980000,PUBLIC SERVICE,SERVICE/GAS STATION,,,,,,35.96666718,-79.05879974,101430,POINT (-79.05879974 35.96666718)
217062,CHPD,LARCENY FROM MOTOR VEHICLE,200 PERKINS DR,CHAPEL HILL,NC,27514,1695200460000,1695144600000,1695200460000,THEFT/LARCENY,PARKING/DROP LOT/GARAGE,,NONE,66,W,M,35.96694565,-79.05678558,101443,POINT (-79.05678558 35.96694565)
217059,CHPD,LARCENY FROM MOTOR VEHICLE,602 PERKINS DR,CHAPEL HILL,NC,27514,1695195600000,1695146400000,1695195600000,THEFT/LARCENY,PARKING/DROP LOT/GARAGE,,NONE,28,W,F,35.96775055,-79.0566864,101454,POINT (-79.0566864 35.96775055)
217332,CHPD,VEHICLE LOCKOUT,200 WESTMINSTER DR,CHAPEL HILL,NC,27514,1695745920000,1695745500000,1695745500000,PUBLIC SERVICE,PARKING/DROP LOT/GARAGE,N,,,W,M,35.96050262,-79.05381774,101457,POINT (-79.05381774 35.96050262)
213926,CHPD,B&E    LARCENY F/VEHICLE,153 SCHULTZ ST,CHAPEL HILL,NC,27514,1688037900000,1687975200000,1688036400000,MISC OFFICER IN,PARKING/DROP LOT/GARAGE,N,NONE,24,W,F,-79.04788,35.965738,101479,POINT (35.965738 -79.04788)
216244,CHPD,SUSPICIOUS VEHICLE,151 E ROSEMARY ST,CHAPEL HILL,NC,27514,1693216080000,1690977600000,1690977600000,MISC OFFICER IN,HIGHWAY/ROAD/ALLEY/STREET/SIDEWALK,<Null>,NONE,69,W,F,-79.054464,35.915109,101480,POINT (35.915109 -79.054464)
213385,CHPD,CREDIT CARD FRAUD,1800 MARTIN LUTHER KING JR BLVD,CHAPEL HILL,NC,27514,1686571080000,1686398400000,1686398400000,MISC OFFICER IN,GROCERY/SUPERMARKET,<Null>,NONE,43,W,F,-79.058649,35.968234,101500,POINT (35.968234 -79.058649)
215320,CHPD,ABANDONED VEHICLE,200 VILLAGE DR,CHAPEL HILL,NC,27514,1691062500000,1691062500000,1691062500000,MISC OFFICER IN,HIGHWAY/ROAD/ALLEY/STREET/SIDEWALK,N,NONE,<Null>,<Null>,<Null>,-79.06603,35.921991,101523,POINT (35.921991 -79.06603)
214201,CHPD,B&E    LARCENY F/VEHICLE,201 S ELLIOTT RD,CHAPEL HILL,NC,27514,1688655600000,1688580000000,1688655000000,MISC OFFICER IN,PARKING/DROP LOT/GARAGE,Y,NONE,41,A,M,-79.02681,35.93322,101524,POINT (35.93322 -79.02681)
218729,CHPD,ABANDONED VEHICLE,1 VILLAGE DR@FAIROAKS CIR,CHAPEL HILL,NC,27516,1698843120000,1698843120000,1698843120000,MISC OFFICER IN,HIGHWAY/ROAD/ALLEY/STREET/SIDEWALK,,NONE,,,,-79.070738,35.92257599,101538,POINT (35.92257599 -79.070738)
214566,CHPD,LARCENY FROM MOTOR VEHICLE,100 E FRANKLIN ST,CHAPEL HILL,NC,27516,1689464160000,1689462000000,1689464160000,THEFT/LARCENY,PARKING/DROP LOT/GARAGE,,NONE,50,W,M,35.95592117,-79.06490325,101546,POINT (-79.06490325 35.95592117)
218742,CHPD,VEHICLE LOCKOUT,325 W ROSEMARY ST,CHAPEL HILL,NC,27516,1698860400000,1698860220000,1698860220000,PUBLIC SERVICE,CONVENIENCE STORE,N,,21,B,M,-79.06052851,35.91209434,101547,POINT (35.91209434 -79.06052851)
218747,CHPD,TOWED VEHICLE,116 W BARBEE CHAPEL RD,CHAPEL HILL,NC,27517,1698859140000,1698782400000,1698859140000,THEFT/LARCENY,HIGHWAY/ROAD/ALLEY/STREET/SIDEWALK,N,,,,,-79.01089876,35.9064855,101550,POINT (35.9064855 -79.01089876)
218754,CHPD,SUSPICIOUS VEHICLE,112 PICKARD LN@E ROSEMARY ST,CHAPEL HILL,NC,27514,1698878460000,1698878460000,1698878460000,SUSPICIOUS/WANT,,,,,,,-79.05117598,35.91600198,101554,POINT (35.91600198 -79.05117598)
218757,CHPD,SUSPICIOUS VEHICLE,130 S ESTES DR,CHAPEL HILL,NC,27514,1698899520000,1698898800000,1698898800000,TRAFFIC VIOLATI,PARKING/DROP LOT/GARAGE,,,,,,-79.03079354,35.92685663,101557,POINT (35.92685663 -79.03079354)
213749,CHPD,ASSIST CARRBORO,W FRANKLIN ST @ N MERRITT MILL RD,CHAPEL HILL,NC,27516,1687639500000,1687639380000,1687639440000,DISTURBANCE/NUI,HIGHWAY/ROAD/ALLEY/STREET/SIDEWALK,<Null>,NONE,41,B,F,-79.06506,35.90967,101609,POINT (35.90967 -79.06506)
216782,CHPD,LARCENY FROM MOTOR VEHICLE,WILLOW DR @ S ESTES DR,CHAPEL HILL,NC,27514,1694541060000,1694540700000,1694541060000,THEFT/LARCENY,HIGHWAY/ROAD/ALLEY/STREET/SIDEWALK,N,NONE,48,W,M,-79.03022,35.92758,101610,POINT (35.92758 -79.03022)
216314,CHPD,B&E    LARCENY F/VEHICLE,105 STEPHENS ST,CHAPEL HILL,NC,27516,1693389480000,1693339200000,1693381800000,MISC OFFICER IN,HIGHWAY/ROAD/ALLEY/STREET/SIDEWALK,N,NONE,19,W,M,-79.057693,35.9173,101622,POINT (35.9173 -79.057693)
214772,CHPD,SUSPICIOUS VEHICLE,106 BUTTERFIELD CT,CHAPEL HILL,NC,27516,1689930000000,1688180400000,1689915600000,MISC OFFICER IN,HIGHWAY/ROAD/ALLEY/STREET/SIDEWALK,<Null>,NONE,<Null>,<Null>,<Null>,-79.068718,35.964509,101626,POINT (35.964509 -79.068718)
213865,CHPD,B&E    LARCENY F/VEHICLE,106 PUREFOY RD,CHAPEL HILL,NC,27514,1687872540000,1687849200000,1687872300000,THEFT/LARCENY,PARKING/DROP LOT/GARAGE,Y,<Null>,33,W,M,-79.051893,35.898444,101628,POINT (35.898444 -79.051893)
218653,CHPD,CREDIT CARD/ATM FRAUD,ASHLEY FOREST RD@MARTIN LUTHER KING JR BLVD,CHAPEL HILL,NC,27514,1698692640000,1696161600000,1698692640000,THEFT/LARCENY,OTHER/UNKNOWN,<Null>,<Null>,49,B,F,-79.05794,35.94418,101629,POINT (35.94418 -79.05794)
216014,CHPD,ABANDON VEHICLE,CHANNING LN AND CULBRETH,CHAPEL HILL,NC,27514,1692702720000,1692702720000,1692702720000,TRAFFIC VIOLATI,HIGHWAY/ROAD/ALLEY/STREET/SIDEWALK,<Null>,<Null>,<Null>,<Null>,<Null>,-79.06213,35.89246,101639,POINT (35.89246 -79.06213)
218082,CHPD,B&E    LARCENY F/VEHICLE,1081 NC 54,CHAPEL HILL,NC,27514,1697458740000,1697453400000,1697455800000,MISC OFFICER IN,PARKING/DROP LOT/GARAGE,N,NONE,43,W,M,-79.064665,35.896297,101648,POINT (35.896297 -79.064665)
214499,CHPD,B&E    LARCENY F/VEHICLE,116 ISLEY ST,CHAPEL HILL,NC,27516,1689333780000,1689297600000,1689330600000,MISC OFFICER IN,RESIDENCE/HOME,N,NONE,20,W,F,-79.057531,35.918913,101673,POINT (35.918913 -79.057531)
218537,CHPD,LARCENY FROM MOTOR VEHICLE,5623 FORDHAM BLVD,CHAPEL HILL,NC,27514,1698484980000,1698454800000,1698484980000,THEFT/LARCENY,PARKING/DROP LOT/GARAGE,,NONE,42,W,M,35.9498024,-79.00169372,101684,POINT (-79.00169372 35.9498024)
215942,CHPD,LOST VEHICLE,1001 N COLUMBIA ST@E ROSEMARY ST,CHAPEL HILL,NC,27517,1692567540000,1692435600000,1692446400000,MISC OFFICER IN,HIGHWAY/ROAD/ALLEY/STREET/SIDEWALK,<Null>,<Null>,<Null>,<Null>,<Null>,-79.05629,35.91407,101686,POINT (35.91407 -79.05629)
218660,CHPD,ABANDONED VEHICLE,1002 HIGHLAND WOODS RD,CHAPEL HILL,NC,27517,1698707640000,1698685200000,1698707640000,SUSPICIOUS/WANT,HIGHWAY/ROAD/ALLEY/STREET/SIDEWALK,<Null>,<Null>,<Null>,<Null>,<Null>,-79.030397,35.902249,101694,POINT (35.902249 -79.030397)
215194,CHPD,B&E    LARCENY F/VEHICLE,206 PRESQUE ISLE LN,CHAPEL HILL,NC,27514,1690808880000,1690776000000,1690801200000,THEFT/LARCENY,PARKING/DROP LOT/GARAGE,Y,UNKNOWN,43,W,M,35.95026779,-79.01631164,101712,POINT (-79.01631164 35.95026779)
217007,CHPD,LARCENY FROM MOTOR VEHICLE,934 PROVIDENCE GLEN DR,CHAPEL HILL,NC,27514,1695113580000,1695067200000,1695112200000,THEFT/LARCENY,PARKING/DROP LOT/GARAGE,,NONE,50,W,F,35.95027542,-79.00967407,101715,POINT (-79.00967407 35.95027542)
215445,CHPD,ABANDONED VEHICLE,FORDHAM BLVD@S COLUMBIA ST,CHAPEL HILL,NC,27517,1691406480000,1691406480000,1691406480000,MISC OFFICER IN,HIGHWAY/ROAD/ALLEY/STREET/SIDEWALK,<Null>,<Null>,<Null>,<Null>,<Null>,-79.05747,35.89351,101753,POINT (35.89351 -79.05747)
218078,CHPD,LARCENY OF DEBIT CARDS,9217 SEAWELL SCHOOL RD,CHAPEL HILL,NC,27516,1697457000000,1696592400000,1696626000000,MISC OFFICER IN,SCHOOL-ELEMENTARY/SECONDARY,<Null>,NONE,<Null>,W,M,-79.078407,35.946151,101758,POINT (35.946151 -79.078407)
214722,CHPD,ABANDONED VEHICLE,FORDHAM LAKEVIEW INTERSECTION,CHAPEL HILL,NC,27514,1689813900000,1689724800000,1689813900000,SUSPICIOUS/WANT,HIGHWAY/ROAD/ALLEY/STREET/SIDEWALK,<Null>,<Null>,<Null>,<Null>,<Null>,-79.019733,35.941604,101764,POINT (35.941604 -79.019733)
217094,CHPD,SUSPICIOUS VEHICLE,MARTIN LUTHER KING JR BLVD,CHAPEL HILL,NC,27516,1695241860000,1695241200000,1695241860000,SUSPICIOUS/WANT,RESIDENCE/HOME,<Null>,<Null>,24,W,F,-79.061308,35.969332,101767,POINT (35.969332 -79.061308)
214440,CHPD,B&E    LARCENY F/VEHICLE,1129 WEAVER DAIRY RD,CHAPEL HILL,NC,27514,1689186420000,1689159600000,1689165000000,THEFT/LARCENY,PARKING/DROP LOT/GARAGE,N,NONE,79,W,M,35.96219254,-79.05480194,101785,POINT (-79.05480194 35.96219254)
215769,CHPD,VEHICLE LOCK OUT,501 WEAVER DAIRY RD,CHAPEL HILL,NC,27514,1692185220000,1692185100000,1692185220000,PUBLIC SERVICE,PARKING/DROP LOT/GARAGE,,,,,,35.96002579,-79.03352355,101790,POINT (-79.03352355 35.96002579)
213487,CHPD,CARDIAC ARREST,205 GLENHILL LN,CHAPEL HILL,NC,27514,1686849720000,1686849720000,1686849720000,CARDIAC ARREST,RESIDENCE/HOME,N,<Null>,76,W,F,-79.035948,35.916782,101801,POINT (35.916782 -79.035948)
215437,CHPD,SUSPICIOUS VEHICLE,214 FAISON RD,CHAPEL HILL,NC,27517,1691397720000,1691338800000,1691339100000,MISC OFFICER IN,HIGHWAY/ROAD/ALLEY/STREET/SIDEWALK,<Null>,NONE,<Null>,<Null>,<Null>,-79.013957,35.910812,101811,POINT (35.910812 -79.013957)
214503,CHPD,CREDIT CARD/ATM FRAUD,2110 S ESTES DR,CHAPEL HILL,NC,27514,1689339060000,1689338880000,1689338880000,THEFT/LARCENY,GROCERY/SUPERMARKET,<Null>,NONE,61,W,M,-79.029623,35.927304,101812,POINT (35.927304 -79.029623)
213811,CHPD,B&E    LARCENY F/VEHICLE,2160 ENVIRON WAY,CHAPEL HILL,NC,27517,1687791360000,1687104000000,1687105800000,MISC OFFICER IN,PARKING/DROP LOT/GARAGE,N,NONE,<Null>,<Null>,<Null>,-79.022829,35.906951,101814,POINT (35.906951 -79.022829)
215183,CHPD,B&E    LARCENY F/VEHICLE,221 VANCE ST,CHAPEL HILL,NC,27516,1690795440000,1690734600000,1690792200000,MISC OFFICER IN,RESIDENCE/HOME,N,NONE,20,A,F,-79.056443,35.90584,101817,POINT (35.90584 -79.056443)
215168,CHPD,B&E    LARCENY F/VEHICLE,135 KINGSBURY DR,CHAPEL HILL,NC,27514,1690778580000,1690778400000,1690778580000,MISC OFFICER IN,PARKING/DROP LOT/GARAGE,N,NONE,68,W,M,35.96493149,-79.04733276,101826,POINT (-79.04733276 35.96493149)
214238,CHPD,B&E    LARCENY F/VEHICLE,148 KINGSBURY DR,CHAPEL HILL,NC,27514,1688724060000,1688670000000,1688722500000,THEFT/LARCENY,HIGHWAY/ROAD/ALLEY/STREET/SIDEWALK,Y,NONE,42,W,F,35.96519852,-79.04875183,101834,POINT (-79.04875183 35.96519852)
216390,CHPD,LARCENY FROM MOTOR VEHICLE,88 VILCOM CENTER DR,CHAPEL HILL,NC,27514,1693557720000,1693553400000,1693557600000,THEFT/LARCENY,PARKING/DROP LOT/GARAGE,N,,,,,35.96533585,-79.05226135,101841,POINT (-79.05226135 35.96533585)
217790,CHPD,VEHICLE FIRE,134 SCHULTZ ST,CHAPEL HILL,NC,27514,1696724280000,1696724100000,1696724100000,VEHICLE FIRE,HIGHWAY/ROAD/ALLEY/STREET/SIDEWALK,N,NONE,26,B,F,35.96537018,-79.04726409,101842,POINT (-79.04726409 35.96537018)
218139,CHPD,B&E    LARCENY F/VEHICLE,750 WEAVER DAIRY RD,CHAPEL HILL,NC,27514,1697562660000,1697080560000,1697562600000,THEFT/LARCENY,PARKING/DROP LOT/GARAGE,N,NONE,42,W,M,35.96545792,-79.04045867,101843,POINT (-79.04045867 35.96545792)
218177,CHPD,LARCENY FROM MOTOR VEHICLE,750 WEAVER DAIRY RD,CHAPEL HILL,NC,27514,1697627640000,1697123400000,1697124000000,THEFT/LARCENY,CONSTRUCTION SITE,N,,40,W,M,35.96545792,-79.04045867,101844,POINT (-79.04045867 35.96545792)
217910,CHPD,SUSPICIOUS VEHICLE,110 WEATHERSTONE DR,CHAPEL HILL,NC,27514,1697032740000,1697032740000,1697032740000,TRESPASSING/UNW,,,,50,W,F,35.96574402,-79.0458908,101849,POINT (-79.0458908 35.96574402)
217146,CHPD,B&E    LARCENY F/VEHICLE,217 SCHULTZ ST,CHAPEL HILL,NC,27514,1695358740000,1695358740000,1695358740000,DAMAGE/VANDALIS,HIGHWAY/ROAD/ALLEY/STREET/SIDEWALK,Y,,23,W,M,35.96576309,-79.04837036,101850,POINT (-79.04837036 35.96576309)
214151,CHPD,ABANDONED VEHICLE,1798 MARTIN LUTHER KING JR BLVD,CHAPEL HILL,NC,27514,1688546220000,1687941420000,1688546220000,TRAFFIC VIOLATI,HIGHWAY/ROAD/ALLEY/STREET/SIDEWALK,,,,,,35.96619797,-79.05911254,101853,POINT (-79.05911254 35.96619797)
218852,CHPD,LARCENY FROM MOTOR VEHICLE,125 E LONGVIEW ST,CHAPEL HILL,NC,27516,1699095360000,1699095000000,1699095240000,THEFT/LARCENY,PARKING/DROP LOT/GARAGE,N,NONE,44,W,F,-79.05771588,35.92092903,101872,POINT (35.92092903 -79.05771588)
218862,CHPD,B&E    LARCENY F/VEHICLE,301 SCHOOL LN,CHAPEL HILL,NC,27516,1699103460000,1699034460000,1699101900000,MISC OFFICER IN,RESIDENCE/HOME,,NONE,20,W,M,-79.06193734,35.91757011,101874,POINT (35.91757011 -79.06193734)
218896,CHPD,ABANDONED VEHICLE,JACKIE ROBINSON ST @ ADELAIDE WALTERS ST,CHAPEL HILL,NC,27517,1699174080000,1699173600000,1699174080000,PUBLIC SERVICE,HIGHWAY/ROAD/ALLEY/STREET/SIDEWALK,,NONE,,,,-79.01469802,35.93975701,101896,POINT (35.93975701 -79.01469802)
218907,CHPD,SUSPICIOUS VEHICLE,108 S GRAHAM ST,CHAPEL HILL,NC,27516,1699213500000,1699213500000,1699213500000,SUSPICIOUS/WANT,PARKING/DROP LOT/GARAGE,,HANDGUN,,,,-79.06420255,35.90936615,101909,POINT (35.90936615 -79.06420255)
216766,CHPD,B&E    LARCENY F/VEHICLE,711 COSGROVE AVE,CHAPEL HILL,NC,27514,1694515080000,1694462400000,1694505600000,MISC OFFICER IN,PARKING/DROP LOT/GARAGE,N,NONE,44,W,F,-79.016263,35.945391,101942,POINT (35.945391 -79.016263)
218802,CHPD,B&E VEHICLE,100 EUROPA DR,CHAPEL HILL,NC,27514,1699001640000,1698998400000,1699001640000,THEFT/LARCENY,HIGHWAY/ROAD/ALLEY/STREET/SIDEWALK,N,,56,W,M,-79.01864858,35.9395374,101945,POINT (35.9395374 -79.01864858)
216313,CHPD,B&E    LARCENY F/VEHICLE,828 NC 54,CHAPEL HILL,NC,27516,1693388520000,1693350000000,1693387200000,MISC OFFICER IN,RESIDENCE/HOME,N,NONE,21,W,M,-79.130629,35.924743,101977,POINT (35.924743 -79.130629)
214306,CHPD,LARCENY FROM MOTOR VEHICLE,750 WEAVER DAIRY RD,CHAPEL HILL,NC,27514,1688916120000,1688911200000,1688913000000,THEFT/LARCENY,PARKING/DROP LOT/GARAGE,<Null>,<Null>,20,B,F,-79.040453,35.965401,101979,POINT (35.965401 -79.040453)
219864,CHPD,CARELESS AND RECKLESS DRIVING,SAGE RD@ERWIN RD,CHAPEL HILL,NC,27514,1701421500000,1701420720000,1701420900000,TRAFFIC VIOLATI,HIGHWAY/ROAD/ALLEY/STREET/SIDEWALK,,NONE,,,,-79.01658177,35.9515998,102023,POINT (35.9515998 -79.01658177)
220076,CHPD,ABANDONED VEHICLE,425 RIDGEFIELD RD,CHAPEL HILL,NC,27517,1701858300000,1701858300000,1701858300000,TRAFFIC VIOLATI,HIGHWAY/ROAD/ALLEY/STREET/SIDEWALK,N,NONE,,,,-79.02243033,35.92641352,102083,POINT (35.92641352 -79.02243033)
220081,CHPD,LARCENY FROM MOTOR VEHICLE,88 VILCOM CENTER DR,CHAPEL HILL,NC,27514,1701868560000,1701849600000,1701868560000,THEFT/LARCENY,PARKING/DROP LOT/GARAGE,,,40,W,M,-79.05224543,35.96527714,102092,POINT (35.96527714 -79.05224543)
219465,CHPD,B&E    LARCENY F/VEHICLE,3690 S COLUMBIA ST,CHAPEL HILL,NC,27516,1700383500000,1700348400000,1700382600000,THEFT/LARCENY,RESIDENCE/HOME,N,NONE,35,W,F,-79.0627472,35.88100096,102093,POINT (35.88100096 -79.0627472)
220075,CHPD,CREDIT CARD FRAUD,1547 FOUNTAIN RIDGE RD,CHAPEL HILL,NC,27517,1701857220000,1701604800000,1701806400000,FRAUD OR DECEPT,CYBERSPACE,,NONE,42,W,M,-79.01193786,35.93709642,102101,POINT (35.93709642 -79.01193786)
220038,CHPD,B&E    LARCENY F/VEHICLES,103 HILLSPRING LN,CHAPEL HILL,NC,27516,1701775920000,1701487380000,1701487620000,MISC OFFICER IN,RESIDENCE/HOME,,NONE,49,W,F,-79.07118367,35.88993493,102150,POINT (35.88993493 -79.07118367)
219879,CHPD,B&E    LARCENY F/VEHICLE,1450 RALEIGH RD,CHAPEL HILL,NC,27517,1701427140000,1701426900000,1701426960000,THEFT/LARCENY,PARKING/DROP LOT/GARAGE,Y,NONE,45,W,M,-79.01372413,35.90290463,102154,POINT (35.90290463 -79.01372413)
220381,CHPD,CREDIT CARD FRAUD,501 RED BUD RD,CHAPEL HILL,NC,27514,1702565700000,1698494400000,1701950400000,MISC OFFICER IN,CYBERSPACE,,NONE,53,W,F,-79.03019675,35.95061392,102163,POINT (35.95061392 -79.03019675)
220035,CHPD,B&E    LARCENY F/VEHICLE,106 N GRAHAM ST,CHAPEL HILL,NC,27516,1701776160000,1701700200000,1701776160000,THEFT/LARCENY,HIGHWAY/ROAD/ALLEY/STREET/SIDEWALK,,,,W,M,-79.06426717,35.91048405,102193,POINT (35.91048405 -79.06426717)
219924,CHPD,B&E    LARCENY F/VEHICLE,314 EDISTO CT,CHAPEL HILL,NC,27514,1701511740000,1701471600000,1701478800000,THEFT/LARCENY,RESIDENCE/HOME,,,47,A,M,-79.05150196,35.96135269,102197,POINT (35.96135269 -79.05150196)
218978,CHPD,B&E    LARCENY F/VEHICLE,110 FARRINGTON DR,CHAPEL HILL,NC,27514,1699377360000,1699377000000,1699377360000,THEFT/LARCENY,RESIDENCE/HOME,N,,43,W,M,-79.04197534,35.95582,102210,POINT (35.95582 -79.04197534)
220386,CHPD,B&E    LARCENY F/VEHICLE,117 COLE ST,CHAPEL HILL,NC,27516,1702570980000,1702296000000,1702468800000,MISC OFFICER IN,RESIDENCE/HOME,N,NONE,42,W,M,-79.06476472,35.90532507,102219,POINT (35.90532507 -79.06476472)
220610,CHPD,B&E    LARCENY F/VEHICLE,100 EASTOWNE DR,CHAPEL HILL,NC,27514,1703101620000,1703058300000,1703098800000,THEFT/LARCENY,PARKING/DROP LOT/GARAGE,,NONE,46,B,F,-79.00735372,35.94823618,102240,POINT (35.94823618 -79.00735372)
220399,CHPD,B&E    LARCENY F/VEHICLE,100 EUROPA DR,CHAPEL HILL,NC,27514,1702602060000,1702576200000,1702600200000,DAMAGE/VANDALIS,PARKING/DROP LOT/GARAGE,Y,NONE,35,W,F,-79.01864858,35.9395374,102244,POINT (35.9395374 -79.01864858)
220389,CHPD,B&E    LARCENY F/VEHICLE,405 S MERRITT MILL RD,CHAPEL HILL,NC,27516,1702577940000,1702577700000,1702577700000,THEFT/LARCENY,RESIDENCE/HOME,N,,22,W,M,-79.06358514,35.90672321,102253,POINT (35.90672321 -79.06358514)
220183,CHPD,TOWED VEHICLE,133 W FRANKLIN ST,CHAPEL HILL,NC,27516,1702107300000,1702107000000,1702107300000,MISC OFFICER IN,HIGHWAY/ROAD/ALLEY/STREET/SIDEWALK,,NONE,,,,-79.05732562,35.91221034,102273,POINT (35.91221034 -79.05732562)
220635,CHPD,B&E    LARCENY F/VEHICLE,138 SPRINGBERRY LN,CHAPEL HILL,NC,27517,1703155980000,1703005200000,1703155980000,THEFT/LARCENY,PARKING/DROP LOT/GARAGE,Y,NONE,50,A,M,-79.00794942,35.89751037,102274,POINT (35.89751037 -79.00794942)
219865,CHPD,B&E    LARCENY F/VEHICLE,1505 E FRANKLIN ST,CHAPEL HILL,NC,27514,1701419820000,1701378000000,1701419400000,THEFT/LARCENY,PARKING/DROP LOT/GARAGE,,,48,W,M,-79.03444218,35.93050184,102296,POINT (35.93050184 -79.03444218)
219055,CHPD,ABANDONED VEHICLE,351 LENA CIR,CHAPEL HILL,NC,27516,1699540680000,1699516800000,1699540680000,MISC OFFICER IN,,,,,,,-79.07668622,35.95120778,102305,POINT (35.95120778 -79.07668622)
219536,CHPD,B&E    LARCENY F/VEHICLE,316 W ROSEMARY ST,CHAPEL HILL,NC,27516,1700560260000,1700301600000,1700510400000,MISC OFFICER IN,PARKING/DROP LOT/GARAGE,N,NONE,54,W,M,-79.0602162,35.91293081,102353,POINT (35.91293081 -79.0602162)
219562,CHPD,SUSPICIOUS VEHICLE,2505 HOMESTEAD RD,CHAPEL HILL,NC,27516,1700599440000,1700598000000,1700598900000,SUSPICIOUS/WANT,HIGHWAY/ROAD/ALLEY/STREET/SIDEWALK,,,36,W,M,-79.06608018,35.95092292,102373,POINT (35.95092292 -79.06608018)
219609,CHPD,B&E    LARCENY F/VEHICLE,103 DICKERSON CT,CHAPEL HILL,NC,27514,1700785860000,1700766000000,1700785860000,THEFT/LARCENY,HIGHWAY/ROAD/ALLEY/STREET/SIDEWALK,,,26,B,F,-79.03397154,35.92696643,102391,POINT (35.92696643 -79.03397154)
219628,CHPD,VEHICLE LOCKOUT,201 S ESTES DR,CHAPEL HILL,NC,27514,1700833380000,1700833380000,1700833380000,PUBLIC SERVICE,PARKING/DROP LOT/GARAGE,,,,,,-79.02703258,35.92776301,102400,POINT (35.92776301 -79.02703258)
219218,CHPD,B&E    LARCENY F/VEHICLE,115 HENDERSON ST@E ROSEMARY ST,CHAPEL HILL,NC,27514,1699914720000,1699894800000,1699914120000,THEFT/LARCENY,PARKING/DROP LOT/GARAGE,N,NONE,20,W,F,-79.05336902,35.91519501,102422,POINT (35.91519501 -79.05336902)
219220,CHPD,B&E    LARCENY F/VEHICLE,200 WESTMINSTER DR,CHAPEL HILL,NC,27514,1699931760000,1699904700000,1699931700000,SUSPICIOUS/WANT,HIGHWAY/ROAD/ALLEY/STREET/SIDEWALK,N,,46,W,M,-79.05477174,35.96112265,102423,POINT (35.96112265 -79.05477174)
219235,CHPD,B&E    LARCENY F/VEHICLE,8000 SALUDA CT,CHAPEL HILL,NC,27514,1699955760000,1699894800000,1699954200000,MISC OFFICER IN,PARKING/DROP LOT/GARAGE,N,NONE,34,A,M,-79.05502232,35.95934575,102435,POINT (35.95934575 -79.05502232)
219164,CHPD,VEHICLE LOCKOUT,1207 MARTIN LUTHER KING JR BLVD,CHAPEL HILL,NC,27516,1699790400000,1699790400000,1699790400000,PUBLIC SERVICE,PARKING/DROP LOT/GARAGE,,,,,,-79.0590512,35.9470102,102490,POINT (35.9470102 -79.0590512)
220485,CHPD,ABANDONED VEHICLE,1215 E FRANKLIN ST,CHAPEL HILL,NC,27514,1702775580000,1702775580000,1702775580000,MISC OFFICER IN,HIGHWAY/ROAD/ALLEY/STREET/SIDEWALK,,,,,,-79.03787072,35.9253652,102494,POINT (35.9253652 -79.03787072)
220408,CHPD,B&E    LARCENY F/VEHICLE,108 MISTY WOODS CIR,CHAPEL HILL,NC,27514,1702619520000,1702587600000,1702619100000,THEFT/LARCENY,PARKING/DROP LOT/GARAGE,Y,,,,,-79.05606825,35.93879875,102532,POINT (35.93879875 -79.05606825)
220276,CHPD,ABANDONED VEHICLE,1250 MARTIN LUTHER KING JR BLVD@HOMESTEAD RD,CHAPEL HILL,NC,27514,1702316040000,1702238400000,1702316040000,MISC OFFICER IN,HIGHWAY/ROAD/ALLEY/STREET/SIDEWALK,,,,,,-79.05845198,35.949557,102588,POINT (35.949557 -79.05845198)
220301,CHPD,B&E    LARCENY F/VEHICLE,118 HAYWORTH DR,CHAPEL HILL,NC,27517,1702379040000,1702347000000,1702375200000,MISC OFFICER IN,RESIDENCE/HOME,N,NONE,56,W,M,-79.06062381,35.88664952,102609,POINT (35.88664952 -79.06062381)
220602,CHPD,ABANDONED VEHICLE,110 ST AYERS WAY,CHAPEL HILL,NC,27517,1703085540000,1702639140000,1703085540000,MISC OFFICER IN,HIGHWAY/ROAD/ALLEY/STREET/SIDEWALK,,NONE,,,,-79.00461183,35.94102309,102642,POINT (35.94102309 -79.00461183)
220321,CHPD,B&E    LARCENY F/VEHICLE,1712 WILLOW DR,CHAPEL HILL,NC,27514,1702414980000,1702407600000,1702414980000,THEFT/LARCENY,PARKING/DROP LOT/GARAGE,Y,,23,W,F,-79.02516912,35.92913705,102667,POINT (35.92913705 -79.02516912)
220322,CHPD,ABANDONED VEHICLE,FORDHAM BLVD@ERWIN RD,CHAPEL HILL,NC,27514,1702418640000,1702418640000,1702418640000,TRAFFIC STOP,HIGHWAY/ROAD/ALLEY/STREET/SIDEWALK,,,,,,-79.01833619,35.94223901,102669,POINT (35.94223901 -79.01833619)
220343,CHPD,POSSESS STOLEN MOTOR VEHICLE,700 BOLINWOOD DR,CHAPEL HILL,NC,27514,1702474500000,1702473900000,1702474500000,SUSPICIOUS/WANT,RESIDENCE/HOME,,,32,W,M,-79.04940614,35.92456498,102679,POINT (35.92456498 -79.04940614)
220338,CHPD,CREDIT CARD-FRAUD,318 MCCAULEY ST,CHAPEL HILL,NC,27516,1702479360000,1702382400000,1702404000000,MISC OFFICER IN,CYBERSPACE,,NONE,49,W,M,-79.05942352,35.90671412,102681,POINT (35.90671412 -79.05942352)
219993,CHPD,LARCENY FROM MOTOR VEHICLE,302 WEAVER MINE TRL,CHAPEL HILL,NC,27517,1701690900000,1701631800000,1701690300000,THEFT/LARCENY,RESIDENCE/HOME,,NONE,42,W,F,-79.01154609,35.91020233,102738,POINT (35.91020233 -79.01154609)
219709,CHPD,B&E    LARCENY F/VEHICLE,110 GUNSTON CT,CHAPEL HILL,NC,27514,1701079920000,1700672400000,1700724600000,MISC OFFICER IN,PARKING/DROP LOT/GARAGE,N,NONE,30,W,F,-79.02378887,35.94480597,102752,POINT (35.94480597 -79.02378887)
219332,CHPD,VEHICLE LOCKOUT,108 GRANT ST,CHAPEL HILL,NC,27516,1700138760000,1700136480000,1700136480000,INFO MESSAGE,RESIDENCE/HOME,N,NONE,,,,-79.06546813,35.9048276,102755,POINT (35.9048276 -79.06546813)
219338,CHPD,B&E    LARCENY F/VEHICLE,138 E FRANKLIN ST,CHAPEL HILL,NC,27514,1700150220000,1692360000000,1692964800000,MISC OFFICER IN,HIGHWAY/ROAD/ALLEY/STREET/SIDEWALK,N,NONE,45,W,M,-79.05436597,35.91345334,102757,POINT (35.91345334 -79.05436597)
220679,CHPD,B&E    LARCENY F/VEHICLE,600 COPPERLINE DR,CHAPEL HILL,NC,27516,1703182200000,1703107800000,1703145600000,THEFT/LARCENY,PARKING/DROP LOT/GARAGE,,,51,W,F,-79.06816753,35.88161493,102763,POINT (35.88161493 -79.06816753)
220668,CHPD,B&E VEHICLE,1728 FORDHAM BLVD,CHAPEL HILL,NC,27517,1703230560000,1703185200000,1703230560000,THEFT/LARCENY,PARKING/DROP LOT/GARAGE,,NONE,62,W,M,-79.02081891,35.93746665,102793,POINT (35.93746665 -79.02081891)
219207,CHPD,LARCENY FROM MOTOR VEHICLE,201 WEAVER MINE TRL,CHAPEL HILL,NC,27517,1699886700000,1699886100000,1699886700000,THEFT/LARCENY,RESIDENCE/HOME,N,NONE,51,W,M,-79.01188673,35.90819541,102794,POINT (35.90819541 -79.01188673)
220504,CHPD,ABANDONED VEHICLE,1 FORDHAM BLVD@SAGE RD,CHAPEL HILL,NC,27517,1702860360000,1702860360000,1702860360000,MISC OFFICER IN,HIGHWAY/ROAD/ALLEY/STREET/SIDEWALK,,NONE,,,,-79.01266307,35.94464139,102815,POINT (35.94464139 -79.01266307)
220105,CHPD,B&E    LARCENY F/VEHICLE,203 BARKSDALE DR,CHAPEL HILL,NC,27516,1701945660000,1701900000000,1701945000000,THEFT/LARCENY,PARKING/DROP LOT/GARAGE,N,NONE,23,W,F,-79.06293244,35.88187707,102827,POINT (35.88187707 -79.06293244)
220107,CHPD,VEHICLE UNLOCK,500 CHURCH ST,CHAPEL HILL,NC,27516,1701948480000,1701948000000,1701948480000,MISC OFFICER IN,RESIDENCE/HOME,,,,,,-79.06008402,35.91603522,102835,POINT (35.91603522 -79.06008402)
219303,CHPD,ABANDONED VEHICLE,VANCE ST@PITTSBORO ST,CHAPEL HILL,NC,27516,1700060760000,1700060400000,1700060760000,MISC OFFICER IN,HIGHWAY/ROAD/ALLEY/STREET/SIDEWALK,,NONE,,,,-79.05483301,35.906693,102839,POINT (35.906693 -79.05483301)
218948,CHPD,B&E    LARCENY F/VEHICLE,101 VILLAGE CENTER DR,CHAPEL HILL,NC,27516,1699351140000,1699030500000,1699030860000,MISC OFFICER IN,PARKING/DROP LOT/GARAGE,N,NONE,73,W,F,-79.06453858,35.96989712,102866,POINT (35.96989712 -79.06453858)
219307,CHPD,B&E    LARCENY F/VEHICLE,107 TIMBER HOLLOW CT,CHAPEL HILL,NC,27514,1700065560000,1699963200000,1700062200000,THEFT/LARCENY,PARKING/DROP LOT/GARAGE,N,NONE,23,W,F,-79.05467392,35.94031415,102867,POINT (35.94031415 -79.05467392)
220204,CHPD,SUSPICIOUS VEHICLE,631 ARLINGTON ST,CHAPEL HILL,NC,27514,1702144080000,1702143900000,1702144080000,HARASSMENT/STAL,HIGHWAY/ROAD/ALLEY/STREET/SIDEWALK,,NONE,,W,M,-79.04142314,35.94379947,102870,POINT (35.94379947 -79.04142314)
220133,CHPD,B&E    LARCENY F/VEHICLE,620 S ELLIOTT RD,CHAPEL HILL,NC,27517,1702012740000,1701979200000,1702012500000,THEFT/LARCENY,PARKING/DROP LOT/GARAGE,Y,,27,W,M,-79.02125217,35.9327481,102892,POINT (35.9327481 -79.02125217)
219759,CHPD,LOST CREDIT CARD,150 E ROSEMARY ST,CHAPEL HILL,NC,27514,1701184020000,1700827200000,1700913600000,MISC OFFICER IN,PARKING/DROP LOT/GARAGE,,NONE,31,W,F,-79.05412725,35.91460421,102909,POINT (35.91460421 -79.05412725)
219452,CHPD,CAR MEET,1830 FORDHAM BLVD@EASTOWNE DR,CHAPEL HILL,NC,27517,1700350980000,1700347380000,1700347380000,DISTURBANCE/NUI,HIGHWAY/ROAD/ALLEY/STREET/SIDEWALK,,,,,,-79.00754072,35.94770879,102937,POINT (35.94770879 -79.00754072)
219771,CHPD,TOWED VEHICLE DISPUTE,409 W FRANKLIN ST,CHAPEL HILL,NC,27516,1701196620000,1701196200000,1701196620000,DISTURBANCE/NUI,PARKING/DROP LOT/GARAGE,,,28,W,M,-79.06115548,35.91080617,102942,POINT (35.91080617 -79.06115548)
219069,CHPD,B&E    LARCENY F/VEHICLE,110 MALLETTE ST,CHAPEL HILL,NC,27516,1699559700000,1699527600000,1699551000000,THEFT/LARCENY,PARKING/DROP LOT/GARAGE,,NONE,21,W,F,-79.05925119,35.91081174,102956,POINT (35.91081174 -79.05925119)
220544,CHPD,BANK CARD FRAUD,101 OLD BRIDGE LN,CHAPEL HILL,NC,27517,1702980660000,1696852800000,1699617600000,MISC OFFICER IN,CYBERSPACE,,NONE,47,W,M,-79.05713837,35.89004914,102959,POINT (35.89004914 -79.05713837)
219078,CHPD,B&E    LARCENY F/VEHICLE,1 MORGAN CREEK TRAIL HEAD,CHAPEL HILL,,27517,1699608060000,1699542000000,1699543800000,MISC OFFICER IN,PARKING/DROP LOT/GARAGE,N,NONE,57,W,F,-79.04822216,35.88932558,102984,POINT (35.88932558 -79.04822216)
219183,CHPD,LARCENY FROM MOTOR VEHICLE,123 SCOTT LN,CHAPEL HILL,NC,27514,1699866000000,1699812000000,1699864200000,THEFT/LARCENY,RESIDENCE/HOME,,,,W,M,-79.04717555,35.96463517,102992,POINT (35.96463517 -79.04717555)
219191,CHPD,B&E    LARCENY F/VEHICLE,88 VILCOM CENTER DR,CHAPEL HILL,NC,27514,1699863540000,1699718400000,1699860600000,THEFT/LARCENY,PARKING/DROP LOT/GARAGE,,NONE,,,,-79.05224543,35.96527714,103000,POINT (35.96527714 -79.05224543)
221251,CHPD,LARCENY FROM MOTOR VEHICLE,828 MARTIN LUTHER KING JR BLVD,CHAPEL HILL,NC,27514,1704818460000,1694304000000,1694332800000,MISC OFFICER IN,HIGHWAY/ROAD/ALLEY/STREET/SIDEWALK,,NONE,21,W,M,-79.0529309,35.92690101,103019,POINT (35.92690101 -79.0529309)
220854,CHPD,VEHICLE LOCK OUT,1810 FORDHAM BLVD,CHAPEL HILL,NC,27517,1703810580000,1703810100000,1703810100000,TRAFFIC VIOLATI,PARKING/DROP LOT/GARAGE,,,48,B,F,-79.00937929,35.9448369,103253,POINT (35.9448369 -79.00937929)
221277,CHPD,B&E    LARCENY F/VEHICLE,500 UMSTEAD DR,CHAPEL HILL,NC,27516,1704881700000,1703512800000,1704881700000,THEFT/LARCENY,PARKING/DROP LOT/GARAGE,,UNKNOWN,,B,F,-79.06588455,35.92463739,103286,POINT (35.92463739 -79.06588455)
220900,CHPD,ASSIST CARRBORO PD,1001 S MERRITT MILL RD@S GREENSBORO ST,CHAPEL HILL,NC,27516,1703912400000,1703912400000,1703912400000,SUSPICIOUS/WANT,HIGHWAY/ROAD/ALLEY/STREET/SIDEWALK,,,,,,-79.07312098,35.901631,103341,POINT (35.901631 -79.07312098)
220730,CHPD,LARCENY FROM MOTOR VEHICLE,627 MARTIN LUTHER KING JR BLVD,CHAPEL HILL,NC,27516,1703352540000,1703347500000,1703352540000,THEFT/LARCENY,RESIDENCE/HOME,,,69,W,M,-79.05644937,35.92080305,103420,POINT (35.92080305 -79.05644937)
220864,CHPD,B&E    LARCENY F/VEHICLE,1810 FORDHAM BLVD,CHAPEL HILL,NC,27517,1703841360000,1703095200000,1703107800000,MISC OFFICER IN,PARKING/DROP LOT/GARAGE,Y,NONE,62,W,F,-79.00937929,35.9448369,103428,POINT (35.9448369 -79.00937929)
221021,CHPD,OTHER VEHICLE THEFT,201 S ELLIOTT RD,CHAPEL HILL,NC,27514,1704243120000,1703894400000,1704243120000,ATTEMPT TO LOCA,RESIDENCE/HOME,,,25,A,M,-79.02681021,35.93321975,103551,POINT (35.93321975 -79.02681021)
220836,CHPD,CARDIAC ARREST,116 VIRGINIA DR,CHAPEL HILL,NC,27514,1703768400000,1703755800000,1703762520000,CARDIAC ARREST,RESIDENCE/HOME,N,NONE,,W,F,-79.05211174,35.94994944,103706,POINT (35.94994944 -79.05211174)
220892,CHPD,FICT/ALT TITLE/REG CARD/TAG,444 DEMING RD@E FRANKLIN ST,CHAPEL HILL,NC,27514,1703882340000,1703882340000,1703882340000,TRAFFIC STOP,HIGHWAY/ROAD/ALLEY/STREET/SIDEWALK,,NONE,,,,-79.03877202,35.92130001,103828,POINT (35.92130001 -79.03877202)
220898,CHPD,SUSPICIOUS VEHICLE,5000 ENVIRON WAY,CHAPEL HILL,NC,27517,1703907720000,1703907660000,1703907660000,SUSPICIOUS/WANT,HIGHWAY/ROAD/ALLEY/STREET/SIDEWALK,,NONE,,,,-79.02003908,35.90575458,103830,POINT (35.90575458 -79.02003908)
220899,CHPD,SUSPICIOUS VEHICLE,1749 DOBBINS DR,CHAPEL HILL,NC,27514,1703913840000,1703907900000,1703907900000,SUSPICIOUS/WANT,HIGHWAY/ROAD/ALLEY/STREET/SIDEWALK,,NONE,,,,-79.01449812,35.94562145,103832,POINT (35.94562145 -79.01449812)
237732,CHPD,CREDIT CARD FRAUD,278 SUMMERWALK CIR,CHAPEL HILL,NC,27517,1738827960000,1675669560000,1738827960000,ADMINISTRATIVE,OTHER/UNKNOWN,,,44,W,F,35.89806747,-79.00996399,113003,POINT (-79.00996399 35.89806747)
221357,CHPD,SUSPICIOUS VEHICLE,303 PINEGATE CIR,CHAPEL HILL,NC,27514,1704849600000,1704849600000,1704849600000,,PARKING/DROP LOT/GARAGE,,NONE,,,,-79.00803735,35.95012123,103026,POINT (35.95012123 -79.00803735)
221843,CHPD,VEHICLE FIRE,1081 NC 54,CHAPEL HILL,NC,27514,1706252820000,1706252700000,1706252820000,VEHICLE FIRE,HIGHWAY/ROAD/ALLEY/STREET/SIDEWALK,,NONE,31,W,M,-79.06466473,35.89629696,103041,POINT (35.89629696 -79.06466473)
221200,CHPD,ABANDONED VEHICLE,MARTIN LUTHER KING JR BLVD@STATESIDE DR,CHAPEL HILL,NC,27514,1704701400000,1704701400000,1704701400000,MISC OFFICER IN,HIGHWAY/ROAD/ALLEY/STREET/SIDEWALK,,,,,,-79.05783004,35.955172,103051,POINT (35.955172 -79.05783004)
221059,CHPD,B&E    LARCENY F/VEHICLE,116 ISLEY ST,CHAPEL HILL,NC,27516,1704335640000,1704330000000,1704335580000,THEFT/LARCENY,HIGHWAY/ROAD/ALLEY/STREET/SIDEWALK,,NONE,21,W,F,-79.05753097,35.91891276,103059,POINT (35.91891276 -79.05753097)
221066,CHPD,B&E    LARCENY F/VEHICLE,732 N COLUMBIA ST,CHAPEL HILL,NC,27516,1704361260000,1704336300000,1704336600000,MISC OFFICER IN,RESIDENCE/HOME,N,NONE,58,W,M,-79.05826339,35.92091009,103065,POINT (35.92091009 -79.05826339)
221092,CHPD,POSSIBLE STOLEN VEHICLE,110 ASHLEY FOREST RD,CHAPEL HILL,NC,27514,1704424140000,1704412800000,1704412800000,THEFT/LARCENY,PARKING/DROP LOT/GARAGE,N,NONE,,B,M,-79.05667149,35.94401288,103079,POINT (35.94401288 -79.05667149)
221190,CHPD,CARDIAC ARREST,231 INDIAN TRAIL RD,CHAPEL HILL,NC,27514,1704660840000,1704660600000,1704660840000,CARDIAC,RESIDENCE/HOME,,NONE,,W,M,-79.05146097,35.94738936,103146,POINT (35.94738936 -79.05146097)
221441,CHPD,B&E    LARCENY F/VEHICLE,5623 FORDHAM BLVD,DURHAM,,27707,1705400760000,1705359600000,1705399200000,THEFT/LARCENY,PARKING/DROP LOT/GARAGE,Y,NONE,46,W,M,-79.00026296,35.94940885,103147,POINT (35.94940885 -79.00026296)
221712,CHPD,B&E    LARCENY F/VEHICLE,418 W FRANKLIN ST,CHAPEL HILL,NC,27516,1705974840000,1705942800000,1705952400000,THEFT/LARCENY,PARKING/DROP LOT/GARAGE,,NONE,23,W,M,-79.06121231,35.91127224,103148,POINT (35.91127224 -79.06121231)
221721,CHPD,THEFT OF A VEHICLE,113 OLD BRIDGE LN,CHAPEL HILL,NC,27517,1705994340000,1705960800000,1705994340000,THEFT/LARCENY,RESIDENCE/HOME,N,NONE,52,B,M,-79.05645507,35.89086009,103172,POINT (35.89086009 -79.05645507)
222060,CHPD,SUSPICIOUS VEHICLE,5623 FORDHAM BLVD,DURHAM,,27514,1706928960000,1706928600000,1706928960000,SUSPICIOUS/WANT,HOTEL/MOTEL/ETC.,,,,,,-79.00026296,35.94940885,103213,POINT (35.94940885 -79.00026296)
221900,CHPD,B&E    LARCENY F/VEHICLE,100 AQUATIC DR,CHAPEL HILL,NC,27516,1706452980000,1706450400000,1706452800000,THEFT/LARCENY,PARKING/DROP LOT/GARAGE,Y,,44,A,F,-79.06489205,35.95585961,103219,POINT (35.95585961 -79.06489205)
222075,CHPD,B&E    LARCENY F/VEHICLE,504 MEADOWMONT VILLAGE CIR,CHAPEL HILL,NC,27517,1706992080000,1706992080000,1706992080000,THEFT/LARCENY,RESTAURANT,N,,42,W,F,-79.01068904,35.90558864,103227,POINT (35.90558864 -79.01068904)
222064,CHPD,CARELESS AND RECKLESS DRIVING,W FRANKLIN ST & CHURCH ST,CHAPEL HILL,,27514,1706994840000,1706994000000,1706994780000,TRAFFIC/TRANSPO,HIGHWAY/ROAD/ALLEY/STREET/SIDEWALK,N,NONE,,,,-79.0581245,35.91222941,103231,POINT (35.91222941 -79.0581245)
222069,CHPD,TOWED VEHICLE,1 FORDHAM BLVD@CLELAND DR,CHAPEL HILL,NC,27517,1707029220000,1707029220000,1707029220000,TRAFFIC VIOLATI,HIGHWAY/ROAD/ALLEY/STREET/SIDEWALK,,NONE,,,,-79.02565099,35.92074702,103241,POINT (35.92074702 -79.02565099)
221933,CHPD,B&E    LARCENY F/VEHICLE,325 LINDSAY ST,CHAPEL HILL,NC,27516,1706529600000,1706364600000,1706387400000,PUBLIC SERVICE,RESIDENCE/HOME,N,NONE,58,W,M,-79.06108063,35.91352789,103264,POINT (35.91352789 -79.06108063)
221274,CHPD,B&E    LARCENY F/VEHICLE,625 S ELLIOTT RD,CHAPEL HILL,NC,27517,1704867360000,1704844800000,1704867360000,THEFT/LARCENY,PARKING/DROP LOT/GARAGE,Y,NONE,28,W,M,-79.02107221,35.93314725,103271,POINT (35.93314725 -79.02107221)
221263,CHPD,B&E    LARCENY F/VEHICLE,201 S ELLIOTT RD,CHAPEL HILL,NC,27514,1704870240000,1704826800000,1704870240000,THEFT/LARCENY,PARKING/DROP LOT/GARAGE,Y,NONE,49,W,M,-79.02681021,35.93321975,103272,POINT (35.93321975 -79.02681021)
221590,CHPD,TOWED VEHICLE,EUBANKS RD@MARTIN LUTHER KING JR BLVD,CHAPEL HILL,NC,27514,1705664760000,1705664760000,1705664760000,TRAFFIC VIOLATI,HIGHWAY/ROAD/ALLEY/STREET/SIDEWALK,,NONE,,,,-79.06109479,35.9688539,103276,POINT (35.9688539 -79.06109479)
221276,CHPD,B&E    LARCENY F/VEHICLE,600 MARTIN LUTHER KING JR BLVD,CHAPEL HILL,NC,27514,1704878700000,1704837600000,1704878400000,THEFT/LARCENY,PARKING/DROP LOT/GARAGE,Y,NONE,26,W,M,-79.05569215,35.91855859,103290,POINT (35.91855859 -79.05569215)
221599,CHPD,B&E    LARCENY F/VEHICLE,1211 E FRANKLIN ST,CHAPEL HILL,NC,27514,1705689480000,1705343400000,1705689480000,THEFT/LARCENY,OTHER/UNKNOWN,Y,NONE,19,W,M,-79.03857203,35.92485055,103297,POINT (35.92485055 -79.03857203)
221605,CHPD,B&E    LARCENY F/VEHICLE,1022 N HERITAGE CIR,CHAPEL HILL,NC,27516,1705712400000,1705689900000,1705709700000,THEFT/LARCENY,PARKING/DROP LOT/GARAGE,,,20,W,M,-79.06165034,35.94827734,103298,POINT (35.94827734 -79.06165034)
221606,CHPD,SUSPICIOUS VEHICLE,501 WEAVER DAIRY RD,CHAPEL HILL,NC,27514,1705717260000,1705717200000,1705717200000,SUSPICIOUS/WANT,PARK/PLAYGROUND,,,,A,F,-79.03351204,35.95996469,103303,POINT (35.95996469 -79.03351204)
221642,CHPD,SUSPICIOUS VEHICLE,104 CELTIC CIR,CHAPEL HILL,NC,27516,1705768020000,1705767600000,1705767600000,SUSPICIOUS/WANT,FIELD/WOODS,,NONE,,,,-79.08030913,35.94768025,103306,POINT (35.94768025 -79.08030913)
221678,CHPD,B&E    LARCENY F/VEHICLE,113 STEPHENS ST,CHAPEL HILL,NC,27516,1705888440000,1705873500000,1705888200000,THEFT/LARCENY,PARKING/DROP LOT/GARAGE,N,NONE,20,A,M,-79.05780951,35.91785841,103330,POINT (35.91785841 -79.05780951)
221444,CHPD,B&E    LARCENY F/VEHICLE,4000 ENVIRON WAY,CHAPEL HILL,NC,27517,1705410420000,1705363200000,1705410420000,THEFT/LARCENY,PARKING/DROP LOT/GARAGE,,NONE,40,W,M,-79.01954202,35.90535364,103346,POINT (35.90535364 -79.01954202)
221443,CHPD,LARCENY FROM MOTOR VEHICLE,100 EUROPA DR,CHAPEL HILL,NC,27516,1705414020000,1705388400000,1705413900000,THEFT/LARCENY,PARKING/DROP LOT/GARAGE,Y,BLUNT OBJECT,56,W,M,-79.01864858,35.9395374,103349,POINT (35.9395374 -79.01864858)
221449,CHPD,VEHICLE LOCKOUT,1129 WEAVER DAIRY RD,CHAPEL HILL,NC,27514,1705428600000,1705428000000,1705428300000,PUBLIC SERVICE,HIGHWAY/ROAD/ALLEY/STREET/SIDEWALK,,,47,B,F,-79.0547968,35.962133,103353,POINT (35.962133 -79.0547968)
221446,CHPD,B&E    LARCENY F/VEHICLE,1 EUROPA DR,CHAPEL HILL,NC,27514,1705435500000,1705424400000,1705434900000,,HOTEL/MOTEL/ETC.,,,,B,M,-79.01736414,35.94120209,103355,POINT (35.94120209 -79.01736414)
221048,CHPD,B&E    LARCENY F/VEHICLE,201 S ESTES DR,CHAPEL HILL,NC,27514,1704296160000,1704286800000,1704295800000,THEFT/LARCENY,PARKING/DROP LOT/GARAGE,Y,NONE,23,W,M,-79.02703258,35.92776301,103363,POINT (35.92776301 -79.02703258)
222009,CHPD,ASSIST CARRBORO WITH TRAFFIC STOP,103 W MAIN ST,CARRBORO,NC,27510,1706820600000,1706820540000,1706820600000,TRAFFIC STOP,HIGHWAY/ROAD/ALLEY/STREET/SIDEWALK,,,,,,-79.07351828,35.90990536,103368,POINT (35.90990536 -79.07351828)
222012,CHPD,SUSPICIOUS VEHICLE TRAFFIC STOP,FORDHAM BLVD@WILLOW DR,CHAPEL HILL,NC,27517,1706829360000,1706829360000,1706829360000,TRAFFIC STOP,HIGHWAY/ROAD/ALLEY/STREET/SIDEWALK,,,,,,-79.02410319,35.93033889,103370,POINT (35.93033889 -79.02410319)
221855,CHPD,SUSPICIOUS VEHICLE,2000 EUBANKS RD,CHAPEL HILL,NC,27516,1706296320000,1706295000000,1706295060000,SUSPICIOUS/WANT,HIGHWAY/ROAD/ALLEY/STREET/SIDEWALK,,,,,,-79.07113564,35.97049064,103381,POINT (35.97049064 -79.07113564)
221376,CHPD,ABANDONED VEHICLE,EASTOWNE DR@FORDHAM BLVD,CHAPEL HILL,NC,27514,1705190520000,1705190520000,1705190520000,TRAFFIC VIOLATI,HIGHWAY/ROAD/ALLEY/STREET/SIDEWALK,,,,,,-79.00754072,35.94770879,103407,POINT (35.94770879 -79.00754072)
221340,CHPD,B&E    LARCENY F/VEHICLE,3690 S COLUMBIA ST,CHAPEL HILL,NC,27516,1705046100000,1705017600000,1705045500000,THEFT/LARCENY,HOTEL/MOTEL/ETC.,Y,NONE,38,W,F,-79.0627472,35.88100096,103440,POINT (35.88100096 -79.0627472)
221364,CHPD,VEHICLE LOCK OUT,1207 MARTIN LUTHER KING JR BLVD,CHAPEL HILL,NC,27516,1705143000000,1705142700000,1705143000000,MISC OFFICER IN,SPECIALTY/STORE,,,50,W,F,-79.0590512,35.9470102,103456,POINT (35.9470102 -79.0590512)
221375,CHPD,CARELESS AND RECKLESS DRIVING,EASTOWNE DR@FORDHAM BLVD,CHAPEL HILL,NC,27514,1705177980000,1705177860000,1705177920000,TRAFFIC STOP,PARKING/DROP LOT/GARAGE,,NONE,,,,-79.00754072,35.94770879,103461,POINT (35.94770879 -79.00754072)
221372,CHPD,ASSIST CARRBORO POLICE,104 NC 54 BYPASS,CARRBORO,,27514,1705179480000,1705179360000,1705179420000,LE ASSISTANCE,PARKING/DROP LOT/GARAGE,,,,,,-79.09604129,35.91629719,103464,POINT (35.91629719 -79.09604129)
221695,CHPD,B&E    LARCENY F/VEHICLE,204 OAK PARK DR,CHAPEL HILL,NC,27517,1705922460000,1704577500000,1704614400000,MISC OFFICER IN,RESIDENCE/HOME,N,NONE,60,W,M,-79.05860369,35.88985853,103491,POINT (35.88985853 -79.05860369)
221463,CHPD,B&E    LARCENY F/VEHICLE,215 N GRAHAM ST,CHAPEL HILL,NC,27516,1705504140000,1704891600000,1705399200000,ADMINISTRATIVE,RESIDENCE/HOME,N,NONE,49,I,F,-79.06552161,35.91253988,103495,POINT (35.91253988 -79.06552161)
221702,CHPD,ATT LARCENY FROM VEHICLE,500 FORMOSA LN,CHAPEL HILL,NC,27516,1705929840000,1705874400000,1705929840000,THEFT/LARCENY,PARKING/DROP LOT/GARAGE,Y,NONE,,,,-79.01600149,35.94208655,103498,POINT (35.94208655 -79.01600149)
222096,CHPD,B&E    LARCENY F/VEHICLE,605 NUNN ST,CHAPEL HILL,NC,27516,1707139380000,1707066000000,1707112800000,THEFT/LARCENY,RESIDENCE/HOME,,NONE,59,B,M,-79.06599024,35.91325821,103512,POINT (35.91325821 -79.06599024)
221233,CHPD,B&E    LARCENY F/VEHICLE,1000 NOVUS LN,CHAPEL HILL,NC,27517,1704748560000,1704528000000,1704744000000,THEFT/LARCENY,PARKING/DROP LOT/GARAGE,Y,,27,W,M,-79.02084364,35.93869485,103517,POINT (35.93869485 -79.02084364)
222099,CHPD,LARCENY FROM MOTOR VEHICLE,427 W CAMERON AVE,CHAPEL HILL,NC,27516,1707146940000,1707145200000,1707146940000,THEFT/LARCENY,RESIDENCE/HOME,N,,21,W,M,-79.06104375,35.90790393,103525,POINT (35.90790393 -79.06104375)
220997,CHPD,B&E    LARCENY F/VEHICLE,201 S ELLIOTT RD,CHAPEL HILL,NC,27514,1704201660000,1704128400000,1704139200000,MISC OFFICER IN,PARKING/DROP LOT/GARAGE,N,NONE,31,B,M,-79.02681021,35.93321975,103535,POINT (35.93321975 -79.02681021)
221010,CHPD,LARCENY FROM MOTOR VEHICLE,1800 E FRANKLIN ST,CHAPEL HILL,NC,27514,1704215400000,1704207600000,1704215400000,THEFT/LARCENY,PARKING/DROP LOT/GARAGE,,NONE,44,W,F,-79.02426815,35.93510174,103537,POINT (35.93510174 -79.02426815)
221035,CHPD,TOWED VEHICLE,108 UMSTEAD DR@GREENE ST,CHAPEL HILL,NC,27516,1704289260000,1704289260000,1704289260000,MISC OFFICER IN,HIGHWAY/ROAD/ALLEY/STREET/SIDEWALK,N,,,,,-79.05483502,35.92511298,103558,POINT (35.92511298 -79.05483502)
221574,CHPD,B&E    LARCENY F/VEHICLE,131 NORTH ST,CHAPEL HILL,NC,27514,1705653360000,1705593600000,1705649400000,THEFT/LARCENY,RESIDENCE/HOME,N,NONE,21,W,M,-79.05478674,35.91626098,103569,POINT (35.91626098 -79.05478674)
221760,CHPD,LARCENY FROM MOTOR VEHICLE,128 MALLARD CT,CHAPEL HILL,NC,27517,1706084520000,1705950000000,1706084100000,THEFT/LARCENY,RESIDENCE/HOME,N,,27,W,F,-79.05550398,35.8902542,103598,POINT (35.8902542 -79.05550398)
221765,CHPD,B&E    LARCENY F/VEHICLE,909 N COLUMBIA ST,CHAPEL HILL,NC,27516,1706092140000,1706032800000,1706083200000,MISC OFFICER IN,RESIDENCE/HOME,N,NONE,60,W,M,-79.05698825,35.92127914,103606,POINT (35.92127914 -79.05698825)
221306,CHPD,SUSPICIOUS VEHICLE,100 DREW HILL LN,CHAPEL HILL,NC,27514,1704930060000,1704930060000,1704930060000,SUSPICIOUS/WANT,PARKING/DROP LOT/GARAGE,,,,,,-79.0103127,35.95122928,103641,POINT (35.95122928 -79.0103127)
221307,CHPD,USING FRAUDULENT ID CARD,206 W FRANKLIN ST,CHAPEL HILL,NC,27516,1704936180000,1704931200000,1704936180000,MISC OFFICER IN,BAR/NIGHTCLUB,,NONE,,,,-79.05887686,35.91235372,103644,POINT (35.91235372 -79.05887686)
221689,CHPD,LARCENY FROM MOTOR VEHICLE,1812 VILLAGE CROSSING DR,CHAPEL HILL,NC,27517,1705914120000,1705617000000,1705647600000,MISC OFFICER IN,PARKING/DROP LOT/GARAGE,,NONE,54,W,M,-79.00804036,35.90442402,103667,POINT (35.90442402 -79.00804036)
222004,CHPD,B&E    LARCENY F/VEHICLE,101 E FRANKLIN ST,CHAPEL HILL,NC,27514,1706787720000,1706787000000,1706787720000,THEFT/LARCENY,OTHER/UNKNOWN,,,18,B,M,-79.05568461,35.91339974,103668,POINT (35.91339974 -79.05568461)
221186,CHPD,B&E    LARCENY F/VEHICLE,643 WELLINGTON DR,CHAPEL HILL,NC,27514,1704656400000,1704649200000,1704656400000,THEFT/LARCENY,RESIDENCE/HOME,N,NONE,80,W,F,-79.0470567,35.93778475,103730,POINT (35.93778475 -79.0470567)
221214,CHPD,B&E    LARCENY F/VEHICLE,425 HILLSBOROUGH ST,CHAPEL HILL,NC,27514,1704712860000,1704587400000,1704712860000,THEFT/LARCENY,PARKING/DROP LOT/GARAGE,N,,21,W,M,-79.05228231,35.92033698,103738,POINT (35.92033698 -79.05228231)
221942,CHPD,B&E    LARCENY F/VEHICLE,100 JAY ST@VILLAGE DR,CHAPEL HILL,NC,27516,1706540580000,1706540580000,1706540580000,THEFT/LARCENY,PARKING/DROP LOT/GARAGE,Y,NONE,33,W,M,-79.06758297,35.92071299,103743,POINT (35.92071299 -79.06758297)
221218,CHPD,B&E    LARCENY F/VEHICLE,425 HILLSBOROUGH ST,CHAPEL HILL,NC,27514,1704721620000,1704670200000,1704720600000,MISC OFFICER IN,PARKING/DROP LOT/GARAGE,N,NONE,54,W,M,-79.05228231,35.92033698,103751,POINT (35.92033698 -79.05228231)
221969,CHPD,ABANDONED VEHICLE,EASTOWNE DR@FORDHAM BLVD,CHAPEL HILL,NC,27514,1706639040000,1706400000000,1706624400000,TRAFFIC VIOLATI,HIGHWAY/ROAD/ALLEY/STREET/SIDEWALK,,,,,,-79.00754072,35.94770879,103791,POINT (35.94770879 -79.00754072)
221978,CHPD,ABANDONED VEHICLE,100 CABERNET DR,CHAPEL HILL,NC,27516,1706693700000,1706693700000,1706693700000,TRAFFIC VIOLATI,HIGHWAY/ROAD/ALLEY/STREET/SIDEWALK,,,,,,-79.06724568,35.95438598,103797,POINT (35.95438598 -79.06724568)
222333,CHPD,CREDIT CARD FRAUD,180 PROVIDENCE RD,CHAPEL HILL,NC,27514,1707392220000,1705147200000,1707390000000,MISC OFFICER IN,CYBERSPACE,,NONE,,,,-79.0060914,35.95218787,103833,POINT (35.95218787 -79.0060914)
222349,CHPD,SUSPICIOUS VEHICLE,110 ASHLEY FOREST RD,CHAPEL HILL,NC,27514,1707408300000,1707408000000,1707408300000,SUSPICIOUS/WANT,PARKING/DROP LOT/GARAGE,,NONE,,,,-79.05667149,35.94401288,103849,POINT (35.94401288 -79.05667149)
222362,CHPD,LARCENY FROM MOTOR VEHICLE,424 BROOKSIDE DR,CHAPEL HILL,NC,27516,1707468840000,1707437520000,1707468840000,THEFT/LARCENY,RESIDENCE/HOME,,,22,B,F,-79.06194078,35.90488636,103855,POINT (35.90488636 -79.06194078)
222391,CHPD,B&E    LARCENY F/VEHICLE,5639 OLD CHAPEL HILL RD,DURHAM,NC,27707,1707498300000,1707427800000,1707444000000,THEFT/LARCENY,PARKING/DROP LOT/GARAGE,,NONE,39,W,M,-79.00216054,35.94401946,103865,POINT (35.94401946 -79.00216054)
222395,CHPD,VEHICLE LOCKOUT,5639 OLD CHAPEL HILL RD,DURHAM,NC,27514,1707511020000,1707509220000,1707511020000,PUBLIC SERVICE,PARKING/DROP LOT/GARAGE,,NONE,,B,F,-79.00216054,35.94401946,103870,POINT (35.94401946 -79.00216054)
221387,CHPD,B&E    LARCENY F/VEHICLE,521 COSGROVE AVE,CHAPEL HILL,NC,27514,1705233300000,1705165200000,1705233300000,THEFT/LARCENY,RESIDENCE/HOME,,,35,W,F,-79.01641983,35.94506263,103954,POINT (35.94506263 -79.01641983)
221399,CHPD,B&E    LARCENY F/VEHICLE,118 KENAN ST,CHAPEL HILL,NC,27516,1705279020000,1705273800000,1705273800000,THEFT/LARCENY,PARKING/DROP LOT/GARAGE,,NONE,21,W,F,-79.0600898,35.90985214,103968,POINT (35.90985214 -79.0600898)
221398,CHPD,B&E    LARCENY F/VEHICLE,201 S ELLIOTT RD,CHAPEL HILL,NC,27514,1705284600000,1705284540000,1705284600000,THEFT/LARCENY,PARKING/DROP LOT/GARAGE,Y,NONE,56,W,M,-79.02681021,35.93321975,103972,POINT (35.93321975 -79.02681021)
221408,CHPD,LARCENY FROM MOTOR VEHICLE,1003 S HAMILTON RD,CHAPEL HILL,NC,27517,1705301400000,1705262400000,1705301400000,THEFT/LARCENY,PARKING/DROP LOT/GARAGE,,NONE,36,W,M,-79.02368443,35.90710065,103973,POINT (35.90710065 -79.02368443)
221410,CHPD,LARCENY FROM MOTOR VEHICLE,3820 SWEETEN CREEK RD,CHAPEL HILL,NC,27514,1705324740000,1704992400000,1705165200000,MISC OFFICER IN,RESIDENCE/HOME,Y,,70,W,M,-79.02870611,35.96496252,103980,POINT (35.96496252 -79.02870611)
221419,CHPD,B&E    LARCENY F/VEHICLE,1211 E FRANKLIN ST,CHAPEL HILL,NC,27514,1705355520000,1705343400000,1705355520000,THEFT/LARCENY,OTHER/UNKNOWN,Y,NONE,35,W,M,-79.03857203,35.92485055,103990,POINT (35.92485055 -79.03857203)
221440,CHPD,LARCENY FROM MOTOR VEHICLE,5000 ENVIRON WAY,CHAPEL HILL,NC,27517,1705395780000,1705338000000,1705391100000,THEFT/LARCENY,PARKING/DROP LOT/GARAGE,Y,BLUNT OBJECT,24,W,M,-79.02003908,35.90575458,104000,POINT (35.90575458 -79.02003908)
223403,CHPD,LARCENY FROM MOTOR VEHICLE,100 AQUATIC DR,CHAPEL HILL,NC,27516,1709475900000,1709468100000,1709475780000,THEFT/LARCENY,PARKING/DROP LOT/GARAGE,Y,,46,W,F,-79.06489205,35.95585961,104004,POINT (35.95585961 -79.06489205)
223000,CHPD,B&E    LARCENY F/VEHICLE,213 PINEGATE CIR,CHAPEL HILL,NC,27514,1708775520000,1708747860000,1708767000000,THEFT/LARCENY,PARKING/DROP LOT/GARAGE,N,,26,W,M,-79.00943243,35.94953161,104020,POINT (35.94953161 -79.00943243)
222472,CHPD,LARCENY FROM MOTOR VEHICLE,100 EUROPA DR,CHAPEL HILL,NC,27516,1707731760000,1707725700000,1707731400000,THEFT/LARCENY,PARKING/DROP LOT/GARAGE,Y,BLUNT OBJECT,70,W,M,-79.01864858,35.9395374,104026,POINT (35.9395374 -79.01864858)
223227,CHPD,B&E    LARCENY F/VEHICLE,5639 OLD CHAPEL HILL RD,CHAPEL HILL,NC,27514,1709190180000,1709143200000,1709190000000,THEFT/LARCENY,RESIDENCE/HOME,Y,NONE,23,W,M,-79.00140527,35.94470831,104034,POINT (35.94470831 -79.00140527)
223714,CHPD,CREDIT CARD/ATM FRAUD,300 MCGREGOR DR,CHAPEL HILL,NC,27514,1710152940000,1709832540000,1709832600000,MISC OFFICER IN,RESIDENCE/HOME,,,58,B,F,-79.01833971,35.94556671,104073,POINT (35.94556671 -79.01833971)
224141,CHPD,SUSPICIOUS VEHICLE,1715 LEGION RD,CHAPEL HILL,NC,27517,1711247220000,1711247220000,1711247220000,SUSPICIOUS/WANT,PARKING/DROP LOT/GARAGE,,NONE,,,,-79.01839986,35.93851239,104083,POINT (35.93851239 -79.01839986)
223359,CHPD,SUSPICIOUS VEHICLE/PERSON,311 N ELLIOTT RD@AUDUBON RD,CHAPEL HILL,NC,27514,1709389740000,1709220600000,1709389740000,INFO MESSAGE,HIGHWAY/ROAD/ALLEY/STREET/SIDEWALK,N,,,U,F,-79.03747601,35.93617399,104104,POINT (35.93617399 -79.03747601)
223797,CHPD,B&E    LARCENY F/VEHICLE,101 COSGROVE AVE,CHAPEL HILL,NC,27514,1710271440000,1710268200000,1710271440000,THEFT/LARCENY,COMMERCIAL OFFICE BUILDING,,,69,B,F,-79.01650709,35.94378007,104141,POINT (35.94378007 -79.01650709)
222618,CHPD,VEHICLE LOCK OUT,1801 FORDHAM BLVD,CHAPEL HILL,NC,27514,1708015980000,1708015980000,1708015980000,PUBLIC SERVICE,HIGHWAY/ROAD/ALLEY/STREET/SIDEWALK,,NONE,63,W,F,-79.01279516,35.94777321,104195,POINT (35.94777321 -79.01279516)
223229,CHPD,TOWED VEHICLE,999 WEAVER DAIRY RD@VILCOM CENTER DR,CHAPEL HILL,NC,27514,1709192460000,1709192460000,1709192460000,TRAFFIC VIOLATI,HIGHWAY/ROAD/ALLEY/STREET/SIDEWALK,,,,,,-79.05191376,35.96385921,104197,POINT (35.96385921 -79.05191376)
222841,CHPD,LARCENY FROM MOTOR VEHICLE,1749 DOBBINS DR,CHAPEL HILL,NC,27514,1708490520000,1708473600000,1708490520000,THEFT/LARCENY,PARKING/DROP LOT/GARAGE,Y,NONE,22,W,M,-79.01449812,35.94562145,104213,POINT (35.94562145 -79.01449812)
222842,CHPD,LARCENY FROM MOTOR VEHICLE,100 PINEGATE CIR,CHAPEL HILL,NC,27514,1708497660000,1708496400000,1708497600000,THEFT/LARCENY,PARKING/DROP LOT/GARAGE,Y,UNKNOWN,31,W,M,-79.00964122,35.9480286,104243,POINT (35.9480286 -79.00964122)
223108,CHPD,LARCENY FROM MOTOR VEHICLE,322 W ROSEMARY ST,CHAPEL HILL,NC,27516,1708966440000,1708887600000,1708966440000,THEFT/LARCENY,PARKING/DROP LOT/GARAGE,,NONE,21,W,F,-79.06074108,35.9124851,104283,POINT (35.9124851 -79.06074108)
222940,CHPD,KEYS LOCKED IN VEHICLE,159 E FRANKLIN ST,CHAPEL HILL,NC,27514,1708670160000,1708669800000,1708670160000,SUSPICIOUS/WANT,HIGHWAY/ROAD/ALLEY/STREET/SIDEWALK,,NONE,,,,-79.05389449,35.91405859,104286,POINT (35.91405859 -79.05389449)
223057,CHPD,TOWED VEHICLE,100 MT CARMEL CHURCH RD@S COLUMBIA ST,CHAPEL HILL,NC,27517,1708889460000,1708889460000,1708889460000,TRAFFIC VIOLATI,HIGHWAY/ROAD/ALLEY/STREET/SIDEWALK,,NONE,,,,-79.02605791,35.84711102,104295,POINT (35.84711102 -79.02605791)
223820,CHPD,ASSIST CARRBORO WITH NARCOTIC SNIFF,601 JONES FERRY RD,CARRBORO,NC,27510,1710386040000,1710386040000,1710386040000,LE ASSISTANCE,HIGHWAY/ROAD/ALLEY/STREET/SIDEWALK,,,,,,-79.08795033,35.90449204,104324,POINT (35.90449204 -79.08795033)
222550,CHPD,TOWED VEHICLE,213 W FRANKLIN ST,CHAPEL HILL,NC,27516,1707834360000,1707523200000,1707834300000,TRAFFIC VIOLATI,HIGHWAY/ROAD/ALLEY/STREET/SIDEWALK,N,NONE,,,,-79.05899471,35.91141377,104356,POINT (35.91141377 -79.05899471)
223840,CHPD,B&E    LARCENY F/VEHICLE,502 GOMAINS AVE,CHAPEL HILL,NC,27516,1710441180000,1709922780000,1710441180000,THEFT/LARCENY,PARKING/DROP LOT/GARAGE,Y,NONE,29,W,F,-79.06425251,35.91619502,104368,POINT (35.91619502 -79.06425251)
223304,CHPD,ASSIST CARRBORO PD,203 BROAD ST,CARRBORO,NC,27510,1709297520000,1709297520000,1709297520000,THEFT/LARCENY,HIGHWAY/ROAD/ALLEY/STREET/SIDEWALK,N,,,,,-79.06829242,35.91222514,104405,POINT (35.91222514 -79.06829242)
222761,CHPD,B&E    LARCENY F/VEHICLE,116 SCHULTZ ST,CHAPEL HILL,NC,27514,1708321080000,1708293600000,1708320900000,THEFT/LARCENY,PARKING/DROP LOT/GARAGE,Y,,26,W,M,-79.04717748,35.96500615,104470,POINT (35.96500615 -79.04717748)
222764,CHPD,B&E    LARCENY F/VEHICLE,200 WESTMINSTER DR,CHAPEL HILL,NC,27514,1708328940000,1708327800000,1708328940000,THEFT/LARCENY,RESIDENCE/HOME,Y,NONE,47,W,F,-79.05477174,35.96112265,104473,POINT (35.96112265 -79.05477174)
223608,CHPD,B&E    LARCENY F/VEHICLE,125 MALLETTE ST,CHAPEL HILL,NC,27516,1709890560000,1709836200000,1709845200000,MISC OFFICER IN,RESIDENCE/HOME,,NONE,61,U,F,-79.05799592,35.91054809,104492,POINT (35.91054809 -79.05799592)
223620,CHPD,LARCENY FROM VEHICLE,712 CHURCH ST,CHAPEL HILL,NC,27516,1709883000000,1709870400000,1709883000000,FRAUD OR DECEPT,RESIDENCE/HOME,N,NONE,23,B,M,-79.06133887,35.91860892,104500,POINT (35.91860892 -79.06133887)
223612,CHPD,B&E    LARCENY F/VEHICLE,200 PERKINS DR,CHAPEL HILL,NC,27514,1709900400000,1709380800000,1709841600000,THEFT/LARCENY,PARKING/DROP LOT/GARAGE,,NONE,61,W,M,-79.05677962,35.96688449,104520,POINT (35.96688449 -79.05677962)
222590,CHPD,ABANDONED VEHICLE,399 UMSTEAD DR,CHAPEL HILL,NC,27516,1707969600000,1707969480000,1707969540000,MISC OFFICER IN,PARKING/DROP LOT/GARAGE,,NONE,32,B,M,-79.06352973,35.92143651,104526,POINT (35.92143651 -79.06352973)
222821,CHPD,B&E    LARCENY F/VEHICLE,316 W ROSEMARY ST,CHAPEL HILL,NC,27516,1708437300000,1708331400000,1708436100000,THEFT/LARCENY,PARKING/DROP LOT/GARAGE,Y,NONE,21,W,F,-79.0602162,35.91293081,104548,POINT (35.91293081 -79.0602162)
224164,CHPD,SUSPICIOUS VEHICLE,180 E FRANKLIN ST@HENDERSON ST,CHAPEL HILL,NC,27514,1711320480000,1711320480000,1711320480000,TRAFFIC VIOLATI,HIGHWAY/ROAD/ALLEY/STREET/SIDEWALK,,NONE,,,,-79.05289,35.91431801,104557,POINT (35.91431801 -79.05289)
222573,CHPD,ABANDONED VEHICLE,399 UMSTEAD DR,CHAPEL HILL,NC,27516,1707919380000,1707915600000,1707919380000,MISC OFFICER IN,PARK/PLAYGROUND,,NONE,,,,-79.06352973,35.92143651,104558,POINT (35.92143651 -79.06352973)
222600,CHPD,CREDIT CARD/ATM FRAUD,1721 FORDHAM BLVD,CHAPEL HILL,NC,27517,1707992700000,1707739200000,1707987600000,ADMINISTRATIVE,LIQUOR STORE,,NONE,27,B,M,-79.04937873,35.89503215,104564,POINT (35.89503215 -79.04937873)
224177,CHPD,SUSPICIOUS VEHICLE,1003 S HAMILTON RD,CHAPEL HILL,NC,27517,1711363440000,1711363440000,1711363440000,SUSPICIOUS/WANT,GOVERNMENT/PUBLIC BUILDING,N,,,,,-79.02368443,35.90710065,104570,POINT (35.90710065 -79.02368443)
224070,CHPD,VEHICLE NOT RETURNED,300 SCHOOL LN,CHAPEL HILL,NC,27516,1711074600000,1711053000000,1711067400000,THEFT/LARCENY,RESIDENCE/HOME,,,65,B,M,-79.06190633,35.91789717,104592,POINT (35.91789717 -79.06190633)
224092,CHPD,CARELESS AND RECKLESS DRIVING,NC 86@WESTMINSTER DR,CHAPEL HILL,,27514,1711122360000,1711122360000,1711122360000,TRAFFIC STOP,,,,,,,-79.05760289,35.96113681,104606,POINT (35.96113681 -79.05760289)
223808,CHPD,VEHICLE FIRE,NC HWY 54 @ E BARBEE CHAPEL RD,CHAPEL HILL,NC,27514,1710347520000,1710346800000,1710347520000,VEHICLE FIRE,HIGHWAY/ROAD/ALLEY/STREET/SIDEWALK,,,36,A,F,-79.00729001,35.90180999,104628,POINT (35.90180999 -79.00729001)
222475,CHPD,B&E    LARCENY F/VEHICLE,216 VANCE ST,CHAPEL HILL,NC,27516,1707740520000,1706637600000,1707220800000,MISC OFFICER IN,RESIDENCE/HOME,N,NONE,54,W,F,-79.05631904,35.90651924,104651,POINT (35.90651924 -79.05631904)
224205,CHPD,CARRBORO POLICE,9217 SEAWELL SCHOOL RD,CHAPEL HILL,NC,27516,1711448820000,1711448700000,1711448820000,LE ASSISTANCE,SCHOOL-COLLEGE/UNIVERSITY,,,,,,-79.07840711,35.9461511,104664,POINT (35.9461511 -79.07840711)
223893,CHPD,ABANDONED VEHICLE,9115 SEAWELL SCHOOL RD,CHAPEL HILL,NC,27516,1710585060000,1710585060000,1710585060000,TRAFFIC VIOLATI,HIGHWAY/ROAD/ALLEY/STREET/SIDEWALK,,NONE,,,,-79.07868271,35.94079427,104666,POINT (35.94079427 -79.07868271)
223831,CHPD,LARCENY FROM MOTOR VEHICLE,1105 W NORTH CAROLINA HWY,CHAPEL HILL,NC,27516,1710345600000,1710030000000,1710061200000,MISC OFFICER IN,RESIDENCE/HOME,,NONE,47,W,M,-79.12888412,35.87740677,104692,POINT (35.87740677 -79.12888412)
223881,CHPD,VEHICLE LOCKOUT,113 STEPHENS ST,CHAPEL HILL,NC,27516,1710539940000,1710539700000,1710539940000,PUBLIC SERVICE,PARKING/DROP LOT/GARAGE,,NONE,21,A,F,-79.05780951,35.91785841,104705,POINT (35.91785841 -79.05780951)
223529,CHPD,SUSPICIOUS VEHICLE,317 SONOMA WAY,CHAPEL HILL,NC,27516,1709734620000,1709734380000,1709734620000,SUSPICIOUS/WANT,PARKING/DROP LOT/GARAGE,,NONE,,,,-79.06951408,35.95531512,104707,POINT (35.95531512 -79.06951408)
222498,CHPD,ASSIST CARRBORO,114 SWANSBORO LN,CHAPEL HILL,NC,27516,1707768900000,1707768900000,1707768900000,BURGLARY/HOME I,RESIDENCE/HOME,,NONE,,,,-79.08628141,35.94117326,104717,POINT (35.94117326 -79.08628141)
222444,CHPD,B&E TO VEHICLE,116 W STINSON ST,CHAPEL HILL,NC,27516,1707642060000,1707616800000,1707634800000,THEFT/LARCENY,RESIDENCE/HOME,N,NONE,21,W,M,-79.06033196,35.91885355,104728,POINT (35.91885355 -79.06033196)
223727,CHPD,SUSPICIOUS VEHICLE,1800 MARTIN LUTHER KING JR BLVD,CHAPEL HILL,NC,27514,1710165300000,1708905600000,1708905600000,SUSPICIOUS/WANT,PARKING/DROP LOT/GARAGE,,NONE,,,,-79.05864946,35.96823356,104729,POINT (35.96823356 -79.05864946)
223437,CHPD,ABANDONED VEHICLE,402 N ELLIOTT RD,CHAPEL HILL,NC,27514,1709576820000,1709576400000,1709576400000,SUSPICIOUS/WANT,HIGHWAY/ROAD/ALLEY/STREET/SIDEWALK,N,NONE,,,,-79.03844027,35.93650412,104739,POINT (35.93650412 -79.03844027)
223534,CHPD,B&E    LARCENY F/VEHICLE,401 KILDAIRE RD,CHAPEL HILL,NC,27516,1709740620000,1709739900000,1709740620000,THEFT/LARCENY,PARKING/DROP LOT/GARAGE,N,NONE,,W,F,-79.06683648,35.87931468,104758,POINT (35.87931468 -79.06683648)
223904,CHPD,ABANDONED VEHICLE,1607 OLD OXFORD RD,CHAPEL HILL,NC,27514,1710598560000,1710598560000,1710598560000,MISC OFFICER IN,HIGHWAY/ROAD/ALLEY/STREET/SIDEWALK,,,,,,-79.03115774,35.9374493,104770,POINT (35.9374493 -79.03115774)
222503,CHPD,B&E    LARCENY F/VEHICLE,303 N COLUMBIA ST,CHAPEL HILL,NC,27516,1707780300000,1707778500000,1707780300000,THEFT/LARCENY,RESIDENCE/HOME,N,,23,W,F,-79.05736786,35.91525649,104789,POINT (35.91525649 -79.05736786)
223745,CHPD,B&E    LARCENY F/VEHICLE,106 LEGION RD,CHAPEL HILL,NC,27517,1710202140000,1710202020000,1710202080000,THEFT/LARCENY,RESIDENCE/HOME,,NONE,48,W,F,-79.01023567,35.94258934,104793,POINT (35.94258934 -79.01023567)
222901,CHPD,LARCENY FROM MOTOR VEHICLE,1703 VILLAGE CROSSING DR,CHAPEL HILL,NC,27517,1708593540000,1707922800000,1707922800000,MISC OFFICER IN,PARKING/DROP LOT/GARAGE,,NONE,72,W,M,-79.00744826,35.90398556,104795,POINT (35.90398556 -79.00744826)
223414,CHPD,LARCENY OF HEALTHCARE CARD,1720 FORDHAM BLVD,CHAPEL HILL,NC,27514,1709499240000,1709496600000,1709499180000,ADMINISTRATIVE,GROCERY/SUPERMARKET,N,NONE,64,B,F,-79.02209589,35.93688507,104809,POINT (35.93688507 -79.02209589)
224250,CHPD,DAMAGE TO VEHICLE,420 OVERLAND DR,CHAPEL HILL,NC,27517,1711538580000,1711407600000,1711431900000,MISC OFFICER IN,HIGHWAY/ROAD/ALLEY/STREET/SIDEWALK,,NONE,23,W,M,-79.00713797,35.93406834,104824,POINT (35.93406834 -79.00713797)
224260,CHPD,B&E    LARCENY F/VEHICLE,615 EASTOWNE DR,CHAPEL HILL,NC,27514,1711552200000,1711544400000,1711550700000,THEFT/LARCENY,PARKING/DROP LOT/GARAGE,Y,NONE,62,W,M,-79.00627882,35.95171941,104830,POINT (35.95171941 -79.00627882)
224255,CHPD,LARCENY FROM MOTOR VEHICLE,1830 FORDHAM BLVD,CHAPEL HILL,NC,27517,1711547220000,1711515600000,1711547220000,THEFT/LARCENY,PARKING/DROP LOT/GARAGE,,,32,W,M,-79.0061132,35.94562539,104832,POINT (35.94562539 -79.0061132)
224262,CHPD,B&E    LARCENY F/VEHICLE,1 EUROPA DR,CHAPEL HILL,NC,27514,1711558080000,1711554480000,1711558080000,THEFT/LARCENY,PARKING/DROP LOT/GARAGE,,NONE,56,W,F,-79.01736414,35.94120209,104835,POINT (35.94120209 -79.01736414)
223682,CHPD,RECOVERED STOLEN VEHICLE,107 FERN LN@IRIS LN,CHAPEL HILL,NC,27514,1710066060000,1710065880000,1710066060000,THEFT/LARCENY,HIGHWAY/ROAD/ALLEY/STREET/SIDEWALK,,NONE,62,B,F,-79.03569302,35.899683,104869,POINT (35.899683 -79.03569302)
223500,CHPD,ASSIST CARRBORO POLICE DEPARTMENT,826 PERKINS DR,CHAPEL HILL,NC,27514,1709675760000,1709675640000,1709675700000,MISSING/RUNAWAY,RESIDENCE/HOME,,NONE,,,,-79.05597948,35.96665064,104887,POINT (35.96665064 -79.05597948)
224009,CHPD,B&E    LARCENY F/VEHICLE,1081 NC 54,CHAPEL HILL,NC,27514,1710933420000,1710931500000,1710933420000,THEFT/LARCENY,PARKING/DROP LOT/GARAGE,,NONE,25,W,M,-79.06466473,35.89629696,104906,POINT (35.89629696 -79.06466473)
224028,CHPD,TOWED VEHICLE,1710 E FRANKLIN ST,CHAPEL HILL,NC,27514,1710984720000,1710984720000,1710984720000,TRAFFIC/TRANSPO,HIGHWAY/ROAD/ALLEY/STREET/SIDEWALK,,NONE,63,W,M,-79.0268491,35.93582338,104922,POINT (35.93582338 -79.0268491)
223299,CHPD,B&E    LARCENY F/VEHICLE,600 MARTIN LUTHER KING JR BLVD,CHAPEL HILL,NC,27514,1709300100000,1709254800000,1709289000000,MISC OFFICER IN,PARKING/DROP LOT/GARAGE,,NONE,22,B,F,-79.05569215,35.91855859,104954,POINT (35.91855859 -79.05569215)
223364,CHPD,B&E    LARCENY F/VEHICLE,107 SUMAC RD,CHAPEL HILL,NC,27514,1709394840000,1709394300000,1709394300000,SUSPICIOUS/WANT,PARKING/DROP LOT/GARAGE,Y,,42,W,M,-79.06572537,35.87851513,104957,POINT (35.87851513 -79.06572537)
223407,CHPD,TOWED VEHICLE,200 E FRANKLIN ST,CHAPEL HILL,NC,27514,1709486640000,1709480280000,1709480280000,MISC OFFICER IN,HIGHWAY/ROAD/ALLEY/STREET/SIDEWALK,,,,,,-79.05279642,35.91428935,104997,POINT (35.91428935 -79.05279642)
224632,CHPD,ABANDONED VEHICLE,1829 N LAKESHORE DR,CHAPEL HILL,NC,27514,1712569380000,1712569380000,1712569380000,MISC OFFICER IN,RESIDENCE/HOME,,NONE,,,,35.94355854,-79.0385214,105034,POINT (-79.0385214 35.94355854)
224531,CHPD,ASSIST CARRBORO,W MAIN ST@ HIGH ST,CARRBORO,NC,27510,1712275260000,1712275260000,1712275260000,TRAFFIC STOP,HIGHWAY/ROAD/ALLEY/STREET/SIDEWALK,N,NONE,,,,35.915782,-79.08650403,105037,POINT (-79.08650403 35.915782)
224635,CHPD,SUSPICIOUS VEHICLES,220 ELIZABETH ST,CHAPEL HILL,NC,27514,1712571240000,1712571240000,1712571240000,TRAFFIC VIOLATI,RESIDENCE/HOME,,NONE,,,,35.9248122,-79.0412757,105038,POINT (-79.0412757 35.9248122)
225335,CHPD,SUSPICIOUS VEHICLE,201 CULBRETH RD,CHAPEL HILL,NC,27516,1714124220000,1714124220000,1714120800000,SUSPICIOUS/WANT,PARKING/DROP LOT/GARAGE,,NONE,40,W,M,35.89212667,-79.06312556,105040,POINT (-79.06312556 35.89212667)
224271,CHPD,LARCENY FROM MOTOR VEHICLE,202 GARDEN ST,CHAPEL HILL,NC,27517,1711580640000,1711580340000,1711580640000,SUSPICIOUS/WANT,PARKING/DROP LOT/GARAGE,,NONE,27,W,F,-79.00843792,35.94131592,105041,POINT (35.94131592 -79.00843792)
224727,CHPD,CREDIT CARD/ATM FRAUD,1749 DOBBINS DR,CHAPEL HILL,NC,27514,1712768760000,1712768760000,1711710300000,FRAUD OR DECEPT,ATM SEPARATE FROM BANK,,,52,B,F,35.94601774,-79.01503917,105048,POINT (-79.01503917 35.94601774)
224279,CHPD,B&E    LARCENY F/VEHICLE,100 MARRIOTT WAY,CHAPEL HILL,NC,27517,1711607220000,1711566000000,1711607100000,THEFT/LARCENY,PARKING/DROP LOT/GARAGE,Y,,51,W,M,-79.01013684,35.90166976,105069,POINT (35.90166976 -79.01013684)
224427,CHPD,LARCENY FROM MOTOR VEHICLE,XX,CHAPEL HILL,NC,27516,1712000340000,1712000340000,1712000340000,THEFT/LARCENY,PARKING/DROP LOT/GARAGE,N,NONE,20,W,M,0.0,0.0,105079,POINT (0 0)
225208,CHPD,B&E    LARCENY F/VEHICLE,625 S ELLIOTT RD,CHAPEL HILL,NC,27517,1713777780000,1713777780000,1713775500000,MISC OFFICER IN,PARKING/DROP LOT/GARAGE,N,,22,A,F,35.93312168,-79.02106525,105098,POINT (-79.02106525 35.93312168)
224756,CHPD,B&E    LARCENY F/VEHICLE,201 S ESTES DR,CHAPEL HILL,NC,27514,1712835840000,1712835840000,1712835600000,MISC OFFICER IN,PARKING/DROP LOT/GARAGE,N,NONE,,,,35.92635401,-79.02782182,105102,POINT (-79.02782182 35.92635401)
224924,CHPD,B&E    LARCENY F/VEHICLE,103 SCHULTZ ST,CHAPEL HILL,NC,27514,1713189660000,1713189660000,1713163500000,THEFT/LARCENY,PARKING/DROP LOT/GARAGE,N,,48,B,M,35.96481881,-79.04774343,105106,POINT (-79.04774343 35.96481881)
225085,CHPD,B&E    LARCENY F/VEHICLE,1513 E FRANKLIN ST,CHAPEL HILL,NC,27514,1713514200000,1713514200000,1713456000000,MISC OFFICER IN,PARKING/DROP LOT/GARAGE,N,NONE,29,W,F,35.93160204,-79.03445694,105134,POINT (-79.03445694 35.93160204)
225261,CHPD,CHARGE CARD FRAUD,1905 EPHESUS CHURCH RD,CHAPEL HILL,NC,27514,1713890880000,1713890880000,1708706880000,MISC OFFICER IN,RESIDENCE/HOME,,NONE,44,A,F,35.93207068,-79.00536134,105157,POINT (-79.00536134 35.93207068)
225268,CHPD,ABANDONED VEHICLE,FORDHAM BLVD @ CLELAND DR,CHAPEL HILL,NC,27517,1713916560000,1713916560000,1713916560000,TRAFFIC VIOLATI,HIGHWAY/ROAD/ALLEY/STREET/SIDEWALK,,NONE,,,,35.92074702,-79.02565099,105158,POINT (-79.02565099 35.92074702)
225271,CHPD,B&E    LARCENY F/VEHICLE,100 MARRIOTT WAY,CHAPEL HILL,NC,27517,1713946500000,1713946500000,1713945600000,THEFT/LARCENY,HOTEL/MOTEL/ETC.,Y,NONE,55,W,M,35.90098463,-79.00986577,105161,POINT (-79.00986577 35.90098463)
225272,CHPD,B&E    LARCENY F/VEHICLE,410 PITTSBORO ST,CHAPEL HILL,NC,27516,1713948300000,1713948300000,1713945900000,THEFT/LARCENY,PARKING/DROP LOT/GARAGE,N,NONE,52,W,F,35.90571001,-79.05499344,105163,POINT (-79.05499344 35.90571001)
225273,CHPD,B&E    LARCENY F/VEHICLE,1 EUROPA DR,CHAPEL HILL,NC,27514,1713948360000,1713948360000,1713948360000,THEFT/LARCENY,PARKING/DROP LOT/GARAGE,,,43,W,M,35.94103638,-79.01814173,105166,POINT (-79.01814173 35.94103638)
225399,CHPD,B&E    LARCENY F/VEHICLE,100 MARRIOTT WAY,CHAPEL HILL,NC,27517,1714295520000,1714295520000,1714295400000,THEFT/LARCENY,HOTEL/MOTEL/ETC.,,NONE,29,W,M,35.90098463,-79.00986577,105170,POINT (-79.00986577 35.90098463)
225398,CHPD,B&E    LARCENY F/VEHICLE,411 FLEMINGTON RD,CHAPEL HILL,NC,27517,1714293240000,1714293240000,1714287600000,THEFT/LARCENY,PARKING/DROP LOT/GARAGE,Y,UNKNOWN,54,W,M,35.91440372,-79.02478623,105173,POINT (-79.02478623 35.91440372)
225413,CHPD,TOWED VEHICLE,100 E ROSEMARY ST,CHAPEL HILL,NC,27514,1714312740000,1714312740000,1714312740000,TRAFFIC VIOLATI,PARKING/DROP LOT/GARAGE,,NONE,,,,35.91423843,-79.05581327,105203,POINT (-79.05581327 35.91423843)
225527,CHPD,TOWED VEHICLE,123 E FRANKLIN ST,CHAPEL HILL,NC,27514,1714549260000,1714549260000,1714549260000,TRAFFIC VIOLATI,HIGHWAY/ROAD/ALLEY/STREET/SIDEWALK,,,,,,35.91353129,-79.05485195,105208,POINT (-79.05485195 35.91353129)
225245,CHPD,SUSPICIOUS VEHICLE,1000 NOVUS LN,CHAPEL HILL,NC,27517,1713869280000,1713869280000,1713869280000,SUSPICIOUS/WANT,PARKING/DROP LOT/GARAGE,,NONE,,,,35.93886677,-79.02067189,105239,POINT (-79.02067189 35.93886677)
225258,CHPD,LARCENY FROM MOTOR VEHICLE,1830 FORDHAM BLVD,CHAPEL HILL,NC,27517,1713882420000,1713882420000,1713882420000,DAMAGE/VANDALIS,PARKING/DROP LOT/GARAGE,Y,UNKNOWN,57,W,M,35.94602227,-79.00658728,105248,POINT (-79.00658728 35.94602227)
225279,CHPD,TOWED VEHICLES,408 W ROSEMARY ST,CHAPEL HILL,NC,27516,1713963540000,1713963540000,1713963540000,DISTURBANCE/NUI,PARKING/DROP LOT/GARAGE,,,,,,35.91139277,-79.06326906,105265,POINT (-79.06326906 35.91139277)
225092,CHPD,LARCENY FROM MOTOR VEHICLE,1517 E FRANKLIN ST,CHAPEL HILL,NC,27514,1713519840000,1713519840000,1713519600000,THEFT/LARCENY,PARKING/DROP LOT/GARAGE,N,,32,B,M,35.93181156,-79.03271517,105274,POINT (-79.03271517 35.93181156)
225137,CHPD,ATTEMPTED B&E TO VEHICLE,218 CONNER DR,CHAPEL HILL,NC,27514,1713616980000,1713616980000,1713434400000,THEFT/LARCENY,PARKING/DROP LOT/GARAGE,,,38,W,M,35.93217646,-79.0293143,105324,POINT (-79.0293143 35.93217646)
224573,CHPD,VEHICLE UNLOCK,201 VALLEY PARK DR,CHAPEL HILL,NC,27514,1712398920000,1712398920000,1712398680000,PUBLIC SERVICE,RESIDENCE/HOME,,,,,,35.92438204,-79.0340888,105325,POINT (-79.0340888 35.92438204)
225161,CHPD,ABANDONED VEHICLE,1832 FORDHAM BLVD@E FRANKLIN ST,CHAPEL HILL,NC,27514,1713658260000,1713658260000,1713658200000,TRAFFIC STOP,HIGHWAY/ROAD/ALLEY/STREET/SIDEWALK,,NONE,,,,35.9348989,-79.02390672,105346,POINT (-79.02390672 35.9348989)
225322,CHPD,FRAUD-GIFTCARDS,202 BROOKGREEN DR,CHAPEL HILL,NC,27516,1714068360000,1714068360000,1714068000000,FRAUD OR DECEPT,RESIDENCE/HOME,N,NONE,73,W,M,35.88228251,-79.06712767,105366,POINT (-79.06712767 35.88228251)
225325,CHPD,B&E    LARCENY F/VEHICLE,201 S ESTES DR,CHAPEL HILL,NC,27514,1714085340000,1714085340000,1714085100000,THEFT/LARCENY,HIGHWAY/ROAD/ALLEY/STREET/SIDEWALK,,NONE,54,W,M,35.92635401,-79.02782182,105368,POINT (-79.02782182 35.92635401)
225329,CHPD,B&E    LARCENY F/VEHICLE,100 MARRIOTT WAY,CHAPEL HILL,NC,27517,1714094580000,1714094580000,1714094280000,THEFT/LARCENY,PARKING/DROP LOT/GARAGE,Y,UNKNOWN,64,W,M,35.90098463,-79.00986577,105369,POINT (-79.00986577 35.90098463)
225327,CHPD,SUSPICIOUS VEHICLE,1 EUROPA DR,CHAPEL HILL,NC,27514,1714096860000,1714096860000,1714096860000,TRAFFIC STOP,PARKING/DROP LOT/GARAGE,,,,,,35.94103638,-79.01814173,105379,POINT (-79.01814173 35.94103638)
225187,CHPD,TOWED VEHICLE,300 E FRANKLIN ST,CHAPEL HILL,NC,27514,1713728820000,1713728820000,1713728820000,TRAFFIC VIOLATI,HIGHWAY/ROAD/ALLEY/STREET/SIDEWALK,,,,,,35.9151237,-79.05058922,105402,POINT (-79.05058922 35.9151237)
224906,CHPD,B&E    LARCENY F/VEHICLE,933 N HERITAGE CIR,CHAPEL HILL,NC,27516,1713171720000,1713171720000,1713171600000,THEFT/LARCENY,PARKING/DROP LOT/GARAGE,Y,,18,B,F,35.94815417,-79.06194162,105427,POINT (-79.06194162 35.94815417)
225377,CHPD,B&E    LARCENY F/VEHICLE,1720 FORDHAM BLVD,CHAPEL HILL,NC,27517,1714240920000,1714240920000,1714240920000,SUSPICIOUS/WANT,PARKING/DROP LOT/GARAGE,,,24,A,F,35.9370129,-79.02326684,105428,POINT (-79.02326684 35.9370129)
224673,CHPD,B&E    LARCENY F/VEHICLE,1611 E FRANKLIN ST,CHAPEL HILL,NC,27514,1712672460000,1712672460000,1712667600000,THEFT/LARCENY,PARKING/DROP LOT/GARAGE,,NONE,90,B,F,35.9343208,-79.03021477,105450,POINT (-79.03021477 35.9343208)
224768,CHPD,CARELESS AND RECKLESS DRIVING,828 MARTIN LUTHER KING JR BLVD,CHAPEL HILL,NC,27514,1712852940000,1712852940000,1712852940000,INFO MESSAGE,,,,,,,35.9268192,-79.05381796,105458,POINT (-79.05381796 35.9268192)
224728,CHPD,B&E    LARCENY F/VEHICLE,107 SUMAC RD,CHAPEL HILL,NC,27516,1712771400000,1712771400000,1712771340000,DAMAGE/VANDALIS,PARKING/DROP LOT/GARAGE,Y,NONE,39,B,F,35.87859543,-79.06590634,105467,POINT (-79.06590634 35.87859543)
224703,CHPD,THEFT FROM A VEHICLE,104 N ELLIOTT RD,CHAPEL HILL,NC,27514,1712739300000,1712739300000,1712625000000,THEFT/LARCENY,PARKING/DROP LOT/GARAGE,N,,44,W,F,35.93610342,-79.03001822,105488,POINT (-79.03001822 35.93610342)
224721,CHPD,B&E    LARCENY F/VEHICLE,1513 E FRANKLIN ST,CHAPEL HILL,NC,27514,1712763420000,1712763420000,1712750400000,MISC OFFICER IN,PARKING/DROP LOT/GARAGE,N,NONE,29,W,F,35.93160204,-79.03445694,105498,POINT (-79.03445694 35.93160204)
225547,CHPD,VEHICLE FIRE,107 SUMAC RD,CHAPEL HILL,NC,27516,1714582860000,1714582860000,1714582860000,VEHICLE FIRE,PARKING/DROP LOT/GARAGE,,,,W,F,35.87859543,-79.06590634,105506,POINT (-79.06590634 35.87859543)
224548,CHPD,ABANDONED VEHICLE,150 E ROSEMARY ST,CHAPEL HILL,NC,27514,1712319240000,1712319240000,1712319240000,MISC OFFICER IN,PARKING/DROP LOT/GARAGE,N,,,,,35.91483991,-79.05421912,105536,POINT (-79.05421912 35.91483991)
224872,CHPD,B&E    LARCENY F/VEHICLE,202 W ROSEMARY ST,CHAPEL HILL,NC,27516,1713068220000,1713068220000,1713056820000,THEFT/LARCENY,PARKING/DROP LOT/GARAGE,,,30,A,M,35.9134999,-79.05784085,105543,POINT (-79.05784085 35.9134999)
224897,CHPD,B&E    LARCENY F/VEHICLE,300 CARRAWAY CROSSING,CHAPEL HILL,NC,27516,1713159120000,1713159120000,1713159120000,THEFT/LARCENY,PARKING/DROP LOT/GARAGE,,,27,B,F,35.97090613,-79.0680444,105549,POINT (-79.0680444 35.97090613)
224439,CHPD,B&E    LARCENY F/VEHICLE,XX,CHAPEL HILL,NC,27516,1712042700000,1712042700000,1712042100000,THEFT/LARCENY,PARKING/DROP LOT/GARAGE,Y,,42,W,M,0.0,0.0,105582,POINT (0 0)
224778,CHPD,SUSPICIOUS VEHICLE,399 UMSTEAD DR,CHAPEL HILL,NC,27516,1712874060000,1712874060000,1712874060000,SUSPICIOUS/WANT,PARKING/DROP LOT/GARAGE,,,,,,35.92191445,-79.06342119,105631,POINT (-79.06342119 35.92191445)
224777,CHPD,UNLOCK VEHICLE,432 S HERITAGE LOOP,CHAPEL HILL,NC,27516,1712875020000,1712875020000,1712874600000,PUBLIC SERVICE,HIGHWAY/ROAD/ALLEY/STREET/SIDEWALK,N,NONE,,,,35.94645327,-79.06172419,105633,POINT (-79.06172419 35.94645327)
224784,CHPD,VEHICLE UNLOCK,103 E FRANKLIN ST,CHAPEL HILL,NC,27514,1712884800000,1712884800000,1712884800000,PUBLIC SERVICE,HIGHWAY/ROAD/ALLEY/STREET/SIDEWALK,,,18,W,F,35.91325582,-79.0555443,105636,POINT (-79.0555443 35.91325582)
224276,CHPD,SUSPICIOUS VEHICLE,501 KILDAIRE RD,CHAPEL HILL,NC,27516,1711596180000,1711596180000,1711596180000,MISC OFFICER IN,PARKING/DROP LOT/GARAGE,,,,,,-79.06842644,35.87882342,105672,POINT (35.87882342 -79.06842644)
224746,CHPD,SUSPICIOUS VEHICLE,399 UMSTEAD DR,CHAPEL HILL,NC,27516,1712822220000,1712822220000,1712822220000,SUSPICIOUS/WANT,PARK/PLAYGROUND,N,NONE,,,,35.92191445,-79.06342119,105697,POINT (-79.06342119 35.92191445)
224851,CHPD,B&E    LARCENY F/VEHICLE,431 W FRANKLIN ST,CHAPEL HILL,NC,27516,1713022320000,1713022320000,1713022320000,THEFT/LARCENY,PARKING/DROP LOT/GARAGE,,UNKNOWN,46,W,F,35.91037194,-79.06282398,105708,POINT (-79.06282398 35.91037194)
224359,CHPD,B&E    LARCENY F/VEHICLE,1 EUROPA DR,CHAPEL HILL,NC,27514,1711780740000,1711737000000,1711780740000,THEFT/LARCENY,HOTEL/MOTEL/ETC.,,NONE,23,W,F,-79.01736414,35.94120209,105718,POINT (35.94120209 -79.01736414)
224360,CHPD,VEHICLE BREAK-IN,101 ERWIN RD,CHAPEL HILL,NC,27514,1711783320000,1711783320000,1711783320000,THEFT/LARCENY,PARKING/DROP LOT/GARAGE,,UNKNOWN,61,W,M,-79.01960253,35.94335594,105720,POINT (35.94335594 -79.01960253)
224937,CHPD,B&E    LARCENY F/VEHICLE,1081 NC 54,CHAPEL HILL,NC,27514,1713205740000,1713205740000,1713205500000,THEFT/LARCENY,PARKING/DROP LOT/GARAGE,N,NONE,24,W,F,35.89680491,-79.06428545,105729,POINT (-79.06428545 35.89680491)
224995,CHPD,B&E    LARCENY F/VEHICLE,1521 E FRANKLIN ST,CHAPEL HILL,NC,27514,1713316920000,1713316920000,1713316920000,THEFT/LARCENY,PARKING/DROP LOT/GARAGE,,UNKNOWN,36,W,F,35.93239665,-79.03208553,105741,POINT (-79.03208553 35.93239665)
224992,CHPD,B&E    LARCENY F/VEHICLE,207 CONNER DR,CHAPEL HILL,NC,27514,1713318000000,1713318000000,1713317940000,THEFT/LARCENY,PARKING/DROP LOT/GARAGE,Y,NONE,23,W,F,35.93140796,-79.03070989,105743,POINT (-79.03070989 35.93140796)
224996,CHPD,ABANDONED VEHICLE,2099 EUBANKS RD@NORTHWOOD DR,CHAPEL HILL,NC,27516,1713329220000,1713329220000,1713329220000,TRAFFIC VIOLATI,HIGHWAY/ROAD/ALLEY/STREET/SIDEWALK,,,,,,35.96950451,-79.06641596,105746,POINT (-79.06641596 35.96950451)
225008,CHPD,SUSPICIOUS VEHICLE,501 WEAVER DAIRY RD,CHAPEL HILL,NC,27514,1713356100000,1713356100000,1713356100000,MISC OFFICER IN,PARKING/DROP LOT/GARAGE,,NONE,,,,35.96128643,-79.03288139,105753,POINT (-79.03288139 35.96128643)
225330,CHPD,B&E    LARCENY F/VEHICLE,3690 S COLUMBIA ST,CHAPEL HILL,NC,27516,1714099560000,1714099560000,1714099500000,THEFT/LARCENY,PARKING/DROP LOT/GARAGE,Y,NONE,54,W,M,35.88287272,-79.06115514,105773,POINT (-79.06115514 35.88287272)
224372,CHPD,ABANDONED VEHICLE,FORDHAM BLVD@S CHRISTOPHER RD,CHAPEL HILL,NC,27517,1711799280000,1711798800000,1711799280000,TRAFFIC VIOLATI,HIGHWAY/ROAD/ALLEY/STREET/SIDEWALK,,,,,,-79.02638399,35.91778456,105779,POINT (35.91778456 -79.02638399)
224378,CHPD,SUSPICIOUS VEHICLE,625 S ELLIOTT RD,CHAPEL HILL,NC,27517,1711807920000,1711807680000,1711807680000,SUSPICIOUS/WANT,PARKING/DROP LOT/GARAGE,,NONE,,,,-79.02107221,35.93314725,105783,POINT (35.93314725 -79.02107221)
224509,CHPD,B&E    LARCENY F/VEHICLE,411 FLEMINGTON RD,CHAPEL HILL,NC,27514,1712224680000,1712224680000,1712224680000,THEFT/LARCENY,PARKING/DROP LOT/GARAGE,,NONE,24,B,M,35.91440372,-79.02478623,105885,POINT (-79.02478623 35.91440372)
224516,CHPD,B&E    LARCENY F/VEHICLE,411 FLEMINGTON RD,CHAPEL HILL,NC,27514,1712237340000,1712237340000,1712211840000,MISC OFFICER IN,PARKING/DROP LOT/GARAGE,,NONE,19,W,F,35.91440372,-79.02478623,105888,POINT (-79.02478623 35.91440372)
224620,CHPD,B&E    LARCENY F/VEHICLE,625 S ELLIOTT RD,CHAPEL HILL,NC,27517,1712534580000,1712534580000,1712534520000,THEFT/LARCENY,PARKING/DROP LOT/GARAGE,N,NONE,22,A,F,35.93312168,-79.02106525,105927,POINT (-79.02106525 35.93312168)
225592,CHPD,B&E    LARCENY F/VEHICLE,399 UMSTEAD DR,CHAPEL HILL,NC,27516,1714668600000,1714668600000,1714667400000,THEFT/LARCENY,PARKING/DROP LOT/GARAGE,Y,,50,W,F,35.92191445,-79.06342119,105943,POINT (-79.06342119 35.92191445)
225597,CHPD,LARCENY FROM MOTOR VEHICLE,1081 NC 54,CHAPEL HILL,NC,27514,1714669980000,1714669980000,1714669800000,THEFT/LARCENY,PARK/PLAYGROUND,Y,,67,W,F,35.89680491,-79.06428545,105945,POINT (-79.06428545 35.89680491)
225594,CHPD,LARCENY FROM MOTOR VEHICLE,1081 NC 54,CHAPEL HILL,NC,27514,1714669980000,1714669980000,1714669800000,THEFT/LARCENY,PARK/PLAYGROUND,Y,,66,W,F,35.89680491,-79.06428545,105946,POINT (-79.06428545 35.89680491)
225608,CHPD,B&E    LARCENY F/VEHICLE,403 W ROSEMARY ST,CHAPEL HILL,NC,27516,1714701540000,1714701540000,1714695600000,THEFT/LARCENY,PARKING/DROP LOT/GARAGE,,,35,W,F,35.91160291,-79.06257546,105954,POINT (-79.06257546 35.91160291)
225609,CHPD,B&E    LARCENY F/VEHICLE,140 W FRANKLIN ST,CHAPEL HILL,NC,27516,1714707840000,1714707840000,1714707000000,THEFT/LARCENY,PARKING/DROP LOT/GARAGE,,,34,W,M,35.91310893,-79.05758923,105956,POINT (-79.05758923 35.91310893)
225610,CHPD,B&E    LARCENY F/VEHICLE,1505 E FRANKLIN ST,CHAPEL HILL,NC,27514,1714708140000,1714708140000,1714708140000,THEFT/LARCENY,HOTEL/MOTEL/ETC.,Y,,,,,35.93008819,-79.03401194,105960,POINT (-79.03401194 35.93008819)
224911,CHPD,B&E    LARCENY F/VEHICLE,1322 LEGACY TER,CHAPEL HILL,NC,27516,1713175200000,1713175200000,1713160800000,THEFT/LARCENY,PARKING/DROP LOT/GARAGE,,,20,B,F,35.94730852,-79.06133904,105992,POINT (-79.06133904 35.94730852)
224348,CHPD,REC. STOLEN GOLF CART FROM ANOTHER JURISDICTION,205 WEYER DR,CHAPEL HILL,NC,27516,1711741500000,1711724400000,1711741500000,SUSPICIOUS/WANT,FIELD/WOODS,,NONE,,,,-79.07192471,35.89194634,106000,POINT (35.89194634 -79.07192471)
226621,CHPD,VEHICLE FIRE,940 CARMICHAEL ST,CHAPEL HILL,NC,27514,1716931680000,1716931680000,1716931680000,VEHICLE FIRE,HIGHWAY/ROAD/ALLEY/STREET/SIDEWALK,,,24,W,F,35.90380095,-79.03120149,106017,POINT (-79.03120149 35.90380095)
227105,CHPD,B&E    LARCENY F/VEHICLE,100 TIMBER HOLLOW CT,CHAPEL HILL,NC,27514,1717954920000,1717954920000,1717954920000,THEFT/LARCENY,PARKING/DROP LOT/GARAGE,,,19,W,M,35.9399236,-79.05597898,106034,POINT (-79.05597898 35.9399236)
226731,CHPD,SUSPICIOUS VEHICLE,742 GIMGHOUL RD,CHAPEL HILL,NC,27514,1717115460000,1717115460000,1717115460000,SUSPICIOUS/WANT,RESIDENCE/HOME,N,NONE,,,,35.91324257,-79.03643062,106043,POINT (-79.03643062 35.91324257)
226738,CHPD,CARDIAC ARREST,100 FORMOSA LN,CHAPEL HILL,NC,27517,1717127940000,1717127940000,1717127940000,CARDIAC,RESIDENCE/HOME,,,,B,M,35.9407185,-79.01568156,106048,POINT (-79.01568156 35.9407185)
226764,CHPD,ABANDONED VEHICLE,FORDHAM BLVD@MANNING DR,CHAPEL HILL,NC,27517,1717203060000,1717203060000,1717203060000,TRAFFIC VIOLATI,HIGHWAY/ROAD/ALLEY/STREET/SIDEWALK,,,67,W,F,35.8985491,-79.03621579,106067,POINT (-79.03621579 35.8985491)
225869,CHPD,SUSPICIOUS VEHICLE,625 S ELLIOTT RD,CHAPEL HILL,NC,27517,1715332560000,1715332560000,1715025600000,MISC OFFICER IN,RESIDENCE/HOME,,NONE,,,,35.93312168,-79.02106525,106116,POINT (-79.02106525 35.93312168)
226117,CHPD,B&E    LARCENY F/VEHICLE,411 FLEMINGTON RD,CHAPEL HILL,NC,27517,1715851140000,1715851140000,1715844600000,THEFT/LARCENY,PARKING/DROP LOT/GARAGE,N,NONE,46,I,M,35.91440372,-79.02478623,106170,POINT (-79.02478623 35.91440372)
226346,CHPD,LARCENY OF MOTOR VEHICLE,411 FLEMINGTON RD,CHAPEL HILL,NC,27514,1715851140000,1715851140000,1715850000000,THEFT/LARCENY,PARKING/DROP LOT/GARAGE,,,21,A,M,35.91440372,-79.02478623,106176,POINT (-79.02478623 35.91440372)
227091,CHPD,B&E    LARCENY F/VEHICLE,234 S HERITAGE LOOP,CHAPEL HILL,NC,27516,1717917480000,1717917480000,1717917480000,THEFT/LARCENY,PARKING/DROP LOT/GARAGE,,NONE,23,B,F,35.94649723,-79.06093093,106179,POINT (-79.06093093 35.94649723)
226130,CHPD,B&E    LARCENY F/VEHICLE,150 E ROSEMARY ST,CHAPEL HILL,NC,27514,1715871900000,1715871900000,1715742000000,MISC OFFICER IN,PARKING/DROP LOT/GARAGE,N,NONE,29,W,M,35.91483991,-79.05421912,106186,POINT (-79.05421912 35.91483991)
227095,CHPD,B&E VEHICLE,123 OLD LARKSPUR WAY@BUTTERFIELD CT,CHAPEL HILL,NC,27516,1717924500000,1717924500000,1717924500000,THEFT/LARCENY,RESIDENCE/HOME,,OTHER,34,B,M,35.963714,-79.06798002,106190,POINT (-79.06798002 35.963714)
226702,CHPD,B&E    LARCENY F/VEHICLE,110 PINEY MOUNTAIN RD,CHAPEL HILL,NC,27514,1717072440000,1717072440000,1717072440000,MISC OFFICER IN,PARKING/DROP LOT/GARAGE,Y,,26,B,M,35.93996379,-79.05231115,106192,POINT (-79.05231115 35.93996379)
226873,CHPD,DEBIT CARD FRAUD,201 S ESTES DR,CHAPEL HILL,NC,27514,1717442340000,1717442340000,1717440840000,FRAUD OR DECEPT,RESTAURANT,,,36,W,F,35.92635401,-79.02782182,106214,POINT (-79.02782182 35.92635401)
226150,CHPD,SUSPICIOUS VEHICLE,PRITCHARD@S COLUMBIA,,,27514,1715905860000,1715905860000,1715905860000,TRAFFIC STOP,HIGHWAY/ROAD/ALLEY/STREET/SIDEWALK,,,,,,35.9210794,-79.05847838,106242,POINT (-79.05847838 35.9210794)
225883,CHPD,ASSIST CARE TEAM,409 W FRANKLIN ST,CHAPEL HILL,NC,27516,1715351820000,1715351820000,1715351820000,PUBLIC SERVICE,HIGHWAY/ROAD/ALLEY/STREET/SIDEWALK,N,,,B,M,35.91099157,-79.06122832,106248,POINT (-79.06122832 35.91099157)
226263,CHPD,B&E    LARCENY F/VEHICLE,403 MARTIN LUTHER KING JR BLVD,CHAPEL HILL,NC,27516,1716149640000,1716149640000,1716149580000,THEFT/LARCENY,PARKING/DROP LOT/GARAGE,Y,NONE,24,W,M,35.91593237,-79.05686134,106258,POINT (-79.05686134 35.91593237)
225988,CHPD,B&E    LARCENY F/VEHICLE,100 NORTHERN PARK DR,CHAPEL HILL,,27516,1715591700000,1715591700000,1715439600000,MISC OFFICER IN,PARKING/DROP LOT/GARAGE,N,NONE,52,A,M,35.95417117,-79.06307231,106277,POINT (-79.06307231 35.95417117)
227078,CHPD,DEBIT CARD FRAUD,300 FORMOSA LN,CHAPEL HILL,NC,27517,1717861740000,1717861740000,1717861740000,THEFT/LARCENY,CYBERSPACE,,,50,B,F,35.94174482,-79.01544452,106289,POINT (-79.01544452 35.94174482)
227098,CHPD,B&E VEHICLE,401 PALAFOX DR,CHAPEL HILL,NC,27516,1717930380000,1717930380000,1717930380000,DAMAGE/VANDALIS,RESIDENCE/HOME,,OTHER,21,W,F,35.9605435,-79.06398362,106295,POINT (-79.06398362 35.9605435)
225672,CHPD,SUSPICIOUS VEHICLE,1714 LEGION RD,CHAPEL HILL,NC,27517,1714867080000,1714867080000,1714867080000,SUSPICIOUS/WANT,PARK/PLAYGROUND,,,,,,35.93939114,-79.01703674,106333,POINT (-79.01703674 35.93939114)
225696,CHPD,CREDIT CARD THEFT,149 E FRANKLIN ST,CHAPEL HILL,NC,27514,1714930800000,1714930800000,1714876200000,THEFT/LARCENY,BAR/NIGHTCLUB,N,NONE,22,W,M,35.91384578,-79.05414762,106368,POINT (-79.05414762 35.91384578)
226068,CHPD,B&E    LARCENY F/VEHICLE,305 ASHLEY FOREST RD,CHAPEL HILL,NC,27514,1715757180000,1715757180000,1715756400000,THEFT/LARCENY,PARKING/DROP LOT/GARAGE,N,UNKNOWN,18,B,F,35.94460992,-79.05516451,106375,POINT (-79.05516451 35.94460992)
225701,CHPD,ASSIST CARRBORO PD WITH NARCOTIC SNIFF,JONES FERRY RD@BERRYHILL DR,CARRBORO,NC,27510,1714943040000,1714943040000,1714943040000,LE ASSISTANCE,HIGHWAY/ROAD/ALLEY/STREET/SIDEWALK,,,,,,35.901214,-79.08918397,106403,POINT (-79.08918397 35.901214)
225703,CHPD,SUSPICIOUS VEHICLE,201 S ELLIOTT RD,CHAPEL HILL,NC,27514,1714957200000,1714957200000,1714946700000,DRUGS,PARKING/DROP LOT/GARAGE,,NONE,,,,35.93300559,-79.02800044,106408,POINT (-79.02800044 35.93300559)
225706,CHPD,B&E    LARCENY F/VEHICLE,201 S ESTES DR,CHAPEL HILL,NC,27514,1714966920000,1714966920000,1714966920000,THEFT/LARCENY,PARKING/DROP LOT/GARAGE,,NONE,47,B,F,35.92635401,-79.02782182,106410,POINT (-79.02782182 35.92635401)
226941,CHPD,CARELESS AND RECKLESS DRIVING,750 WEAVER DAIRY RD,CHAPEL HILL,NC,27514,1717591140000,1717591140000,1717591140000,TRAFFIC STOP,PARKING/DROP LOT/GARAGE,,,,,,35.96475939,-79.04085652,106421,POINT (-79.04085652 35.96475939)
226083,CHPD,EBT DEBIT CARD FRAUD,2505 HOMESTEAD RD,CHAPEL HILL,NC,27516,1715788980000,1715788980000,1715788980000,FRAUD OR DECEPT,GROCERY/SUPERMARKET,,,48,B,F,35.9515493,-79.06605135,106426,POINT (-79.06605135 35.9515493)
226861,CHPD,ABANDONED VEHICLE,1 FORDHAM BLVD@CLELAND DR,CHAPEL HILL,NC,27517,1717419240000,1717419240000,1717419240000,TRAFFIC VIOLATI,HIGHWAY/ROAD/ALLEY/STREET/SIDEWALK,,,,,,35.92074702,-79.02565099,106442,POINT (-79.02565099 35.92074702)
226886,CHPD,DEBIT CARD FRAUD,210 MCGREGOR DR,CHAPEL HILL,NC,27514,1717488720000,1717488720000,1717488720000,FRAUD OR DECEPT,CYBERSPACE,,NONE,39,B,F,35.94575879,-79.01868027,106479,POINT (-79.01868027 35.94575879)
225878,CHPD,SUSPICIOUS VEHICLES,1617 EPHESUS CHURCH RD,CHAPEL HILL,NC,27517,1715340060000,1715340060000,1715241600000,MISC OFFICER IN,HIGHWAY/ROAD/ALLEY/STREET/SIDEWALK,,NONE,24,W,F,35.93277945,-79.00821219,106484,POINT (-79.00821219 35.93277945)
226640,CHPD,DISABLED VEHICLE,1898 MARTIN LUTHER KING JR BLVD@EUBANKS RD,CHAPEL HILL,NC,27514,1716981000000,1716981000000,1716981000000,TRAFFIC VIOLATI,HIGHWAY/ROAD/ALLEY/STREET/SIDEWALK,N,,,,,35.9688539,-79.06109479,106491,POINT (-79.06109479 35.9688539)
227130,CHPD,SUSPICIOUS VEHICLE,109 BRIGHT SUN PL,CHAPEL HILL,NC,27516,1718046480000,1718046480000,1718046420000,SUSPICIOUS/WANT,HIGHWAY/ROAD/ALLEY/STREET/SIDEWALK,,NONE,,,,35.95432848,-79.05927458,106501,POINT (-79.05927458 35.95432848)
227142,CHPD,LARCENY FROM MOTOR VEHICLE,103 TIMBER HOLLOW CT,CHAPEL HILL,NC,27514,1718063580000,1718063580000,1717923600000,THEFT/LARCENY,HIGHWAY/ROAD/ALLEY/STREET/SIDEWALK,N,NONE,28,W,F,35.94054692,-79.05670033,106505,POINT (-79.05670033 35.94054692)
226888,CHPD,LARCENY FROM MOTOR VEHICLE,1134 N HERITAGE CIR,CHAPEL HILL,NC,27516,1717491660000,1717491660000,1717489800000,THEFT/LARCENY,PARKING/DROP LOT/GARAGE,,NONE,21,B,F,35.94790133,-79.0611217,106514,POINT (-79.0611217 35.94790133)
226889,CHPD,B&E    LARCENY F/VEHICLE,203 CONNER DR,CHAPEL HILL,NC,27514,1717489920000,1717489920000,1717488000000,MISC OFFICER IN,PARKING/DROP LOT/GARAGE,,NONE,24,W,M,35.93110747,-79.03090234,106515,POINT (-79.03090234 35.93110747)
226693,CHPD,ABANDONED VEHICLE,205 WEYER DR,CHAPEL HILL,NC,27516,1717069680000,1717069680000,1717068600000,TRAFFIC VIOLATI,HIGHWAY/ROAD/ALLEY/STREET/SIDEWALK,,NONE,,,,35.89217231,-79.07179496,106543,POINT (-79.07179496 35.89217231)
227176,CHPD,SUSPICIOUS VEHICLE,805 S MERRITT MILL RD,CHAPEL HILL,NC,27516,1718123400000,1718123400000,1718123400000,SUSPICIOUS/WANT,PARKING/DROP LOT/GARAGE,,,,,,35.90184981,-79.06816183,106568,POINT (-79.06816183 35.90184981)
226689,CHPD,B&E    LARCENY F/VEHICLE,1105 NC 54,CHAPEL HILL,NC,27514,1717069800000,1717069800000,1716465600000,MISC OFFICER IN,PARKING/DROP LOT/GARAGE,N,NONE,45,W,F,35.89780759,-79.06783602,106570,POINT (-79.06783602 35.89780759)
226174,CHPD,CARELESS AND RECKLESS DRIVING,3998 S COLUMBIA ST@MARKET ST,CHAPEL HILL,NC,27516,1715972400000,1715972400000,1715972340000,MVC W INJURY AB,HIGHWAY/ROAD/ALLEY/STREET/SIDEWALK,,NONE,,,,35.89997961,-79.05769023,106575,POINT (-79.05769023 35.89997961)
226042,CHPD,CREDIT CARD FRAUD,300 HIGHGROVE DR,CHAPEL HILL,NC,27516,1715681520000,1715681520000,1715601600000,MISC OFFICER IN,CYBERSPACE,,NONE,43,W,M,35.8899965,-79.07157904,106580,POINT (-79.07157904 35.8899965)
225719,CHPD,LARCENY FROM MOTOR VEHICLE,103 OLD FRANKLIN GROVE DR,CHAPEL HILL,NC,27514,1714989300000,1714989300000,1713268800000,MISC OFFICER IN,PARKING/DROP LOT/GARAGE,,NONE,76,W,M,35.93628229,-79.02931598,106667,POINT (-79.02931598 35.93628229)
227248,CHPD,B&E    LARCENY F/VEHICLE,201 S ESTES DR,CHAPEL HILL,NC,27514,1718299200000,1718299200000,1718299200000,THEFT/LARCENY,COMMERCIAL OFFICE BUILDING,,,49,W,F,35.92635401,-79.02782182,106679,POINT (-79.02782182 35.92635401)
227252,CHPD,B&E    LARCENY F/VEHICLE,134 RIDGE TRL,CHAPEL HILL,NC,27516,1718302740000,1718302740000,1718302680000,THEFT/LARCENY,PARKING/DROP LOT/GARAGE,,NONE,22,B,F,35.92173114,-79.0674388,106681,POINT (-79.0674388 35.92173114)
225939,CHPD,RECOVERED VEHICLE,500 COSGROVE AVE,CHAPEL HILL,NC,27514,1715470980000,1715470980000,1715470980000,SUSPICIOUS/WANT,PARKING/DROP LOT/GARAGE,,,,,,35.94522206,-79.01698524,106689,POINT (-79.01698524 35.94522206)
225942,CHPD,USING FRAUDULENT ID CARD,112 W FRANKLIN ST,CHAPEL HILL,NC,27516,1715476080000,1715476080000,1715476080000,DISTURBANCE/NUI,BAR/NIGHTCLUB,,NONE,,,,35.91281342,-79.05671198,106690,POINT (-79.05671198 35.91281342)
225938,CHPD,SUSPICIOUS VEHICLE,101 COSGROVE AVE@DOBBINS DR,CHAPEL HILL,NC,27514,1715473740000,1715473740000,1715473740000,MISC OFFICER IN,,,,,,,35.94351868,-79.01604357,106711,POINT (-79.01604357 35.94351868)
225950,CHPD,B&E VEHICLE,5639 OLD CHAPEL HILL RD,DURHAM,NC,27707,1715508420000,1715508420000,1715508000000,THEFT/LARCENY,PARKING/DROP LOT/GARAGE,N,NONE,62,W,F,35.94409598,-79.00235609,106718,POINT (-79.00235609 35.94409598)
225774,CHPD,SUSPICIOUS VEHICLE,202 GARDEN ST,CHAPEL HILL,NC,27517,1715100300000,1715100300000,1715099400000,SUSPICIOUS/WANT,HIGHWAY/ROAD/ALLEY/STREET/SIDEWALK,,NONE,,,,35.9416071,-79.00854621,106740,POINT (-79.00854621 35.9416071)
225794,CHPD,CARELESS AND RECKLESS DRIVING,828 WEAVER DAIRY RD EXT,CHAPEL HILL,,27514,1715162700000,1715162700000,1715066580000,TRAFFIC VIOLATI,HIGHWAY/ROAD/ALLEY/STREET/SIDEWALK,,,,,,35.96410588,-79.04420314,106754,POINT (-79.04420314 35.96410588)
225801,CHPD,TOWED VEHICLE,324 SCARLETT DR,CHAPEL HILL,NC,27517,1715169060000,1715169060000,1715169060000,TRAFFIC VIOLATI,RESIDENCE/HOME,,,,,,35.94100193,-79.00919832,106755,POINT (-79.00919832 35.94100193)
226665,CHPD,B&E    LARCENY F/VEHICLE,6 CLARK CT,CHAPEL HILL,NC,27516,1717019280000,1717019280000,1717019280000,THEFT/LARCENY,RESIDENCE/HOME,N,NONE,22,W,F,35.91563251,-79.05961547,106773,POINT (-79.05961547 35.91563251)
226854,CHPD,OVERTAKING PASSING ON RIGHT VEHICLE STOPPED FOR A PEDESTRIAN,1513 E FRANKLIN ST,CHAPEL HILL,NC,27514,1717411980000,1717411980000,1717411980000,TRAFFIC STOP,HIGHWAY/ROAD/ALLEY/STREET/SIDEWALK,,,,,,35.93160204,-79.03445694,106846,POINT (-79.03445694 35.93160204)
226108,CHPD,B&E    LARCENY F/VEHICLE,114 MELVILLE LOOP,CHAPEL HILL,NC,27514,1715846580000,1715846580000,1715421600000,MISC OFFICER IN,PARKING/DROP LOT/GARAGE,N,NONE,40,W,F,35.94733412,-79.01665905,106869,POINT (-79.01665905 35.94733412)
226532,CHPD,SUSPICIOUS VEHICLE,2112 MARKHAM DR,CHAPEL HILL,NC,27514,1716699000000,1716699000000,1716699000000,SUSPICIOUS/WANT,HIGHWAY/ROAD/ALLEY/STREET/SIDEWALK,,,,,,35.94512951,-79.02846471,106878,POINT (-79.02846471 35.94512951)
226111,CHPD,ASSIST CARRBORO PD,500 SMITH LEVEL RD,CARRBORO,NC,27517,1715848440000,1715848440000,1715848260000,MISC OFFICER IN,HIGHWAY/ROAD/ALLEY/STREET/SIDEWALK,N,,,,,35.89434163,-79.08153607,106895,POINT (-79.08153607 35.89434163)
225953,CHPD,LARCENY FROM MOTOR VEHICLE,5639 OLD CHAPEL HILL RD,DURHAM,NC,27707,1715512020000,1715512020000,1715512020000,BURGLARY/HOME I,PARKING/DROP LOT/GARAGE,N,,22,B,M,35.94409598,-79.00235609,106904,POINT (-79.00235609 35.94409598)
225972,CHPD,LARCENY FROM MOTOR VEHICLE,5623 FORDHAM BLVD,DURHAM,NC,27707,1715552340000,1715552340000,1715392800000,THEFT/LARCENY,HOTEL/MOTEL/ETC.,,,56,W,M,35.94970582,-79.00166911,106913,POINT (-79.00166911 35.94970582)
227288,CHPD,VEHICLE LOCKOUT,632 CHRISTOPHER RD,CHAPEL HILL,NC,27514,1718377260000,1718377260000,1718377260000,PUBLIC SERVICE,RESIDENCE/HOME,,,59,B,F,35.92033895,-79.02607428,106972,POINT (-79.02607428 35.92033895)
227306,CHPD,SUSPICIOUS VEHICLE,500 WEAVER DAIRY RD,CHAPEL HILL,NC,27514,1718410980000,1718410980000,1718410980000,SUSPICIOUS/WANT,SCHOOL/COLLEGE (USE 52 OR 53),,NONE,,,,35.95903899,-79.03018736,106980,POINT (-79.03018736 35.95903899)
227344,CHPD,VEHICLE LOCKOUT,500 CARRAWAY CROSSING,CHAPEL HILL,NC,27514,1718470320000,1718470320000,1718470320000,PUBLIC SERVICE,RESIDENCE/HOME,,,24,W,F,35.97025833,-79.06893992,106991,POINT (-79.06893992 35.97025833)
227770,CHPD,B&E    LARCENY F/VEHICLE,107 FRATERNITY CT,CHAPEL HILL,NC,27516,1719507900000,1719507900000,1719343800000,MISC OFFICER IN,PARKING/DROP LOT/GARAGE,N,,20,W,M,35.91126302,-79.05540692,107111,POINT (-79.05540692 35.91126302)
227824,CHPD,ATTEMPTED VEHICLE THEFT,40 FLEMINGTON RD,CHAPEL HILL,NC,27517,1719658500000,1719658500000,1719658500000,THEFT/LARCENY,PARKING/DROP LOT/GARAGE,,NONE,,W,F,35.91488865,-79.02466344,107147,POINT (-79.02466344 35.91488865)
227912,CHPD,ABANDONED VEHICLE,301 SEVERIN ST,CHAPEL HILL,NC,27516,1719859680000,1719857760000,1719857760000,TRAFFIC VIOLATI,HIGHWAY/ROAD/ALLEY/STREET/SIDEWALK,,,,,,35.92609406,-79.06397247,107265,POINT (-79.06397247 35.92609406)
228206,CHPD,ABANDONED VEHICLE,102 CREEL ST,CHAPEL HILL,NC,27516,1720632060000,1720630080000,1720632060000,TRAFFIC VIOLATI,HIGHWAY/ROAD/ALLEY/STREET/SIDEWALK,,NONE,,,,35.90542603,-79.06639862,107267,POINT (-79.06639862 35.90542603)
229588,CHPD,ABANDONED VEHICLE,979 RALEIGH RD,CHAPEL HILL,NC,27514,1721646840000,1721646840000,1721646840000,SUSPICIOUS/WANT,,,,,,,35.90898514,-79.02805328,107268,POINT (-79.02805328 35.90898514)
231374,CHPD,ABANDONED VEHICLE,200 SCARLETT DR,CHAPEL HILL,NC,27517,1723642440000,1720964040000,1723642440000,MISC OFFICER IN,,,,,U,U,35.94287491,-79.01163483,107269,POINT (-79.01163483 35.94287491)
229631,CHPD,ABANDONED VEHICLE,1734 LEGION RD/STANDISH DR,CHAPEL HILL,NC,27517,1721719620000,1721719500000,1721719500000,SUSPICIOUS/WANT,HIGHWAY/ROAD/ALLEY/STREET/SIDEWALK,N,,,,,35.94209671,-79.01280975,107270,POINT (-79.01280975 35.94209671)
230029,CHPD,ABANDONED VEHICLE,FORDHAM BLVD @ OLD MASON FARM RD,CHAPEL HILL,NC,27514,1722712140000,1722712140000,1722712140000,MISC OFFICER IN,HIGHWAY/ROAD/ALLEY/STREET/SIDEWALK,,NONE,,,,,,107271,
227574,CHPD,CREDIT CARD/ATM FRAUD,1129 WEAVER DAIRY RD,CHAPEL HILL,NC,27514,1719001740000,1719001740000,1719000900000,FRAUD OR DECEPT,CYBERSPACE,N,NONE,25,W,F,35.96329716,-79.05446974,107274,POINT (-79.05446974 35.96329716)
236457,CHPD,ATTEMPTED VEHICLE B&E,101 TABSCOTT LN,CHAPEL HILL,NC,27514,1735494900000,1735443000000,1735494900000,INFO MESSAGE,RESIDENCE/HOME,,,31,W,M,35.95641708,-79.01670074,107288,POINT (-79.01670074 35.95641708)
234249,CHPD,ATTEMPTED VEHICLE THEFT,101 NEW COOPER SQ,CHAPEL HILL,NC,27517,1730111520000,1730044800000,1730110500000,THEFT/LARCENY,PARKING/DROP LOT/GARAGE,Y,NONE,22,A,F,35.94334412,-79.00887299,107292,POINT (-79.00887299 35.94334412)
227511,CHPD,VEHICLE LOCKOUT,107 E FRANKLIN ST,CHAPEL HILL,NC,27514,1718865120000,1718865120000,1718865120000,MISC OFFICER IN,HIGHWAY/ROAD/ALLEY/STREET/SIDEWALK,,,32,W,F,35.91331168,-79.05538697,107304,POINT (-79.05538697 35.91331168)
227512,CHPD,VEHICLE LOCK OUT,425 HILLSBOROUGH ST,CHAPEL HILL,NC,27514,1718871060000,1718871060000,1718870700000,PUBLIC SERVICE,PARKING/DROP LOT/GARAGE,,,22,W,F,35.92028534,-79.05238801,107306,POINT (-79.05238801 35.92028534)
236474,CHPD,ABANDONED VEHICLE,NC 54 @ MEADOWMONT LN,CHAPEL HILL,NC,27514,1735554360000,1735554360000,1735554360000,MISC OFFICER IN,HIGHWAY/ROAD/ALLEY/STREET/SIDEWALK,,NONE,,,,,,107330,
231167,CHPD,B&E    LARCENY F/VEHICLE,1000 SUMAC RD,CHAPEL HILL,,27516,1723109340000,1723048200000,1723051800000,MISC OFFICER IN,PARKING/DROP LOT/GARAGE,N,NONE,54,W,M,,,107331,
231186,CHPD,B&E    LARCENY F/VEHICLE,113 CONNER DR,CHAPEL HILL,NC,27514,1723190820000,1723032000000,1723082400000,MISC OFFICER IN,PARKING/DROP LOT/GARAGE,Y,NONE,69,W,F,35.92928314,-79.03218842,107336,POINT (-79.03218842 35.92928314)
235685,CHPD,ABANDONED VEHICLE,FORDHAM BLVD/ERWIN RD,CHAPEL HILL,NC,27514,1733392020000,1733022000000,1733392020000,MISC OFFICER IN,HIGHWAY/ROAD/ALLEY/STREET/SIDEWALK,,,,,,35.94218445,-79.01853943,107348,POINT (-79.01853943 35.94218445)
231442,CHPD,B&E    LARCENY F/VEHICLE,101 ERWIN RD,CHAPEL HILL,NC,27514,1723793220000,1723759200000,1723793220000,THEFT/LARCENY,HOTEL/MOTEL/ETC.,Y,UNKNOWN,32,W,M,35.94341278,-79.01961517,107351,POINT (-79.01961517 35.94341278)
227610,CHPD,CREDIT CARD FRAUD,207 CONNER DR,CHAPEL HILL,NC,27514,1719163260000,1719163260000,1719163260000,FRAUD OR DECEPT,CYBERSPACE,,,23,A,M,35.93140796,-79.03070989,107365,POINT (-79.03070989 35.93140796)
233094,CHPD,ABANDONED VEHICLE,1094 ESTES DR,CHAPEL HILL,NC,27516,1727356860000,1727304120000,1727356860000,SUSPICIOUS/WANT,HIGHWAY/ROAD/ALLEY/STREET/SIDEWALK,,,,,,35.93312454,-79.06039429,107427,POINT (-79.06039429 35.93312454)
235925,CHPD,ATTEMPTED CREDIT CARD FRAUD,727 SALUDA CT,CHAPEL HILL,NC,27514,1733999040000,1733846160000,1733846400000,MISC OFFICER IN,CYBERSPACE,,NONE,45,W,M,35.96007538,-79.05435944,107448,POINT (-79.05435944 35.96007538)
227547,CHPD,USING FRAUDULENT ID CARD,1724 FORDHAM BLVD,CHAPEL HILL,NC,27517,1718907960000,1718907960000,1718907960000,FRAUD OR DECEPT,LIQUOR STORE,,,,,,35.9372913,-79.0232303,107457,POINT (-79.0232303 35.9372913)
233230,CHPD,ASSIST CARBORRO PD,110 W MAIN ST,CARRBORO,NC,27510,1727645280000,1727644980000,1727645100000,STAB GUNSHOT PE,SHELTER- MISSION/HOMELESS,N,,28,B,M,,,107508,
227566,CHPD,SUSPICIOUS VEHICLE,1 EUROPA DR,CHAPEL HILL,NC,27514,1718965740000,1718965740000,1718965740000,MISC OFFICER IN,HOTEL/MOTEL/ETC.,,NONE,,,,35.94103638,-79.01814173,107509,POINT (-79.01814173 35.94103638)
231717,CHPD,ASSIST CARE TEAM,1500 E FRANKLIN ST,CHAPEL HILL,NC,27514,1724401560000,1724400900000,1724401560000,TRESPASSING/UNW,DRUG STORE/DOCTORS OFFICE/HOSPITAL,,,,,,35.92946243,-79.03378296,107518,POINT (-79.03378296 35.92946243)
233067,CHPD,ASSIST CARRBORO PD,101 NC 54 BYPASS,CARRBORO,NC,27510,1727287380000,1727245800000,1727281800000,THEFT/LARCENY,RESIDENCE/HOME,,,35,W,F,35.91501236,-79.09123993,107526,POINT (-79.09123993 35.91501236)
231621,CHPD,ASSIST CARRBORO PD,JAMES ST/CAROL ST,CARRBORO,NC,27510,1724198220000,1724198220000,1724198220000,TRAFFIC STOP,HIGHWAY/ROAD/ALLEY/STREET/SIDEWALK,,NONE,,,,35.92256546,-79.09354401,107533,POINT (-79.09354401 35.92256546)
233332,CHPD,ASSIST CARRBORO PD,N ROBERSON AT W FRANKLIN ST,CHAPEL HILL,NC,27514,1727624460000,1727624460000,1727624460000,LE ASSISTANCE,HIGHWAY/ROAD/ALLEY/STREET/SIDEWALK,,NONE,,,,,,107538,
233585,CHPD,ASSIST CARRBORO PD WITH NARCOTIC SNIFF,201 WESTBROOK DR,CARRBORO,NC,27510,1728555780000,1728555600000,1728555780000,TRAFFIC STOP,HIGHWAY/ROAD/ALLEY/STREET/SIDEWALK,,,,,,35.90169144,-79.08376312,107543,POINT (-79.08376312 35.90169144)
227563,CHPD,CARELESS AND RECKLESS DRIVING,828 WEAVER DAIRY RD EXT @ NAPA VALLEY WAY,CHAPEL HILL,NC,27516,1718966400000,1718966400000,1718965500000,MISC OFFICER IN,HIGHWAY/ROAD/ALLEY/STREET/SIDEWALK,,NONE,75,W,M,35.95424881,-79.06768498,107680,POINT (-79.06768498 35.95424881)
233782,CHPD,ASSIST CARRBORO PD,JONES FERRY RD/BARNES ST,CARRBORO,NC,27510,1728947040000,1728946620000,1728947040000,TRAFFIC STOP,HIGHWAY/ROAD/ALLEY/STREET/SIDEWALK,,NONE,,,,35.90838623,-79.07957458,107684,POINT (-79.07957458 35.90838623)
234643,CHPD,ASSIST CARRBORO WITH K9 EVIDENCE SEARCH,107 CATHY RD,CARRBORO,NC,27510,1730959200000,1730944800000,1730959140000,PUBLIC SERVICE,RESIDENCE/HOME,,,,W,M,35.90953064,-79.08804321,107687,POINT (-79.08804321 35.90953064)
234088,CHPD,ASSIST CARRBORO PD,1750 HOMESTEAD RD/ROGERS RD,CHAPEL HILL,NC,27516,1729721280000,1729721100000,1729721280000,LE ASSISTANCE,HIGHWAY/ROAD/ALLEY/STREET/SIDEWALK,,NONE,,,,35.95113754,-79.0801239,107691,POINT (-79.0801239 35.95113754)
234327,CHPD,ASSIST CARRBORO PD,E WEAVER ST/E MAIN ST,CARRBORO,NC,27510,1730240100000,1730240100000,1730240100000,TRAFFIC STOP,HIGHWAY/ROAD/ALLEY/STREET/SIDEWALK,,NONE,,,,35.91063309,-79.07019043,107695,POINT (-79.07019043 35.91063309)
227518,CHPD,ABANDONED VEHICLE,1830 FORDHAM BLVD,CHAPEL HILL,NC,27517,1718873160000,1718873160000,1718769600000,SUSPICIOUS/WANT,,,,,,,35.94602227,-79.00658728,107716,POINT (-79.00658728 35.94602227)
227519,CHPD,LARCENY OF CREDIT CARDS,1810 FORDHAM BLVD,CHAPEL HILL,NC,27517,1718875380000,1718875380000,1718722800000,MISC OFFICER IN,GROCERY/SUPERMARKET,,NONE,81,W,F,35.9456823,-79.00976377,107718,POINT (-79.00976377 35.9456823)
227896,CHPD,B&E    LARCENY F/VEHICLE,401 PRITCHARD AVE,CHAPEL HILL,NC,27516,1719833160000,1719781200000,1719829800000,THEFT/LARCENY,HIGHWAY/ROAD/ALLEY/STREET/SIDEWALK,,,22,W,M,35.91539001,-79.05888367,107736,POINT (-79.05888367 35.91539001)
231455,CHPD,B&E    LARCENY F/VEHICLE,634 CHRISTOPHER RD,CHAPEL HILL,NC,27514,1723821420000,1723752000000,1723806000000,MISC OFFICER IN,RESIDENCE/HOME,N,NONE,40,W,F,35.9201889,-79.02689362,107740,POINT (-79.02689362 35.9201889)
227948,CHPD,B&E    LARCENY F/VEHICLE,103 LANCASTER DR,CHAPEL HILL,NC,27517,1719954480000,1719928800000,1719954420000,THEFT/LARCENY,PARKING/DROP LOT/GARAGE,Y,NONE,37,W,F,35.92127228,-79.00852966,107742,POINT (-79.00852966 35.92127228)
228090,CHPD,B&E    LARCENY F/VEHICLE,110 MELVILLE LOOP,CHAPEL HILL,NC,27514,1720352160000,1720296000000,1720351800000,THEFT/LARCENY,PARKING/DROP LOT/GARAGE,Y,BLUNT OBJECT,30,B,M,35.94795227,-79.01757813,107744,POINT (-79.01757813 35.94795227)
228276,CHPD,B&E    LARCENY F/VEHICLE,245 BUTLER CT,CHAPEL HILL,NC,27514,1720776360000,1720738800000,1720776360000,THEFT/LARCENY,PARKING/DROP LOT/GARAGE,N,,42,B,M,35.94148636,-79.02464294,107746,POINT (-79.02464294 35.94148636)
227936,CHPD,B&E    LARCENY F/VEHICLE,828 MARTIN LUTHER KING JR BLVD,CHAPEL HILL,NC,27514,1719937140000,1719609540000,1719764340000,THEFT/LARCENY,PARKING/DROP LOT/GARAGE,N,,23,A,F,35.92695999,-79.05294037,107749,POINT (-79.05294037 35.92695999)
228136,CHPD,B&E    LARCENY F/VEHICLE,501 WEAVER DAIRY RD,CHAPEL HILL,NC,27514,1720480140000,1720472400000,1720476900000,THEFT/LARCENY,PARKING/DROP LOT/GARAGE,N,NONE,62,W,M,35.96002579,-79.03352356,107751,POINT (-79.03352356 35.96002579)
227950,CHPD,B&E    LARCENY F/VEHICLE,300 ASHLEY FOREST RD,CHAPEL HILL,NC,27514,1719957120000,1719956700000,1719957120000,THEFT/LARCENY,RESIDENCE/HOME,N,,56,U,M,35.94447327,-79.05513763,107753,POINT (-79.05513763 35.94447327)
227647,CHPD,LARCENY FROM MOTOR VEHICLE,100 MARRIOTT WAY,CHAPEL HILL,NC,27517,1719240660000,1719240660000,1719240420000,THEFT/LARCENY,HOTEL/MOTEL/ETC.,,,23,W,F,35.90098463,-79.00986577,107755,POINT (-79.00986577 35.90098463)
229528,CHPD,B&E    LARCENY F/VEHICLE,150 E ROSEMARY ST,CHAPEL HILL,NC,27514,1721424660000,1721421600000,1721424300000,SUSPICIOUS/WANT,PARKING/DROP LOT/GARAGE,N,NONE,27,A,F,35.91466522,-79.05413818,107756,POINT (-79.05413818 35.91466522)
229581,CHPD,B&E    LARCENY F/VEHICLE,1100 SOURWOOD CIR,CHAPEL HILL,NC,27517,1721635140000,1721605500000,1721633400000,THEFT/LARCENY,RESIDENCE/HOME,,,24,W,F,35.89476776,-79.03934479,107759,POINT (-79.03934479 35.89476776)
227640,CHPD,CREDIT CARD FRAUD,1207 MARTIN LUTHER KING JR BLVD,CHAPEL HILL,NC,27516,1719236520000,1719236520000,1718796120000,MISC OFFICER IN,CYBERSPACE,,NONE,51,W,F,35.94710433,-79.05850864,107761,POINT (-79.05850864 35.94710433)
229615,CHPD,B&E    LARCENY F/VEHICLE,1126 SOURWOOD DR,CHAPEL HILL,NC,27517,1721668260000,1721559600000,1721668260000,THEFT/LARCENY,RESIDENCE/HOME,N,NONE,18,W,M,35.89415359,-79.03813171,107762,POINT (-79.03813171 35.89415359)
229635,CHPD,B&E    LARCENY F/VEHICLE,316 W ROSEMARY ST,CHAPEL HILL,NC,27516,1721723820000,1721669400000,1721721600000,THEFT/LARCENY,PARKING/DROP LOT/GARAGE,,,22,W,F,35.91299057,-79.06022644,107764,POINT (-79.06022644 35.91299057)
233796,CHPD,ABANDONED VEHICLE,940 CARMICHAEL ST,CHAPEL HILL,NC,27514,1728989580000,1728989580000,1728989580000,MISC OFFICER IN,HIGHWAY/ROAD/ALLEY/STREET/SIDEWALK,,NONE,,,,35.9045639,-79.03205109,107766,POINT (-79.03205109 35.9045639)
229580,CHPD,B&E    LARCENY F/VEHICLE,807 KINGS MILL RD,CHAPEL HILL,NC,27517,1721633520000,1721602800000,1721631600000,THEFT/LARCENY,RESIDENCE/HOME,,,33,W,M,35.8959465,-79.03964233,107767,POINT (-79.03964233 35.8959465)
229585,CHPD,B&E    LARCENY F/VEHICLE,407 CHURCH ST,CHAPEL HILL,NC,27516,1721640960000,1721606400000,1721640960000,THEFT/LARCENY,RESIDENCE/HOME,,,20,W,F,35.91516495,-79.06008911,107771,POINT (-79.06008911 35.91516495)
229864,CHPD,B&E    LARCENY F/VEHICLE,212 CEDAR CLUB CIR,CHAPEL HILL,NC,27517,1722310380000,1722254400000,1722308400000,THEFT/LARCENY,PARKING/DROP LOT/GARAGE,Y,NONE,76,W,M,35.90739441,-79.00648499,107774,POINT (-79.00648499 35.90739441)
229785,CHPD,B&E    LARCENY F/VEHICLE,403 CHURCH ST,CHAPEL HILL,NC,27516,1722092880000,1722031680000,1722078480000,THEFT/LARCENY,RESIDENCE/HOME,,,64,B,M,35.91489792,-79.05995941,107778,POINT (-79.05995941 35.91489792)
234619,CHPD,ABANDONED VEHICLE,350 HAMILTON RD/CLELAND DR,CHAPEL HILL,NC,27517,1730893080000,1730893080000,1730893080000,TRAFFIC VIOLATI,FIELD/WOODS,,,,,,35.92065048,-79.02372742,107782,POINT (-79.02372742 35.92065048)
229969,CHPD,B&E    LARCENY F/VEHICLE,407 CHURCH ST,CHAPEL HILL,NC,27516,1722595800000,1722538800000,1722595800000,THEFT/LARCENY,PARKING/DROP LOT/GARAGE,N,NONE,52,W,M,35.91516495,-79.06008911,107784,POINT (-79.06008911 35.91516495)
234788,CHPD,ABANDONED VEHICLE,735 RALEIGH RD/PURT NEAR LN,CHAPEL HILL,NC,27514,1731315960000,1731315900000,1731315960000,TRAFFIC VIOLATI,HIGHWAY/ROAD/ALLEY/STREET/SIDEWALK,,,,,,35.9103508,-79.03518677,107788,POINT (-79.03518677 35.9103508)
230046,CHPD,B&E    LARCENY F/VEHICLE,808 E FRANKLIN ST,CHAPEL HILL,NC,27514,1722748740000,1722732900000,1722744000000,THEFT/LARCENY,RESIDENCE/HOME,N,NONE,19,W,F,35.91902924,-79.03857422,107790,POINT (-79.03857422 35.91902924)
235075,CHPD,ABANDONED VEHICLE,FORDHAM BLVD @ E FRANKLIN ST,CHAPEL HILL,NC,27514,1731925380000,1731925380000,1731925380000,MISC OFFICER IN,HIGHWAY/ROAD/ALLEY/STREET/SIDEWALK,,NONE,,,,,,107793,
231080,CHPD,B&E    LARCENY F/VEHICLE,207 CONNER DR,CHAPEL HILL,NC,27514,1722860820000,1721910420000,1722855600000,THEFT/LARCENY,PARKING/DROP LOT/GARAGE,,,27,W,M,35.93200302,-79.03112793,107795,POINT (-79.03112793 35.93200302)
227661,CHPD,LARCENY FROM MOTOR VEHICLE,113 STEPHENS ST,CHAPEL HILL,NC,27516,1719261360000,1719261360000,1719255600000,THEFT/LARCENY,HIGHWAY/ROAD/ALLEY/STREET/SIDEWALK,,NONE,22,B,M,35.91722021,-79.05726862,107802,POINT (-79.05726862 35.91722021)
229946,CHPD,B&E    LARCENY F/VEHICLE,3690 S COLUMBIA ST,CHAPEL HILL,NC,27516,1722531600000,1722509940000,1722510000000,THEFT/LARCENY,PARKING/DROP LOT/GARAGE,,NONE,49,W,M,35.88105774,-79.0627594,107805,POINT (-79.0627594 35.88105774)
234271,CHPD,ABANDONED VEHICLE,1898 MARTIN LUTHER KING JR BLVD/EUBANKS RD,CHAPEL HILL,NC,27514,1730133120000,1730133000000,1730133000000,TRAFFIC VIOLATI,HIGHWAY/ROAD/ALLEY/STREET/SIDEWALK,N,NONE,,,,35.96889496,-79.0608139,107809,POINT (-79.0608139 35.96889496)
231103,CHPD,B&E    LARCENY F/VEHICLE,325 W ROSEMARY ST,CHAPEL HILL,NC,27516,1722907380000,1722906600000,1722907380000,THEFT/LARCENY,CONVENIENCE STORE,N,NONE,53,B,F,35.91215515,-79.06053925,107811,POINT (-79.06053925 35.91215515)
229770,CHPD,ABANDONED VEHICLE,EASTOWNE DR/FORDHAM BLVD,CHAPEL HILL,NC,27514,1722068580000,1722068580000,1722068580000,TRAFFIC VIOLATI,HIGHWAY/ROAD/ALLEY/STREET/SIDEWALK,N,,,,,35.94928741,-79.00268555,107819,POINT (-79.00268555 35.94928741)
232043,CHPD,ABANDONED VEHICLE,FORDHAM BLVD/ERWIN RD,CHAPEL HILL,NC,27514,1725102060000,1725102060000,1725102060000,MISC OFFICER IN,HIGHWAY/ROAD/ALLEY/STREET/SIDEWALK,,,,,,35.94220734,-79.01855469,107821,POINT (-79.01855469 35.94220734)
233137,CHPD,ABANDONED VEHICLE,740 GIMGHOUL RD,CHAPEL HILL,NC,27514,1727444940000,1727444700000,1727444940000,TRAFFIC VIOLATI,HIGHWAY/ROAD/ALLEY/STREET/SIDEWALK,,NONE,,,,35.91221619,-79.03774261,107823,POINT (-79.03774261 35.91221619)
227689,CHPD,VEHICLE LOCKOUT,400 MEADOWMONT VILLAGE CIR,CHAPEL HILL,NC,27517,1719316140000,1719316140000,1719316140000,PUBLIC SERVICE,PARKING/DROP LOT/GARAGE,,NONE,52,W,F,35.90485958,-79.01103748,107827,POINT (-79.01103748 35.90485958)
233468,CHPD,ABANDONED VEHICLE,213 WESTSIDE DR,CHAPEL HILL,NC,27516,1728297900000,1728297600000,1728297900000,MISC OFFICER IN,HIGHWAY/ROAD/ALLEY/STREET/SIDEWALK,,NONE,,,,35.88736343,-79.07221222,107830,POINT (-79.07221222 35.88736343)
227414,CHPD,LARCENY FROM MOTOR VEHICLE,426 EDISTO CT,CHAPEL HILL,NC,27514,1718629800000,1718629800000,1718629200000,THEFT/LARCENY,PARKING/DROP LOT/GARAGE,,NONE,45,B,F,35.961788,-79.05201225,107849,POINT (-79.05201225 35.961788)
227413,CHPD,LOST STATE ID CARD,201 S ESTES DR,CHAPEL HILL,NC,27514,1718636520000,1718636520000,1716552000000,MISC OFFICER IN,SPECIALTY/STORE,,,27,W,F,35.92635401,-79.02782182,107860,POINT (-79.02782182 35.92635401)
227435,CHPD,CARELESS AND RECKLESS DRIVING,E FRANKLIN ST @ N ESTES DR,CHAPEL HILL,NC,27514,1718670060000,1718670060000,1718670060000,TRAFFIC STOP,HIGHWAY/ROAD/ALLEY/STREET/SIDEWALK,,NONE,,,,35.92931412,-79.03427706,107869,POINT (-79.03427706 35.92931412)
227440,CHPD,SUSPICIOUS VEHICLE,100 RANSOM ST@W CAMERON AVE,CHAPEL HILL,NC,27516,1718703420000,1718703420000,1718701500000,TRAFFIC VIOLATI,HIGHWAY/ROAD/ALLEY/STREET/SIDEWALK,,NONE,38,W,M,35.90897501,-79.05892396,107875,POINT (-79.05892396 35.90897501)
227444,CHPD,SUSPICIOUS VEHICLE,101 ERWIN RD,CHAPEL HILL,NC,27514,1718712780000,1718712780000,1718712780000,MISC OFFICER IN,HOTEL/MOTEL/ETC.,,NONE,,,,35.9436188,-79.01889568,107876,POINT (-79.01889568 35.9436188)
227484,CHPD,FICT/ALT TITLE/REG CARD/TAG,81 S ELLIOTT RD,CHAPEL HILL,NC,27514,1718793420000,1718793420000,1718793420000,TRAFFIC STOP,HIGHWAY/ROAD/ALLEY/STREET/SIDEWALK,,,,,,35.93430219,-79.02847385,107899,POINT (-79.02847385 35.93430219)
227473,CHPD,ABANDONED VEHICLE,CULBRETH RD@S COLUMBIA ST,CHAPEL HILL,NC,27514,1718746920000,1718746920000,1718746920000,TRAFFIC VIOLATI,HIGHWAY/ROAD/ALLEY/STREET/SIDEWALK,,NONE,,,,35.90072288,-79.05791243,107900,POINT (-79.05791243 35.90072288)
227502,CHPD,TOWED VEHICLE,107 E FRANKLIN ST,CHAPEL HILL,NC,27514,1718825220000,1718825220000,1718824800000,INFO MESSAGE,HIGHWAY/ROAD/ALLEY/STREET/SIDEWALK,,,26,W,M,35.91331168,-79.05538697,107902,POINT (-79.05538697 35.91331168)
234686,CHPD,ABANDONED VEHICLE,MARTIN LUTHER KING JR BLVD/PERKINS DR,CHAPEL HILL,NC,27514,1731063180000,1731063000000,1731063180000,TRAFFIC VIOLATI,HIGHWAY/ROAD/ALLEY/STREET/SIDEWALK,,NONE,,,,35.96619797,-79.05912018,107917,POINT (-79.05912018 35.96619797)
231559,CHPD,B&E    LARCENY F/VEHICLE,149 E FRANKLIN ST,CHAPEL HILL,NC,27514,1724082180000,1723514400000,1723519800000,MISC OFFICER IN,PARKING/DROP LOT/GARAGE,N,NONE,51,W,F,35.91399384,-79.05419922,107918,POINT (-79.05419922 35.91399384)
235082,CHPD,ABANDONED VEHICLE,NC 54 2 DOWNING CREEK PKWY,CHAPEL HILL,,27514,1731936840000,1731936840000,1731936840000,TRAFFIC VIOLATI,HIGHWAY/ROAD/ALLEY/STREET/SIDEWALK,,NONE,,,,,,107930,
227707,CHPD,B&E    LARCENY F/VEHICLE,600 MARTIN LUTHER KING JR BLVD,CHAPEL HILL,NC,27514,1719328920000,1719328920000,1719217800000,MISC OFFICER IN,PARKING/DROP LOT/GARAGE,,NONE,53,W,M,35.91871382,-79.05573842,107937,POINT (-79.05573842 35.91871382)
227724,CHPD,LARCENY FROM MOTOR VEHICLE,150 E ROSEMARY ST,CHAPEL HILL,NC,27514,1719361200000,1719361200000,1719360900000,THEFT/LARCENY,CONVENIENCE STORE,,NONE,25,W,F,35.91483991,-79.05421912,107942,POINT (-79.05421912 35.91483991)
227725,CHPD,LARCENY FROM MOTOR VEHICLE,1000 NOVUS LN,CHAPEL HILL,NC,27517,1719388680000,1719388680000,1719388680000,THEFT/LARCENY,PARKING/DROP LOT/GARAGE,,,27,W,M,35.93886677,-79.02067189,107951,POINT (-79.02067189 35.93886677)
227679,CHPD,CREDIT CARD/ATM FRAUD,143 W FRANKLIN ST,CHAPEL HILL,NC,27516,1719307440000,1719307440000,1719307440000,THEFT/LARCENY,DEPARTMENT DISCOUNT STORE,,,20,W,M,35.912172,-79.05819784,107960,POINT (-79.05819784 35.912172)
227751,CHPD,LARCENY FROM MOTOR VEHICLE,1802 MARTIN LUTHER KING JR BLVD,CHAPEL HILL,NC,27514,1719438360000,1719438360000,1719437400000,THEFT/LARCENY,HIGHWAY/ROAD/ALLEY/STREET/SIDEWALK,,UNKNOWN,20,W,M,35.96713972,-79.05957264,107998,POINT (-79.05957264 35.96713972)
227974,CHPD,CREDIT CARD FRAUD,702 EMORY DR,CHAPEL HILL,NC,27517,1720011900000,1718798400000,1718884800000,MISC OFFICER IN,CYBERSPACE,,NONE,71,W,F,35.92913055,-79.01564026,108133,POINT (-79.01564026 35.92913055)
231321,CHPD,CREDIT CARD FRAUD,1801 FORDHAM BLVD,CHAPEL HILL,NC,27514,1723538640000,1717588800000,1718452800000,MISC OFFICER IN,SPECIALTY/STORE,,NONE,51,W,F,35.94783401,-79.01280975,108141,POINT (-79.01280975 35.94783401)
231685,CHPD,CREDIT CARD FRAUD,202 MONTCLAIR WAY,CHAPEL HILL,NC,27516,1724341980000,1723728600000,1723734000000,MISC OFFICER IN,CYBERSPACE,,NONE,53,W,M,35.89422989,-79.07067871,108154,POINT (-79.07067871 35.89422989)
229614,CHPD,CREDIT CARD FRAUD,828 MARTIN LUTHER KING JR BLVD,CHAPEL HILL,NC,27514,1721666820000,1720194120000,1720201320000,FRAUD OR DECEPT,RESTAURANT,,,41,W,F,35.92695999,-79.05294037,108158,POINT (-79.05294037 35.92695999)
230057,CHPD,CREDIT CARD FRAUD,414 COLONY WOODS DR,CHAPEL HILL,NC,27517,1722799020000,1722736800000,1722796200000,FRAUD OR DECEPT,CYBERSPACE,,,33,W,M,35.93446732,-79.0022583,108166,POINT (-79.0022583 35.93446732)
231596,CHPD,CREDIT CARD FRAUD,2103 FOUNTAIN RIDGE RD,CHAPEL HILL,NC,27517,1724161500000,1723982400000,1724068800000,MISC OFFICER IN,CYBERSPACE,,NONE,,W,M,35.9372406,-79.00019836,108173,POINT (-79.00019836 35.9372406)
231721,CHPD,CREDIT CARD FRAUD,110 S ELLIOTT RD,CHAPEL HILL,NC,27514,1724413860000,1711368000000,1724331600000,MISC OFFICER IN,CYBERSPACE,,NONE,49,W,F,35.93369675,-79.02856445,108181,POINT (-79.02856445 35.93369675)
233319,CHPD,CREDIT CARD FRAUD,104 TIMBER HOLLOW CT,CHAPEL HILL,NC,27514,1727873340000,1723982400000,1727816400000,MISC OFFICER IN,CYBERSPACE,,NONE,29,W,F,35.94028854,-79.05414581,108188,POINT (-79.05414581 35.94028854)
235659,CHPD,B&E TO VEHICLE,312 MCCAULEY ST,CHAPEL HILL,NC,27516,1733322780000,1733160600000,1733322300000,THEFT/LARCENY,HIGHWAY/ROAD/ALLEY/STREET/SIDEWALK,Y,NONE,19,W,F,35.90710068,-79.05911255,108198,POINT (-79.05911255 35.90710068)
229724,CHPD,CREDIT CARD THEFT,1720 FORDHAM BLVD,CHAPEL HILL,NC,27514,1721941800000,1721934840000,1721941800000,THEFT/LARCENY,DEPARTMENT DISCOUNT STORE,,,49,B,M,35.93694305,-79.02210236,108199,POINT (-79.02210236 35.93694305)
236261,CHPD,B&E TO VEHICLE,218 CONNER DR,CHAPEL HILL,NC,27514,1734788100000,1734652800000,1734788100000,THEFT/LARCENY,PARKING/DROP LOT/GARAGE,,,24,W,F,35.93238068,-79.02925873,108206,POINT (-79.02925873 35.93238068)
232370,CHPD,CREDIT CARD FRAUD,116 W BARBEE CHAPEL RD,CHAPEL HILL,NC,27517,1725820980000,1725802200000,1725802740000,PUBLIC SERVICE,GROCERY/SUPERMARKET,,,74,W,F,35.90627289,-79.01091766,108207,POINT (-79.01091766 35.90627289)
231822,CHPD,CARD FRAUD,1720 FORDHAM BLVD,CHAPEL HILL,NC,27514,1724605080000,1724593200000,1724603400000,PUBLIC SERVICE,GROCERY/SUPERMARKET,N,NONE,32,W,F,35.93694305,-79.02210236,108253,POINT (-79.02210236 35.93694305)
235626,CHPD,DAMAGE TO VEHICLE,100 EASTOWNE DR,CHAPEL HILL,NC,27514,1733231220000,1733230800000,1733231220000,DAMAGE/VANDALIS,PARKING/DROP LOT/GARAGE,,,28,W,M,35.94817734,-79.00719452,108256,POINT (-79.00719452 35.94817734)
231178,CHPD,CARDIAC ARREST,1103 WILLOW DR,CHAPEL HILL,NC,27517,1723123860000,1723109400000,1723123860000,CARDIAC RESP AR,RESIDENCE/HOME,N,,,W,M,35.92987061,-79.01946259,108260,POINT (-79.01946259 35.92987061)
229780,CHPD,DAMAGE TO VEHICLE,112 S GRAHAM ST,CHAPEL HILL,NC,27516,1722082200000,1722073500000,1722081900000,DAMAGE/VANDALIS,HIGHWAY/ROAD/ALLEY/STREET/SIDEWALK,,NONE,68,B,F,35.90919113,-79.06414032,108264,POINT (-79.06414032 35.90919113)
231815,CHPD,CARDIAC ARREST,100 MELVILLE LOOP,CHAPEL HILL,NC,27514,1724580420000,1724565600000,1724580000000,CARDIAC RESP AR,RESIDENCE/HOME,,,,A,M,35.94879532,-79.01699066,108292,POINT (-79.01699066 35.94879532)
233698,CHPD,CARELESS AND RECKLESS DRIVING,1101 SOURWOOD CIR,CHAPEL HILL,NC,27517,1728756420000,1728756180000,1728756420000,DISTURBANCE/NUI,HIGHWAY/ROAD/ALLEY/STREET/SIDEWALK,,NONE,,,,35.8940773,-79.03905487,108294,POINT (-79.03905487 35.8940773)
232642,CHPD,CARELESS AND RECKLESS DRIVING,100 E FRANKLIN ST,CHAPEL HILL,NC,27514,1726400100000,1726399800000,1726400100000,MISC OFFICER IN,HIGHWAY/ROAD/ALLEY/STREET/SIDEWALK,,NONE,,,,35.91292953,-79.05532074,108298,POINT (-79.05532074 35.91292953)
232065,CHPD,CARELESS AND RECKLESS DRIVING,200 SOUTH RD,CHAPEL HILL,NC,27514,1725149760000,1725149760000,1725149760000,TRAFFIC STOP,HIGHWAY/ROAD/ALLEY/STREET/SIDEWALK,,NONE,,,,35.90866852,-79.04924011,108302,POINT (-79.04924011 35.90866852)
233734,CHPD,CARELESS AND RECKLESS DRIVING,N COLUMBIA AT E ROSEMARY,CHAPEL HILL,NC,27514,1728840540000,1728840540000,1728840540000,TRAFFIC STOP,HIGHWAY/ROAD/ALLEY/STREET/SIDEWALK,,NONE,,,,,,108306,
233825,CHPD,B&E    LARCENY F/VEHICLE,3690 S COLUMBIA ST,CHAPEL HILL,NC,27516,1729044600000,1729044240000,1729044540000,THEFT/LARCENY,PARKING/DROP LOT/GARAGE,Y,UNKNOWN,,U,M,,,108309,
235723,CHPD,CARELESS AND RECKLESS DRIVING,W FRANKLIN ST @ S MERRITT MILL RD,CHAPEL HILL,,27516,1733478540000,1733472000000,1733472060000,MISC OFFICER IN,HIGHWAY/ROAD/ALLEY/STREET/SIDEWALK,,NONE,35,W,M,,,108321,
231564,CHPD,CARELESS AND RECKLESS DRIVING,MARTIN LUTHER KING JR BLVD/HOMESTEAD RD,CHAPEL HILL,,27514,1724082540000,1724082540000,1724082540000,TRAFFIC STOP,HIGHWAY/ROAD/ALLEY/STREET/SIDEWALK,,NONE,,,,35.94950867,-79.05830383,108323,POINT (-79.05830383 35.94950867)
233863,CHPD,B&E    LARCENY F/VEHICLE,1 EUROPA DR,CHAPEL HILL,NC,27514,1729128720000,1729128600000,1729128720000,THEFT/LARCENY,HOTEL/MOTEL/ETC.,Y,UNKNOWN,54,W,M,35.94126129,-79.01737976,108424,POINT (-79.01737976 35.94126129)
233954,CHPD,B&E    LARCENY F/VEHICLE,101 EUROPA DR,CHAPEL HILL,NC,27514,1729376520000,1729372440000,1729376400000,THEFT/LARCENY,PARKING/DROP LOT/GARAGE,Y,,56,B,F,35.93976974,-79.01707458,108426,POINT (-79.01707458 35.93976974)
233865,CHPD,B&E    LARCENY F/VEHICLE,201 S ELLIOTT RD,CHAPEL HILL,NC,27514,1729135800000,1729123200000,1729135800000,THEFT/LARCENY,PARKING/DROP LOT/GARAGE,Y,NONE,26,W,F,35.93317413,-79.02710724,108428,POINT (-79.02710724 35.93317413)
233921,CHPD,B&E    LARCENY F/VEHICLE,1081 NC 54,CHAPEL HILL,NC,27514,1729270080000,1729269000000,1729270080000,THEFT/LARCENY,PARKING/DROP LOT/GARAGE,,NONE,49,W,F,35.89554977,-79.06314087,108429,POINT (-79.06314087 35.89554977)
234049,CHPD,B&E    LARCENY F/VEHICLE,308 W BARBEE CHAPEL RD,CHAPEL HILL,NC,27517,1729672320000,1729629000000,1729672320000,THEFT/LARCENY,RESIDENCE/HOME,,NONE,49,W,M,35.90737915,-79.01455688,108431,POINT (-79.01455688 35.90737915)
234055,CHPD,B&E    LARCENY F/VEHICLE,100 VILLAGE CROSSING DR,CHAPEL HILL,NC,27517,1729676160000,1729636200000,1729675200000,THEFT/LARCENY,PARKING/DROP LOT/GARAGE,Y,UNKNOWN,37,W,F,35.90420914,-79.00835419,108433,POINT (-79.00835419 35.90420914)
234102,CHPD,B&E    LARCENY F/VEHICLE,723 COSGROVE AVE,CHAPEL HILL,NC,27514,1729766580000,1729684800000,1729765800000,THEFT/LARCENY,PARKING/DROP LOT/GARAGE,Y,NONE,30,W,F,35.94537354,-79.01638794,108435,POINT (-79.01638794 35.94537354)
234120,CHPD,B&E    LARCENY F/VEHICLE,101 COSGROVE AVE,CHAPEL HILL,NC,27514,1729792980000,1729782900000,1729792980000,THEFT/LARCENY,PARKING/DROP LOT/GARAGE,,NONE,34,B,M,35.94383621,-79.01651764,108513,POINT (-79.01651764 35.94383621)
234162,CHPD,B&E    LARCENY F/VEHICLE,125 E ROSEMARY ST,CHAPEL HILL,NC,27514,1729858080000,1729426080000,1729858080000,THEFT/LARCENY,PARKING/DROP LOT/GARAGE,,,19,A,M,35.91472244,-79.05562592,108514,POINT (-79.05562592 35.91472244)
234147,CHPD,B&E    LARCENY F/VEHICLE,201 S ELLIOTT RD,CHAPEL HILL,NC,27514,1729842600000,1729801800000,1729842600000,THEFT/LARCENY,PARKING/DROP LOT/GARAGE,Y,,23,W,M,35.93317413,-79.02710724,108515,POINT (-79.02710724 35.93317413)
234374,CHPD,B&E    LARCENY F/VEHICLE,109 TIMBER HOLLOW CT,CHAPEL HILL,NC,27514,1730363640000,1730322000000,1730363580000,DAMAGE/VANDALIS,PARKING/DROP LOT/GARAGE,Y,NONE,29,B,M,35.94090271,-79.05473328,108516,POINT (-79.05473328 35.94090271)
234228,CHPD,B&E    LARCENY F/VEHICLE,107 SUMAC RD,CHAPEL HILL,NC,27514,1730051520000,1730037600000,1730044800000,THEFT/LARCENY,PARKING/DROP LOT/GARAGE,Y,NONE,46,W,F,,,108517,
234503,CHPD,B&E    LARCENY F/VEHICLE,1 EUROPA DR,CHAPEL HILL,NC,27514,1730671560000,1730654940000,1730671440000,THEFT/LARCENY,PARKING/DROP LOT/GARAGE,,,55,W,M,35.94126129,-79.01737976,108518,POINT (-79.01737976 35.94126129)
234521,CHPD,B&E    LARCENY F/VEHICLE,1081 NC 54,CHAPEL HILL,NC,27514,1730733000000,1730725260000,1730732400000,THEFT/LARCENY,PARKING/DROP LOT/GARAGE,,NONE,25,W,F,35.89554977,-79.06314087,108519,POINT (-79.06314087 35.89554977)
234641,CHPD,B&E    LARCENY F/VEHICLE,1521 E FRANKLIN ST,CHAPEL HILL,NC,27514,1730958120000,1730908800000,1730958000000,THEFT/LARCENY,PARKING/DROP LOT/GARAGE,Y,NONE,37,W,M,35.93309402,-79.03274536,108520,POINT (-79.03274536 35.93309402)
234766,CHPD,B&E    LARCENY F/VEHICLE,100 AQUATIC DR,CHAPEL HILL,NC,27516,1731237420000,1731234000000,1731237240000,THEFT/LARCENY,PARKING/DROP LOT/GARAGE,,,46,W,F,35.95592117,-79.06490326,108521,POINT (-79.06490326 35.95592117)
234634,CHPD,B&E    LARCENY F/VEHICLE,1800 EASTGATE CROSSING,CHAPEL HILL,NC,27514,1730921520000,1730912400000,1730921460000,THEFT/LARCENY,PARKING/DROP LOT/GARAGE,,NONE,44,W,M,35.93645859,-79.02375793,108522,POINT (-79.02375793 35.93645859)
234804,CHPD,B&E    LARCENY F/VEHICLE,107 SUMAC RD,CHAPEL HILL,NC,27516,1731344400000,1731308400000,1731344400000,THEFT/LARCENY,PARKING/DROP LOT/GARAGE,Y,,36,B,F,,,108523,
234830,CHPD,B&E    LARCENY F/VEHICLE,816 PERKINS DR,CHAPEL HILL,NC,27514,1731406020000,1731405960000,1731405960000,DAMAGE/VANDALIS,PARKING/DROP LOT/GARAGE,Y,UNKNOWN,27,W,M,35.96695328,-79.05609894,108524,POINT (-79.05609894 35.96695328)
234762,CHPD,B&E    LARCENY F/VEHICLE,200 CARRAWAY CROSSING,CHAPEL HILL,NC,27514,1731230280000,1731209400000,1731230280000,THEFT/LARCENY,PARKING/DROP LOT/GARAGE,Y,,26,W,F,,,108525,
234815,CHPD,B&E    LARCENY F/VEHICLE,425 HILLSBOROUGH ST,CHAPEL HILL,NC,27514,1731360000000,1731359100000,1731359100000,DAMAGE/VANDALIS,PARKING/DROP LOT/GARAGE,,NONE,22,W,M,35.92021561,-79.05192566,108526,POINT (-79.05192566 35.92021561)
234951,CHPD,B&E    LARCENY F/VEHICLE,1 EUROPA DR,CHAPEL HILL,NC,27514,1731658740000,1731648600000,1731658500000,THEFT/LARCENY,HOTEL/MOTEL/ETC.,Y,UNKNOWN,71,W,F,35.94126129,-79.01737976,108527,POINT (-79.01737976 35.94126129)
234854,CHPD,B&E    LARCENY F/VEHICLE,201 S ELLIOTT RD,CHAPEL HILL,NC,27514,1731439800000,1731431700000,1731439200000,THEFT/LARCENY,PARKING/DROP LOT/GARAGE,,,66,W,F,35.93317413,-79.02710724,108528,POINT (-79.02710724 35.93317413)
235019,CHPD,B&E    LARCENY F/VEHICLE,1 EUROPA DR,CHAPEL HILL,NC,27514,1731782340000,1731775500000,1731781800000,THEFT/LARCENY,PARKING/DROP LOT/GARAGE,,,60,W,F,35.94126129,-79.01737976,108529,POINT (-79.01737976 35.94126129)
235024,CHPD,B&E    LARCENY F/VEHICLE,201 S ELLIOTT RD,CHAPEL HILL,NC,27514,1731795540000,1731775020000,1731795300000,THEFT/LARCENY,PARKING/DROP LOT/GARAGE,Y,,38,W,M,35.93317413,-79.02710724,108530,POINT (-79.02710724 35.93317413)
235094,CHPD,B&E    LARCENY F/VEHICLE,103 LANCASTER DR,CHAPEL HILL,NC,27517,1731945120000,1731925800000,1731945120000,THEFT/LARCENY,PARKING/DROP LOT/GARAGE,N,,34,W,M,35.92127228,-79.00852966,108531,POINT (-79.00852966 35.92127228)
235069,CHPD,B&E    LARCENY F/VEHICLE,1129 WEAVER DAIRY RD,CHAPEL HILL,NC,27514,1731910440000,1731909840000,1731909900000,THEFT/LARCENY,PARKING/DROP LOT/GARAGE,Y,NONE,40,W,M,35.96219254,-79.05480194,108532,POINT (-79.05480194 35.96219254)
235027,CHPD,B&E    LARCENY F/VEHICLE,201 S ELLIOTT RD,CHAPEL HILL,NC,27514,1731801240000,1731780000000,1731800400000,THEFT/LARCENY,PARKING/DROP LOT/GARAGE,Y,,57,W,M,35.93317413,-79.02710724,108533,POINT (-79.02710724 35.93317413)
235243,CHPD,B&E    LARCENY F/VEHICLE,1 EUROPA DR,CHAPEL HILL,NC,27514,1732216200000,1732204800000,1732215600000,THEFT/LARCENY,HOTEL/MOTEL/ETC.,,,48,W,M,35.94126129,-79.01737976,108534,POINT (-79.01737976 35.94126129)
235318,CHPD,B&E    LARCENY F/VEHICLE,300 W ROSEMARY ST,CHAPEL HILL,NC,27516,1732418220000,1732415400000,1732418220000,THEFT/LARCENY,PARKING/DROP LOT/GARAGE,Y,NONE,22,W,M,35.91328049,-79.05898285,108535,POINT (-79.05898285 35.91328049)
235179,CHPD,B&E    LARCENY F/VEHICLE,221 COSGROVE AVE,CHAPEL HILL,NC,27514,1732107600000,1732042800000,1732106280000,THEFT/LARCENY,RESIDENCE/HOME,,UNKNOWN,,W,F,35.94423294,-79.01563263,108536,POINT (-79.01563263 35.94423294)
235387,CHPD,B&E    LARCENY F/VEHICLE,250 S ESTES DR,CHAPEL HILL,NC,27514,1732601580000,1732572000000,1732601400000,THEFT/LARCENY,PARKING/DROP LOT/GARAGE,Y,BLUNT OBJECT,34,A,M,35.9250412,-79.02761841,108537,POINT (-79.02761841 35.9250412)
235535,CHPD,B&E    LARCENY F/VEHICLE,1502 E FRANKLIN ST,CHAPEL HILL,NC,27514,1733000100000,1732988700000,1733000100000,THEFT/LARCENY,PARKING/DROP LOT/GARAGE,,,31,W,F,35.92984009,-79.03335571,108538,POINT (-79.03335571 35.92984009)
235617,CHPD,B&E    LARCENY F/VEHICLE,610 E ROSEMARY ST,CHAPEL HILL,NC,27514,1733222220000,1732986000000,1733216400000,MISC OFFICER IN,PARKING/DROP LOT/GARAGE,,,51,W,M,35.91790009,-79.04522705,108539,POINT (-79.04522705 35.91790009)
235661,CHPD,B&E    LARCENY F/VEHICLE,1510 E FRANKLIN ST,CHAPEL HILL,NC,27514,1733336700000,1732408320000,1733336700000,THEFT/LARCENY,PARKING/DROP LOT/GARAGE,,,25,B,M,35.93096542,-79.03302002,108540,POINT (-79.03302002 35.93096542)
235395,CHPD,B&E    LARCENY F/VEHICLE,5639 OLD CHAPEL HILL RD,DURHAM,NC,27707,1732610520000,1732572000000,1732610400000,THEFT/LARCENY,PARKING/DROP LOT/GARAGE,Y,BLUNT OBJECT,26,B,M,35.94288635,-79.00243378,108541,POINT (-79.00243378 35.94288635)
235843,CHPD,B&E    LARCENY F/VEHICLE,1777 FORDHAM BLVD,CHAPEL HILL,NC,27514,1733773620000,1733763600000,1733773620000,THEFT/LARCENY,PARKING/DROP LOT/GARAGE,Y,BLUNT OBJECT,44,W,F,35.94562531,-79.01390076,108542,POINT (-79.01390076 35.94562531)
235690,CHPD,B&E    LARCENY F/VEHICLE,1000 MARTIN LUTHER KING JR BLVD,CHAPEL HILL,NC,27514,1733396040000,1733333400000,1733383800000,THEFT/LARCENY,CONSTRUCTION SITE,,NONE,,,,35.93598175,-79.05593872,108543,POINT (-79.05593872 35.93598175)
235791,CHPD,B&E    LARCENY F/VEHICLE,1081 NC 54,CHAPEL HILL,NC,27514,1733666700000,1733663700000,1733666700000,THEFT/LARCENY,PARK/PLAYGROUND,,,25,W,F,35.89554977,-79.06314087,108544,POINT (-79.06314087 35.89554977)
236126,CHPD,B&E    LARCENY F/VEHICLE,1506 E FRANKLIN STREET,CHAPEL HILL,NC,27514,1734463500000,1734462300000,1734463500000,THEFT/LARCENY,PARKING/DROP LOT/GARAGE,,NONE,26,W,F,,,108545,
236050,CHPD,B&E    LARCENY F/VEHICLE,1717 LEGION RD,CHAPEL HILL,NC,27517,1734288420000,1734283800000,1734288420000,THEFT/LARCENY,PARKING/DROP LOT/GARAGE,,,38,A,M,35.94070435,-79.01650238,108546,POINT (-79.01650238 35.94070435)
236417,CHPD,B&E    LARCENY F/VEHICLE,1 EUROPA DR,CHAPEL HILL,NC,27514,1735384320000,1735326000000,1735383900000,THEFT/LARCENY,PARKING/DROP LOT/GARAGE,N,NONE,52,W,M,35.94126129,-79.01737976,108547,POINT (-79.01737976 35.94126129)
231544,CHPD,B&E  LARCENY F/VEHICLE,101 LEGACY TER,CHAPEL HILL,NC,27516,1724069220000,1724028300000,1724068800000,THEFT/LARCENY,PARKING/DROP LOT/GARAGE,Y,UNKNOWN,19,W,F,35.94704437,-79.06047821,108553,POINT (-79.06047821 35.94704437)
236494,CHPD,B&E    LARCENY F/VEHICLE,104 MISTY WOODS CIR,CHAPEL HILL,NC,27514,1735587600000,1735574400000,1735585200000,THEFT/LARCENY,HIGHWAY/ROAD/ALLEY/STREET/SIDEWALK,N,,45,U,F,35.9380455,-79.05557251,108571,POINT (-79.05557251 35.9380455)
228032,CHPD,B&E   LARCENY F/VEHICLE,3690 S COLUMBIA ST,CHAPEL HILL,NC,27516,1720157880000,1720125600000,1720157700000,THEFT/LARCENY,PARKING/DROP LOT/GARAGE,Y,BLUNT OBJECT,67,W,M,35.88105774,-79.0627594,108589,POINT (-79.0627594 35.88105774)
236300,CHPD,B&E TO VEHICLE,214 W ROSEMARY ST,CHAPEL HILL,NC,27516,1734940080000,1734840000000,1734939000000,THEFT/LARCENY,PARKING/DROP LOT/GARAGE,,NONE,39,W,M,35.91353607,-79.05835724,108608,POINT (-79.05835724 35.91353607)
231194,CHPD,CREDIT CARD/ATM FRAUD,100 SONGBIRD LN,CHAPEL HILL,NC,27514,1723215180000,1721865600000,1723209420000,FRAUD OR DECEPT,SPECIALTY/STORE,,,79,W,M,35.9270401,-79.05086517,108609,POINT (-79.05086517 35.9270401)
229719,CHPD,CREDIT CARD THEFT,201 S ESTES DR,CHAPEL HILL,NC,27514,1721936700000,1721932200000,1721934000000,THEFT/LARCENY,GROCERY/SUPERMARKET,N,NONE,23,W,M,35.92786026,-79.02971649,108617,POINT (-79.02971649 35.92786026)
234334,CHPD,B&E TO VEHICLE,201 S ELLIOTT RD,CHAPEL HILL,NC,27514,1730277360000,1730194200000,1730277360000,THEFT/LARCENY,PARKING/DROP LOT/GARAGE,,,26,W,F,35.93317413,-79.02710724,108619,POINT (-79.02710724 35.93317413)
233944,CHPD,CREDIT CARD/ATM FRAUD,1748 FORDHAM BLVD,CHAPEL HILL,NC,27514,1729352820000,1729297980000,1729350000000,DISTURBANCE/NUI,RESTAURANT,,NONE,34,B,F,35.9407692,-79.01911926,108624,POINT (-79.01911926 35.9407692)
231877,CHPD,CREDIT CARD FRAUD,2110 S ESTES DR,CHAPEL HILL,,27514,1724753940000,1724681160000,1724752800000,MISC OFFICER IN,GROCERY/SUPERMARKET,,NONE,52,W,F,,,108699,
235244,CHPD,B&E LARCENY FROM VEHICLE,201 S ELLIOTT RD,CHAPEL HILL,NC,27514,1732216980000,1732170000000,1732216980000,THEFT/LARCENY,PARKING/DROP LOT/GARAGE,Y,NONE,33,W,F,35.93317413,-79.02710724,108748,POINT (-79.02710724 35.93317413)
232850,CHPD,DEBIT CARD FRAUD,129 S ESTES DR,CHAPEL HILL,NC,27514,1726846980000,1724923020000,1726833600000,MISC OFFICER IN,BANK/SAVINGS AND LOAN,,NONE,56,W,F,35.92810059,-79.0305481,108807,POINT (-79.0305481 35.92810059)
229605,CHPD,DISABLED VEHICLE,1001 RALEIGH RD,CHAPEL HILL,NC,27514,1721660880000,1721660400000,1721660880000,TRAFFIC VIOLATI,,,,,,,35.91034698,-79.03515625,108816,POINT (-79.03515625 35.91034698)
232372,CHPD,DISABLED VEHICLE,1301 FORDHAM BLVD/EPHESUS CHURCH RD,CHAPEL HILL,NC,27517,1725824280000,1725823800000,1725824280000,PUBLIC SERVICE,HIGHWAY/ROAD/ALLEY/STREET/SIDEWALK,,NONE,,,,35.93632126,-79.02345276,108821,POINT (-79.02345276 35.93632126)
236129,CHPD,B&E    LARCENY F/VEHICLE,1502 E FRANKLIN ST,CHAPEL HILL,NC,27514,1734463200000,1734458700000,1734463200000,THEFT/LARCENY,PARKING/DROP LOT/GARAGE,Y,NONE,56,W,M,35.92984009,-79.03335571,108832,POINT (-79.03335571 35.92984009)
236179,CHPD,B&E    LARCENY F/VEHICLE,150 E ROSEMARY ST,CHAPEL HILL,NC,27514,1734614520000,1734584400000,1734614100000,THEFT/LARCENY,PARKING/DROP LOT/GARAGE,N,NONE,28,W,F,35.91466522,-79.05413818,108908,POINT (-79.05413818 35.91466522)
231533,CHPD,B&E    LARCENY F/VEHICLE,1 EUROPA DR,CHAPEL HILL,NC,27514,1724057580000,1724027400000,1724047200000,THEFT/LARCENY,PARKING/DROP LOT/GARAGE,Y,NONE,31,W,M,35.94126129,-79.01737976,108909,POINT (-79.01737976 35.94126129)
236133,CHPD,B&E    LARCENY F/VEHICLE,1742 FORDHAM BLVD,CHAPEL HILL,NC,27517,1734488640000,1734487800000,1734488640000,THEFT/LARCENY,PARKING/DROP LOT/GARAGE,Y,NONE,73,B,M,35.93971252,-79.02027893,108926,POINT (-79.02027893 35.93971252)
236163,CHPD,B&E    LARCENY F/VEHICLE,1 EUROPA DR,CHAPEL HILL,NC,27514,1734586740000,1734552000000,1734586740000,MISC OFFICER IN,PARKING/DROP LOT/GARAGE,Y,NONE,26,W,F,35.94126129,-79.01737976,108927,POINT (-79.01737976 35.94126129)
231399,CHPD,B&E    LARCENY F/VEHICLE,3690 S COLUMBIA ST,CHAPEL HILL,NC,27516,1723707600000,1723672800000,1723707000000,THEFT/LARCENY,HIGHWAY/ROAD/ALLEY/STREET/SIDEWALK,,,44,B,F,35.88105774,-79.0627594,108928,POINT (-79.0627594 35.88105774)
236242,CHPD,B&E    LARCENY F/VEHICLE,700 BOLINWOOD DR,CHAPEL HILL,NC,27514,1734771000000,1734739200000,1734770700000,THEFT/LARCENY,PARKING/DROP LOT/GARAGE,,NONE,19,B,M,35.92462158,-79.04941559,108929,POINT (-79.04941559 35.92462158)
236400,CHPD,B&E    LARCENY F/VEHICLE,109 CONNER DR,CHAPEL HILL,NC,27514,1735323000000,1735320600000,1735320900000,THEFT/LARCENY,PARKING/DROP LOT/GARAGE,,,28,W,F,35.9295578,-79.03161621,108930,POINT (-79.03161621 35.9295578)
231640,CHPD,B&E    LARCENY F/VEHICLE,202 HENDERSON ST,CHAPEL HILL,NC,27514,1724247300000,1723809600000,1724223600000,MISC OFFICER IN,PARKING/DROP LOT/GARAGE,N,NONE,51,W,M,35.91557693,-79.05337524,108931,POINT (-79.05337524 35.91557693)
236252,CHPD,B&E    LARCENY F/VEHICLE,211 CHURCH ST,CHAPEL HILL,NC,27516,1734774780000,1734688800000,1734774600000,THEFT/LARCENY,HIGHWAY/ROAD/ALLEY/STREET/SIDEWALK,,NONE,55,W,F,35.91346359,-79.05948639,108932,POINT (-79.05948639 35.91346359)
236278,CHPD,B&E    LARCENY F/VEHICLE,121 S ESTES DR,CHAPEL HILL,NC,27514,1734816480000,1734810000000,1734816480000,THEFT/LARCENY,PARKING/DROP LOT/GARAGE,,NONE,37,W,F,35.92869949,-79.03205872,108933,POINT (-79.03205872 35.92869949)
231710,CHPD,B&E    LARCENY F/VEHICLE,143 VINTAGE DR,CHAPEL HILL,NC,27516,1724402700000,1724234400000,1724340600000,MISC OFFICER IN,PARKING/DROP LOT/GARAGE,N,NONE,54,W,F,35.95527267,-79.06580353,108934,POINT (-79.06580353 35.95527267)
236482,CHPD,B&E    LARCENY F/VEHICLE,100 MELVILLE LOOP,CHAPEL HILL,NC,27514,1735562400000,1735480800000,1735560000000,MISC OFFICER IN,PARKING/DROP LOT/GARAGE,N,NONE,41,W,F,35.94879532,-79.01699066,108936,POINT (-79.01699066 35.94879532)
231890,CHPD,B&E    LARCENY F/VEHICLE,103 LANCASTER DR,CHAPEL HILL,NC,27517,1724758740000,1724685300000,1724687280000,MISC OFFICER IN,PARKING/DROP LOT/GARAGE,N,NONE,49,W,M,35.92127228,-79.00852966,108939,POINT (-79.00852966 35.92127228)
236467,CHPD,B&E    LARCENY F/VEHICLE,112 COVINGTON DR,CHAPEL HILL,NC,27514,1735540260000,1735423200000,1735540200000,THEFT/LARCENY,PARKING/DROP LOT/GARAGE,N,NONE,55,B,F,35.95330048,-79.01734924,108940,POINT (-79.01734924 35.95330048)
231670,CHPD,B&E    LARCENY F/VEHICLE,2701 HOMESTEAD RD,CHAPEL HILL,NC,27516,1724312280000,1724266800000,1724312220000,THEFT/LARCENY,PARKING/DROP LOT/GARAGE,Y,NONE,38,W,M,35.94963837,-79.05986786,108947,POINT (-79.05986786 35.94963837)
232170,CHPD,B&E    LARCENY F/VEHICLE,4000 ENVIRON WAY,CHAPEL HILL,NC,27517,1725416820000,1725416700000,1725416760000,THEFT/LARCENY,PARKING/DROP LOT/GARAGE,,NONE,59,W,M,35.9070015,-79.02098846,108948,POINT (-79.02098846 35.9070015)
231916,CHPD,B&E    LARCENY F/VEHICLE,610 MARKET ST,CHAPEL HILL,NC,27516,1724832660000,1724778000000,1724832660000,THEFT/LARCENY,PARKING/DROP LOT/GARAGE,N,,53,W,M,35.88160706,-79.06679535,108949,POINT (-79.06679535 35.88160706)
231932,CHPD,B&E    LARCENY F/VEHICLE,301 HENDERSON ST,CHAPEL HILL,NC,27514,1724860800000,1724770800000,1724859600000,THEFT/LARCENY,RESIDENCE/HOME,,NONE,21,W,F,35.91645813,-79.05432892,108950,POINT (-79.05432892 35.91645813)
232217,CHPD,B&E    LARCENY F/VEHICLE,103 LANCASTER DR,CHAPEL HILL,NC,27517,1725484620000,1725469200000,1725484200000,THEFT/LARCENY,PARKING/DROP LOT/GARAGE,,NONE,21,W,M,35.92127228,-79.00852966,108952,POINT (-79.00852966 35.92127228)
232228,CHPD,B&E    LARCENY F/VEHICLE,1105 NC 54,CHAPEL HILL,NC,27514,1725524160000,1725379200000,1725440400000,MISC OFFICER IN,PARKING/DROP LOT/GARAGE,,NONE,27,W,M,35.89803696,-79.06774902,108953,POINT (-79.06774902 35.89803696)
232009,CHPD,B&E    LARCENY F/VEHICLE,1220 MARTIN LUTHER KING JR BLVD,CHAPEL HILL,NC,27514,1725035220000,1723910460000,1724925540000,THEFT/LARCENY,PARKING/DROP LOT/GARAGE,,UNKNOWN,47,W,M,35.94884491,-79.05782318,108954,POINT (-79.05782318 35.94884491)
232289,CHPD,B&E    LARCENY F/VEHICLE,316 W ROSEMARY ST,CHAPEL HILL,NC,27516,1725622560000,1725397200000,1725562800000,MISC OFFICER IN,PARKING/DROP LOT/GARAGE,,NONE,49,W,F,35.91299057,-79.06022644,108955,POINT (-79.06022644 35.91299057)
232295,CHPD,B&E    LARCENY F/VEHICLE,1105 NC 54,CHAPEL HILL,NC,27514,1725630660000,1725537600000,1725624000000,MISC OFFICER IN,PARKING/DROP LOT/GARAGE,N,NONE,20,W,F,35.89803696,-79.06774902,108956,POINT (-79.06774902 35.89803696)
232422,CHPD,B&E    LARCENY F/VEHICLE,1010 S HAMILTON RD,CHAPEL HILL,NC,27517,1725949680000,1725906660000,1725949680000,THEFT/LARCENY,PARKING/DROP LOT/GARAGE,,UNKNOWN,54,W,M,35.90728378,-79.02444458,108957,POINT (-79.02444458 35.90728378)
232424,CHPD,B&E    LARCENY F/VEHICLE,5000 ENVIRON WAY,CHAPEL HILL,NC,27517,1725952380000,1725944400000,1725952320000,FRAUD OR DECEPT,PARKING/DROP LOT/GARAGE,Y,NONE,48,W,M,35.90644455,-79.02097321,108958,POINT (-79.02097321 35.90644455)
232377,CHPD,B&E    LARCENY F/VEHICLE,1001 S HAMILTON RD,CHAPEL HILL,NC,27517,1725856620000,1725856500000,1725856560000,THEFT/LARCENY,PARKING/DROP LOT/GARAGE,Y,UNKNOWN,56,W,F,35.90759277,-79.02336121,108960,POINT (-79.02336121 35.90759277)
232458,CHPD,B&E    LARCENY F/VEHICLE,1211 E FRANKLIN ST,CHAPEL HILL,NC,27514,1725991380000,1725919980000,1725991200000,DAMAGE/VANDALIS,PARKING/DROP LOT/GARAGE,,NONE,62,W,F,35.92452621,-79.03870392,108961,POINT (-79.03870392 35.92452621)
232516,CHPD,B&E    LARCENY F/VEHICLE,117 BASNIGHT LN,CHAPEL HILL,NC,27516,1726149120000,1726014600000,1726077600000,THEFT/LARCENY,HIGHWAY/ROAD/ALLEY/STREET/SIDEWALK,,NONE,21,W,F,35.90933228,-79.06121826,108962,POINT (-79.06121826 35.90933228)
232556,CHPD,B&E    LARCENY F/VEHICLE,425 HILLSBOROUGH ST,CHAPEL HILL,NC,27514,1726221540000,1726212480000,1726221180000,THEFT/LARCENY,PARKING/DROP LOT/GARAGE,,,20,W,F,35.92021561,-79.05192566,108963,POINT (-79.05192566 35.92021561)
232505,CHPD,B&E    LARCENY F/VEHICLE,716 MARTIN LUTHER KING JR BLVD,CHAPEL HILL,NC,27514,1726123560000,1726081500000,1726119000000,THEFT/LARCENY,RESIDENCE/HOME,,NONE,21,W,F,35.92254257,-79.05490112,108964,POINT (-79.05490112 35.92254257)
232504,CHPD,B&E    LARCENY F/VEHICLE,5639 OLD CHAPEL HILL RD,DURHAM,NC,27707,1726114320000,1726099200000,1726113600000,THEFT/LARCENY,PARKING/DROP LOT/GARAGE,,,30,B,F,35.94287109,-79.00148773,108965,POINT (-79.00148773 35.94287109)
232645,CHPD,B&E    LARCENY F/VEHICLE,309 FINLEY FOREST DR,CHAPEL HILL,NC,27517,1726391820000,1726367460000,1726390800000,THEFT/LARCENY,PARKING/DROP LOT/GARAGE,,UNKNOWN,52,W,F,35.89953613,-79.01007843,108966,POINT (-79.01007843 35.89953613)
232729,CHPD,B&E    LARCENY F/VEHICLE,533 ASHLEY CT,CHAPEL HILL,NC,27514,1726586880000,1725883200000,1725969600000,MISC OFFICER IN,PARKING/DROP LOT/GARAGE,N,NONE,31,W,M,35.94277191,-79.02365112,108967,POINT (-79.02365112 35.94277191)
232648,CHPD,B&E    LARCENY F/VEHICLE,625 S ELLIOTT RD,CHAPEL HILL,NC,27517,1726410000000,1726351200000,1726410000000,THEFT/LARCENY,PARKING/DROP LOT/GARAGE,,NONE,35,B,M,35.93320847,-79.02108765,108968,POINT (-79.02108765 35.93320847)
232599,CHPD,B&E    LARCENY F/VEHICLE,1701 MARTIN LUTHER KING JR BLVD,CHAPEL HILL,NC,27516,1726303320000,1726266600000,1726303260000,THEFT/LARCENY,PARKING/DROP LOT/GARAGE,,NONE,40,W,F,35.96211243,-79.05807495,108969,POINT (-79.05807495 35.96211243)
232747,CHPD,B&E    LARCENY F/VEHICLE,1 EUROPA DR,CHAPEL HILL,NC,27514,1726640220000,1726604100000,1726640220000,THEFT/LARCENY,HOTEL/MOTEL/ETC.,Y,,37,W,M,35.94126129,-79.01737976,108971,POINT (-79.01737976 35.94126129)
232650,CHPD,B&E    LARCENY F/VEHICLE,625 S ELLIOTT RD,CHAPEL HILL,NC,27514,1726418700000,1726257600000,1726418700000,,PARKING/DROP LOT/GARAGE,N,,,,,,,108972,
232824,CHPD,B&E    LARCENY F/VEHICLE,100 MARRIOTT WAY,CHAPEL HILL,NC,27517,1726819320000,1726770600000,1726818300000,THEFT/LARCENY,PARKING/DROP LOT/GARAGE,Y,UNKNOWN,59,W,M,35.90172958,-79.01014709,108973,POINT (-79.01014709 35.90172958)
232755,CHPD,B&E    LARCENY F/VEHICLE,300 CEDAR CLUB CIR,CHAPEL HILL,NC,27517,1726652700000,1726581600000,1726652640000,THEFT/LARCENY,PARKING/DROP LOT/GARAGE,,NONE,75,W,F,35.90611267,-79.00637817,108974,POINT (-79.00637817 35.90611267)
232763,CHPD,B&E    LARCENY F/VEHICLE,131 W ROSEMARY ST,CHAPEL HILL,NC,27516,1726660440000,1726581600000,1726660200000,THEFT/LARCENY,HIGHWAY/ROAD/ALLEY/STREET/SIDEWALK,,,53,W,M,35.91349792,-79.05753326,108975,POINT (-79.05753326 35.91349792)
232828,CHPD,B&E    LARCENY F/VEHICLE,1505 E FRANKLIN ST,CHAPEL HILL,NC,27514,1726824240000,1726785000000,1726822800000,THEFT/LARCENY,PARKING/DROP LOT/GARAGE,Y,NONE,44,W,M,35.93056107,-79.03445435,108976,POINT (-79.03445435 35.93056107)
232917,CHPD,B&E    LARCENY F/VEHICLE,100 MARRIOTT WAY,CHAPEL HILL,NC,27517,1727000460000,1726954200000,1726997400000,THEFT/LARCENY,PARKING/DROP LOT/GARAGE,,UNKNOWN,51,W,M,35.90172958,-79.01014709,108977,POINT (-79.01014709 35.90172958)
232849,CHPD,B&E    LARCENY F/VEHICLE,1211 E FRANKLIN ST,CHAPEL HILL,NC,27514,1726844400000,1726781400000,1726840680000,THEFT/LARCENY,PARKING/DROP LOT/GARAGE,,NONE,18,W,F,35.92452621,-79.03870392,108978,POINT (-79.03870392 35.92452621)
232918,CHPD,B&E    LARCENY F/VEHICLE,22 FRANCES ST,CHAPEL HILL,NC,27517,1727000400000,1726948800000,1727000400000,THEFT/LARCENY,HIGHWAY/ROAD/ALLEY/STREET/SIDEWALK,,,30,W,M,35.9321022,-79.02078247,108979,POINT (-79.02078247 35.9321022)
233089,CHPD,B&E    LARCENY F/VEHICLE,425 HILLSBOROUGH ST,CHAPEL HILL,NC,27514,1727347620000,1727298000000,1727334000000,THEFT/LARCENY,PARKING/DROP LOT/GARAGE,,,20,B,M,35.92021561,-79.05192566,108980,POINT (-79.05192566 35.92021561)
233324,CHPD,B&E    LARCENY F/VEHICLE,421 YATES MOTOR COMPANY ALY,CHAPEL HILL,NC,27516,1727874420000,1727869200000,1727869200000,THEFT/LARCENY,RESIDENCE/HOME,N,NONE,56,W,M,35.91018295,-79.06064606,108981,POINT (-79.06064606 35.91018295)
233046,CHPD,B&E    LARCENY F/VEHICLE,1000 SUMAC RD,CHAPEL HILL,NC,27514,1727255280000,1726912800000,1726920000000,THEFT/LARCENY,PARKING/DROP LOT/GARAGE,N,UNKNOWN,48,W,F,35.87857437,-79.06573486,108982,POINT (-79.06573486 35.87857437)
232915,CHPD,B&E    LARCENY F/VEHICLE,3690 S COLUMBIA ST,CHAPEL HILL,NC,27516,1726991220000,1726923600000,1726990920000,THEFT/LARCENY,PARKING/DROP LOT/GARAGE,Y,UNKNOWN,45,W,M,35.88105774,-79.0627594,108983,POINT (-79.0627594 35.88105774)
233325,CHPD,B&E    LARCENY F/VEHICLE,333 W ROSEMARY ST,CHAPEL HILL,NC,27516,1727877060000,1727697600000,1727875800000,THEFT/LARCENY,PARKING/DROP LOT/GARAGE,N,NONE,52,W,F,35.91171646,-79.06125641,108984,POINT (-79.06125641 35.91171646)
233347,CHPD,B&E    LARCENY F/VEHICLE,207 FRIENDLY LN,CHAPEL HILL,NC,27514,1727902200000,1727841600000,1727892000000,PUBLIC SERVICE,RESIDENCE/HOME,N,NONE,27,A,M,35.91663742,-79.05226135,108985,POINT (-79.05226135 35.91663742)
233343,CHPD,B&E    LARCENY F/VEHICLE,219 E ROSEMARY ST,CHAPEL HILL,NC,27514,1727899860000,1727899260000,1727899500000,THEFT/LARCENY,RESIDENCE/HOME,N,NONE,19,W,F,35.9160614,-79.05190277,108986,POINT (-79.05190277 35.9160614)
233348,CHPD,B&E    LARCENY F/VEHICLE,210 COTTAGE LN,CHAPEL HILL,NC,27514,1727901000000,1727841600000,1727900700000,PUBLIC SERVICE,PARKING/DROP LOT/GARAGE,N,NONE,20,W,F,35.91715622,-79.05156708,108987,POINT (-79.05156708 35.91715622)
233346,CHPD,B&E    LARCENY F/VEHICLE,217 COSGROVE AVE,CHAPEL HILL,NC,27514,1727923620000,1727904600000,1727923620000,THEFT/LARCENY,PARKING/DROP LOT/GARAGE,Y,UNKNOWN,26,W,F,35.94441605,-79.01537323,108988,POINT (-79.01537323 35.94441605)
233429,CHPD,B&E    LARCENY F/VEHICLE,1 EUROPA DR,CHAPEL HILL,NC,27514,1728163860000,1728153000000,1728163800000,THEFT/LARCENY,PARKING/DROP LOT/GARAGE,Y,NONE,44,W,M,35.94126129,-79.01737976,108989,POINT (-79.01737976 35.94126129)
233576,CHPD,B&E    LARCENY F/VEHICLE,113 CONNER DR,CHAPEL HILL,NC,27514,1728543900000,1728493200000,1728542700000,THEFT/LARCENY,PARKING/DROP LOT/GARAGE,Y,NONE,33,W,M,35.92928314,-79.03218842,108990,POINT (-79.03218842 35.92928314)
233556,CHPD,B&E    LARCENY F/VEHICLE,120 S ESTES DR,CHAPEL HILL,NC,27514,1728487860000,1728482400000,1728486900000,THEFT/LARCENY,PARKING/DROP LOT/GARAGE,,NONE,53,W,F,35.92595291,-79.03289032,108991,POINT (-79.03289032 35.92595291)
233583,CHPD,B&E    LARCENY F/VEHICLE,417 HILLSBOROUGH ST,CHAPEL HILL,NC,27514,1728553680000,1728511200000,1728552060000,THEFT/LARCENY,PARKING/DROP LOT/GARAGE,N,NONE,21,W,F,35.91894913,-79.05188751,108992,POINT (-79.05188751 35.91894913)
233725,CHPD,B&E    LARCENY F/VEHICLE,106 FRATERNITY CT,CHAPEL HILL,NC,27516,1728817140000,1728775800000,1728781200000,THEFT/LARCENY,PARKING/DROP LOT/GARAGE,,,56,W,M,35.91154861,-79.05561829,108993,POINT (-79.05561829 35.91154861)
233717,CHPD,B&E    LARCENY F/VEHICLE,440 W ROSEMARY ST,CHAPEL HILL,NC,27516,1728786720000,1728768600000,1728784800000,THEFT/LARCENY,PARKING/DROP LOT/GARAGE,,UNKNOWN,,A,M,,,108994,
233667,CHPD,B&E    LARCENY F/VEHICLE,1 EUROPA DR,CHAPEL HILL,NC,27514,1728687960000,1728685800000,1728687900000,THEFT/LARCENY,PARKING/DROP LOT/GARAGE,Y,NONE,51,W,F,35.94126129,-79.01737976,108995,POINT (-79.01737976 35.94126129)
233728,CHPD,B&E    LARCENY F/VEHICLE,125 E ROSEMARY ST,CHAPEL HILL,NC,27514,1728820920000,1728675000000,1728810000000,THEFT/LARCENY,PARKING/DROP LOT/GARAGE,,,49,W,M,35.91472244,-79.05562592,108996,POINT (-79.05562592 35.91472244)
233807,CHPD,B&E    LARCENY F/VEHICLE,237 S ELLIOTT RD,CHAPEL HILL,NC,27514,1728999600000,1728482400000,1728483300000,MISC OFFICER IN,PARKING/DROP LOT/GARAGE,N,NONE,41,W,F,35.9324646,-79.02658844,108997,POINT (-79.02658844 35.9324646)
233766,CHPD,B&E    LARCENY F/VEHICLE,4022 POPE RD/CRICKET GROUND,DURHAM,NC,27707,1728915660000,1728655200000,1728915660000,MISC OFFICER IN,HIGHWAY/ROAD/ALLEY/STREET/SIDEWALK,,NONE,24,B,F,35.94194412,-78.99599457,108998,POINT (-78.99599457 35.94194412)
233836,CHPD,B&E    LARCENY F/VEHICLE,201 S ELLIOTT RD,CHAPEL HILL,NC,27514,1729083120000,1729024200000,1729069200000,DAMAGE/VANDALIS,PARKING/DROP LOT/GARAGE,,NONE,60,W,M,35.93317413,-79.02710724,108999,POINT (-79.02710724 35.93317413)
233861,CHPD,B&E    LARCENY F/VEHICLE,101 ERWIN RD,CHAPEL HILL,NC,27514,1729129800000,1729127520000,1729129800000,THEFT/LARCENY,PARKING/DROP LOT/GARAGE,Y,NONE,47,W,M,35.94341278,-79.01961517,109000,POINT (-79.01961517 35.94341278)
233146,CHPD,LARCENY FROM MOTOR VEHICLE,235 MCCAULEY ST,CHAPEL HILL,NC,27516,1727452680000,1727386200000,1727422800000,MISC OFFICER IN,PARKING/DROP LOT/GARAGE,,NONE,27,W,F,35.90697098,-79.05736542,109003,POINT (-79.05736542 35.90697098)
232955,CHPD,LARCENY FROM MOTOR VEHICLE,2701 HOMESTEAD RD,CHAPEL HILL,NC,27516,1727094480000,1727013600000,1727071200000,MISC OFFICER IN,PARKING/DROP LOT/GARAGE,,NONE,44,W,F,35.94963837,-79.05986786,109006,POINT (-79.05986786 35.94963837)
233296,CHPD,LARCENY FROM MOTOR VEHICLE,150 E ROSEMARY ST,CHAPEL HILL,NC,27514,1727812020000,1727780400000,1727810100000,THEFT/LARCENY,PARKING/DROP LOT/GARAGE,,,58,W,F,35.91466522,-79.05413818,109014,POINT (-79.05413818 35.91466522)
233513,CHPD,LARCENY FROM MOTOR VEHICLE,1801 FORDHAM BLVD,CHAPEL HILL,NC,27514,1728399360000,1728395100000,1728397500000,THEFT/LARCENY,PARKING/DROP LOT/GARAGE,N,NONE,,,,35.94783401,-79.01280975,109020,POINT (-79.01280975 35.94783401)
233310,CHPD,LARCENY FROM MOTOR VEHICLE,111 NORTH ST,CHAPEL HILL,NC,27514,1727860380000,1727697600000,1727784000000,MISC OFFICER IN,PARKING/DROP LOT/GARAGE,,NONE,54,W,M,35.91622543,-79.05644226,109029,POINT (-79.05644226 35.91622543)
233288,CHPD,LARCENY FROM MOTOR VEHICLE,828 MARTIN LUTHER KING JR BLVD,CHAPEL HILL,NC,27514,1727796360000,1707998400000,1708002000000,MISC OFFICER IN,PARKING/DROP LOT/GARAGE,N,NONE,,W,M,35.92695999,-79.05294037,109038,POINT (-79.05294037 35.92695999)
233792,CHPD,LARCENY FROM MOTOR VEHICLE,49 OAKWOOD DR,CHAPEL HILL,NC,27517,1728979980000,1728924300000,1728979200000,THEFT/LARCENY,HIGHWAY/ROAD/ALLEY/STREET/SIDEWALK,Y,NONE,,,,35.91663742,-79.02181244,109043,POINT (-79.02181244 35.91663742)
233901,CHPD,LARCENY FROM MOTOR VEHICLE,403 WESTWOOD DR,CHAPEL HILL,NC,27516,1729245900000,1729219080000,1729245900000,THEFT/LARCENY,RESIDENCE/HOME,,,57,W,M,35.90220261,-79.05831909,109051,POINT (-79.05831909 35.90220261)
232005,CHPD,FINANCIAL TRANSACTION CARD,285 HIGHVIEW DR,CHAPEL HILL,NC,27517,1725031320000,1723809600000,1724932800000,MISC OFFICER IN,GROCERY/SUPERMARKET,,NONE,83,W,M,35.93930817,-79.00286102,109155,POINT (-79.00286102 35.93930817)
228035,CHPD,LARCENY FROM MOTOR VEHICLE,517 RED BUD RD,CHAPEL HILL,NC,27514,1720171200000,1720063800000,1720171200000,THEFT/LARCENY,RESIDENCE/HOME,N,,66,W,F,35.9521637,-79.02977753,109183,POINT (-79.02977753 35.9521637)
227972,CHPD,LARCENY FROM MOTOR VEHICLE,1081 NC 54,CHAPEL HILL,NC,27514,1720006080000,1720005300000,1720006080000,THEFT/LARCENY,PARKING/DROP LOT/GARAGE,,NONE,,B,F,35.89554977,-79.06314087,109200,POINT (-79.06314087 35.89554977)
229550,CHPD,LARCENY FROM MOTOR VEHICLE,618 PERKINS DR,CHAPEL HILL,NC,27514,1721479920000,1721325600000,1721479500000,THEFT/LARCENY,PARKING/DROP LOT/GARAGE,,NONE,28,W,M,35.9677887,-79.05647278,109207,POINT (-79.05647278 35.9677887)
235317,CHPD,LARCENY OF GOLF CART,202 W ROSEMARY ST,CHAPEL HILL,NC,27516,1732417500000,1732416900000,1732417440000,THEFT/LARCENY,HIGHWAY/ROAD/ALLEY/STREET/SIDEWALK,N,NONE,,,,35.91377258,-79.05793762,109256,POINT (-79.05793762 35.91377258)
234248,CHPD,LARCENY FROM MOTOR VEHICLE,108 TIMBER HOLLOW CT,CHAPEL HILL,NC,27514,1730111220000,1729875600000,1729944000000,MISC OFFICER IN,PARKING/DROP LOT/GARAGE,,NONE,27,W,M,35.94155884,-79.05434418,109267,POINT (-79.05434418 35.94155884)
232440,CHPD,LARCENY OF CREDIT CARD,700 N ESTES DR,CHAPEL HILL,NC,27514,1725968940000,1725105600000,1725962400000,MISC OFFICER IN,RESIDENCE/HOME,,NONE,81,W,F,35.93597031,-79.04968262,109285,POINT (-79.04968262 35.93597031)
236203,CHPD,LARCENY OF CREDIT CARDS,2501 HOMESTEAD RD,CHAPEL HILL,NC,27516,1734683460000,1734444000000,1734598800000,MISC OFFICER IN,GOVERNMENT/PUBLIC BUILDING,,NONE,,W,F,35.94884491,-79.0644989,109287,POINT (-79.0644989 35.94884491)
235832,CHPD,LARCENY OF CREDIT/DEBIT CARDS,100 SPRUNT ST,CHAPEL HILL,NC,27517,1733756400000,1733158200000,1733164200000,MISC OFFICER IN,COMMUNITY CENTER,,NONE,60,W,M,35.90816498,-79.00988007,109289,POINT (-79.00988007 35.90816498)
229709,CHPD,LARCENY OF DEBIT CARD,108 W ROSEMARY ST,CHAPEL HILL,NC,27516,1721921460000,1721822400000,1721912400000,MISC OFFICER IN,PARKING/DROP LOT/GARAGE,,NONE,29,W,M,35.91403961,-79.05712128,109292,POINT (-79.05712128 35.91403961)
233746,CHPD,LARCENY OF DEBIT CARD,8444 MERIN RD,CHAPEL HILL,NC,27516,1728895680000,1727956800000,1728648000000,MISC OFFICER IN,RESIDENCE/HOME,,NONE,80,B,M,35.95409012,-79.07194519,109294,POINT (-79.07194519 35.95409012)
233904,CHPD,LARCENY OF DEBIT CARDS,131 S COLUMBIA ST,CHAPEL HILL,NC,27516,1729242240000,1723546800000,1723573800000,MISC OFFICER IN,AIR/BUS/TRAIN TERMINAL,,NONE,27,W,M,35.91151428,-79.0542984,109300,POINT (-79.0542984 35.91151428)
234048,CHPD,LARCENY FROM MOTOR VEHICLE,1001 S HAMILTON RD,CHAPEL HILL,NC,27517,1729670580000,1729621800000,1729670400000,THEFT/LARCENY,PARKING/DROP LOT/GARAGE,,NONE,57,W,F,35.90759277,-79.02336121,109336,POINT (-79.02336121 35.90759277)
234484,CHPD,LARCENY FROM MOTOR VEHICLE,208 SIR RICHARD LN,CHAPEL HILL,NC,27517,1730640000000,1730570400000,1730638800000,THEFT/LARCENY,RESIDENCE/HOME,N,NONE,42,B,F,35.9405365,-79.00584412,109414,POINT (-79.00584412 35.9405365)
236198,CHPD,FICT/ALT TITLE/REG CARD/TAG,201 S ESTES DR,CHAPEL HILL,NC,27514,1734656400000,1734656340000,1734656400000,SUSPICIOUS/WANT,SERVICE/GAS STATION,,,,,,35.92786026,-79.02971649,109566,POINT (-79.02971649 35.92786026)
233412,CHPD,FICT/ALT TITLE/REG CARD/TAG,525 E FRANKLIN ST/S BOUNDARY ST,CHAPEL HILL,NC,27514,1728119940000,1728108000000,1728108000000,TRAFFIC STOP,HIGHWAY/ROAD/ALLEY/STREET/SIDEWALK,,NONE,,,,35.91703033,-79.04592133,109631,POINT (-79.04592133 35.91703033)
234927,CHPD,LARCENY OF A CREDIT CARD,1810 FORDHAM BLVD,CHAPEL HILL,NC,27517,1731593100000,1731427080000,1731430800000,MISC OFFICER IN,GROCERY/SUPERMARKET,N,,61,A,F,35.94489288,-79.00939178,109637,POINT (-79.00939178 35.94489288)
234363,CHPD,LARCENY FROM MOTOR VEHICLE,1720 FORDHAM BLVD,CHAPEL HILL,NC,27517,1730320740000,1730310300000,1730320500000,THEFT/LARCENY,PARKING/DROP LOT/GARAGE,N,NONE,52,W,F,35.93694305,-79.02210236,109650,POINT (-79.02210236 35.93694305)
234366,CHPD,LARCENY FROM MOTOR VEHICLE,202 S ELLIOTT RD,CHAPEL HILL,NC,27514,1730324700000,1730324400000,1730324700000,THEFT/LARCENY,PARKING/DROP LOT/GARAGE,N,NONE,23,U,M,35.93248367,-79.02794647,109660,POINT (-79.02794647 35.93248367)
234310,CHPD,LARCENY FROM MOTOR VEHICLE,436 FORMOSA LN,CHAPEL HILL,NC,27517,1730206020000,1730203200000,1730203200000,MISC OFFICER IN,PARKING/DROP LOT/GARAGE,,NONE,43,B,F,35.94168091,-79.01531219,109673,POINT (-79.01531219 35.94168091)
234495,CHPD,LARCENY FROM MOTOR VEHICLE,333 W ROSEMARY ST,CHAPEL HILL,NC,27516,1730653200000,1730635200000,1730653200000,THEFT/LARCENY,PARKING/DROP LOT/GARAGE,,,22,W,M,35.91171646,-79.06125641,109691,POINT (-79.06125641 35.91171646)
234753,CHPD,LARCENY FROM MOTOR VEHICLE,607 W FRANKLIN ST,CHAPEL HILL,NC,27516,1731196500000,1731184200000,1731193200000,THEFT/LARCENY,RESTAURANT,,NONE,27,B,M,35.9096756,-79.06442261,109708,POINT (-79.06442261 35.9096756)
228199,CHPD,LARCENY FROM MOTOR VEHICLE,1105 NC 54,CHAPEL HILL,NC,27514,1720623120000,1720616400000,1720616400000,MISC OFFICER IN,RESIDENCE/HOME,,NONE,51,B,F,35.89803696,-79.06774902,109806,POINT (-79.06774902 35.89803696)
229560,CHPD,LARCENY FROM MOTOR VEHICLE,150 E FRANKLIN ST,CHAPEL HILL,NC,27514,1721505060000,1707847200000,1708458600000,PUBLIC SERVICE,OTHER/UNKNOWN,,,55,W,M,35.91332245,-79.05348206,109815,POINT (-79.05348206 35.91332245)
229622,CHPD,LARCENY FROM MOTOR VEHICLE,400 S ELLIOTT RD,CHAPEL HILL,NC,27514,1721680260000,1721677500000,1721678400000,THEFT/LARCENY,HIGHWAY/ROAD/ALLEY/STREET/SIDEWALK,N,NONE,75,W,F,35.9315567,-79.02593231,109821,POINT (-79.02593231 35.9315567)
229650,CHPD,LARCENY FROM MOTOR VEHICLE,416 LANDERWOOD LN,CHAPEL HILL,NC,27517,1721749980000,1721745900000,1721745900000,THEFT/LARCENY,HIGHWAY/ROAD/ALLEY/STREET/SIDEWALK,N,,44,W,M,35.93478394,-79.00912476,109828,POINT (-79.00912476 35.93478394)
229873,CHPD,LARCENY FROM MOTOR VEHICLE,418 WESTWOOD DR,CHAPEL HILL,NC,27516,1722356100000,1722332700000,1722356100000,BURGLARY/HOME I,HIGHWAY/ROAD/ALLEY/STREET/SIDEWALK,,NONE,22,W,F,35.90254211,-79.06067657,109836,POINT (-79.06067657 35.90254211)
229865,CHPD,LARCENY FROM MOTOR VEHICLE,101 ERWIN RD,CHAPEL HILL,NC,27514,1722320640000,1722279600000,1722320400000,THEFT/LARCENY,PARKING/DROP LOT/GARAGE,Y,OTHER,26,W,M,35.94341278,-79.01961517,109843,POINT (-79.01961517 35.94341278)
231116,CHPD,LARCENY FROM MOTOR VEHICLE,1749 DOBBINS DR,CHAPEL HILL,NC,27514,1722953760000,1722634200000,1722951900000,THEFT/LARCENY,PARKING/DROP LOT/GARAGE,,,48,W,M,35.94568253,-79.01450348,109850,POINT (-79.01450348 35.94568253)
231205,CHPD,LARCENY FROM MOTOR VEHICLE,401 UMSTEAD DR,CHAPEL HILL,NC,27516,1723224960000,1723221000000,1723224960000,THEFT/LARCENY,PARKING/DROP LOT/GARAGE,Y,NONE,39,A,F,35.9215889,-79.06430054,109856,POINT (-79.06430054 35.9215889)
228493,CHPD,FOUND CREDIT CARD,1201 MARTIN LUTHER KING JR BLVD,CHAPEL HILL,NC,27516,1721314620000,1721311200000,1721311200000,MISC OFFICER IN,SERVICE/GAS STATION,,NONE,18,U,F,35.94560242,-79.05869293,109859,POINT (-79.05869293 35.94560242)
231672,CHPD,LARCENY FROM MOTOR VEHICLE,150 E ROSEMARY ST,CHAPEL HILL,NC,27514,1724316780000,1724266800000,1724281200000,THEFT/LARCENY,PARKING/DROP LOT/GARAGE,,,20,W,F,35.91466522,-79.05413818,109864,POINT (-79.05413818 35.91466522)
229891,CHPD,LARCENY FROM MOTOR VEHICLE,1860 MARTIN LUTHER KING JR BLVD,CHAPEL HILL,NC,27514,1722399960000,1722394800000,1722399600000,THEFT/LARCENY,CONVENIENCE STORE,N,NONE,30,B,F,35.96666718,-79.05879974,109868,POINT (-79.05879974 35.96666718)
232357,CHPD,LARCENY FROM MOTOR VEHICLE,401 W FRANKLIN ST,CHAPEL HILL,NC,27516,1725786780000,1725730800000,1725784200000,THEFT/LARCENY,PARKING/DROP LOT/GARAGE,,NONE,18,W,F,35.91117096,-79.06059265,109872,POINT (-79.06059265 35.91117096)
232801,CHPD,LARCENY FROM MOTOR VEHICLE,105 TREETOP PL,CHAPEL HILL,NC,27517,1726768320000,1726754820000,1726755000000,THEFT/LARCENY,HIGHWAY/ROAD/ALLEY/STREET/SIDEWALK,,NONE,22,W,M,35.92111969,-79.01004791,109875,POINT (-79.01004791 35.92111969)
232748,CHPD,LARCENY FROM MOTOR VEHICLE,101 ERWIN RD,CHAPEL HILL,NC,27514,1726641300000,1726563600000,1726641000000,THEFT/LARCENY,HOTEL/MOTEL/ETC.,Y,,38,W,M,35.94341278,-79.01961517,109883,POINT (-79.01961517 35.94341278)
232379,CHPD,LARCENY FROM MOTOR VEHICLE,5000 ENVIRON WAY,CHAPEL HILL,NC,27517,1725858660000,1725814800000,1725858660000,MISC OFFICER IN,PARKING/DROP LOT/GARAGE,Y,,55,W,M,35.90644455,-79.02097321,109891,POINT (-79.02097321 35.90644455)
232822,CHPD,LARCENY FROM MOTOR VEHICLE,1101 WEAVER DAIRY RD,CHAPEL HILL,NC,27514,1726819860000,1726764000000,1726818900000,THEFT/LARCENY,PARKING/DROP LOT/GARAGE,,NONE,,,,35.96361542,-79.05319214,109897,POINT (-79.05319214 35.96361542)
235383,CHPD,LARCENY FROM MOTOR VEHICLE,113 PINEGATE CIR,CHAPEL HILL,NC,27514,1732599240000,1732561200000,1732599240000,THEFT/LARCENY,PARKING/DROP LOT/GARAGE,,NONE,30,W,F,35.94717789,-79.01020813,109905,POINT (-79.01020813 35.94717789)
235245,CHPD,LARCENY FROM MOTOR VEHICLE,350 CARRAWAY CROSSING,CHAPEL HILL,NC,27516,1732219380000,1732219200000,1732219320000,THEFT/LARCENY,PARKING/DROP LOT/GARAGE,N,,42,W,F,,,109920,
232342,CHPD,ILLEGALLY PARKED VEHICLES,1060 NC 54,CHAPEL HILL,NC,27516,1725745500000,1725744900000,1725744960000,TRAFFIC VIOLATI,PARKING/DROP LOT/GARAGE,,,,,,35.89869308,-79.06433868,109925,POINT (-79.06433868 35.89869308)
235216,CHPD,LARCENY FROM MOTOR VEHICLE,602 MARTIN LUTHER KING JR BLVD,CHAPEL HILL,NC,27514,1732190460000,1732136400000,1732172400000,THEFT/LARCENY,PARKING/DROP LOT/GARAGE,,NONE,,,,35.91917419,-79.0532608,109933,POINT (-79.0532608 35.91917419)
235380,CHPD,LARCENY FROM MOTOR VEHICLE,1 EUROPA DR,CHAPEL HILL,NC,27514,1732578600000,1732575600000,1732577400000,THEFT/LARCENY,PARKING/DROP LOT/GARAGE,,NONE,66,W,F,35.94126129,-79.01737976,109946,POINT (-79.01737976 35.94126129)
235600,CHPD,LARCENY FROM MOTOR VEHICLE,411 MCCAULEY ST,CHAPEL HILL,NC,27516,1733184780000,1733184600000,1733184780000,THEFT/LARCENY,RESIDENCE/HOME,N,NONE,20,W,F,35.90580368,-79.06060791,109954,POINT (-79.06060791 35.90580368)
235608,CHPD,LARCENY FROM MOTOR VEHICLE,99 WHITE OAK DR,DURHAM,NC,27707,1733209380000,1733169600000,1733122980000,THEFT/LARCENY,PARKING/DROP LOT/GARAGE,,,30,B,F,35.94955826,-78.99967957,109961,POINT (-78.99967957 35.94955826)
235675,CHPD,LARCENY FROM MOTOR VEHICLE,1 EUROPA DR,CHAPEL HILL,NC,27514,1733356260000,1733356260000,1733356260000,INFO MESSAGE,HOTEL/MOTEL/ETC.,Y,,32,W,M,35.94126129,-79.01737976,109967,POINT (-79.01737976 35.94126129)
235798,CHPD,LARCENY FROM MOTOR VEHICLE,1502 E FRANKLIN ST,CHAPEL HILL,NC,27514,1733684820000,1733677200000,1733684400000,THEFT/LARCENY,PARKING/DROP LOT/GARAGE,N,NONE,45,W,M,35.92984009,-79.03335571,109975,POINT (-79.03335571 35.92984009)
236302,CHPD,LARCENY FROM MOTOR VEHICLE,2000 ENVIRON WAY,CHAPEL HILL,NC,27517,1734962160000,1734899400000,1734960600000,THEFT/LARCENY,PARKING/DROP LOT/GARAGE,,NONE,62,W,M,35.90693665,-79.02189636,109983,POINT (-79.02189636 35.90693665)
236165,CHPD,LARCENY FROM MOTOR VEHICLE,1000 NOVUS LN,CHAPEL HILL,NC,27517,1734593220000,1734566400000,1734593220000,MISC OFFICER IN,PARKING/DROP LOT/GARAGE,,NONE,54,B,F,35.93907547,-79.02155304,109989,POINT (-79.02155304 35.93907547)
236468,CHPD,LARCENY FROM MOTOR VEHICLE,500 FORMOSA LN,CHAPEL HILL,NC,27514,1735540200000,1735480800000,1735540200000,THEFT/LARCENY,PARKING/DROP LOT/GARAGE,,,46,B,F,35.94214249,-79.01624298,109996,POINT (-79.01624298 35.94214249)
232412,CHPD,LOUD MUSIC FROM VEHICLE,501 WEAVER DAIRY RD,CHAPEL HILL,NC,27514,1725914280000,1725913800000,1725914280000,DISTURBANCE/NUI,PARK/PLAYGROUND,N,,,,,35.96002579,-79.03352356,110088,POINT (-79.03352356 35.96002579)
234229,CHPD,POSSESSION OF A FRAUDULENT ID CARD,516 W ROSEMARY ST/N GRAHAM ST,CHAPEL HILL,NC,27516,1730056380000,1730056380000,1730056380000,TRAFFIC STOP,HIGHWAY/ROAD/ALLEY/STREET/SIDEWALK,N,NONE,,,,35.91117859,-79.06493378,110192,POINT (-79.06493378 35.91117859)
235571,CHPD,LOST CAR KEY,399 UMSTEAD DR,CHAPEL HILL,NC,27516,1733131680000,1732815300000,1732816800000,MISC OFFICER IN,PARKING/DROP LOT/GARAGE,,NONE,38,W,F,35.92149734,-79.06354523,110312,POINT (-79.06354523 35.92149734)
235093,CHPD,LOST CAR KEY,120 S ESTES DR,CHAPEL HILL,NC,27514,1731944820000,1731927600000,1731934800000,MISC OFFICER IN,PARK/PLAYGROUND,,NONE,57,W,F,35.92595291,-79.03289032,110313,POINT (-79.03289032 35.92595291)
231730,CHPD,LOST CAR KEY,828 MARTIN LUTHER KING JR BLVD,CHAPEL HILL,NC,27514,1724428440000,1724259600000,1724414400000,MISC OFFICER IN,AIR/BUS/TRAIN TERMINAL,,NONE,,W,M,35.92695999,-79.05294037,110315,POINT (-79.05294037 35.92695999)
228371,CHPD,LOST ID CARD,231 KIRKWOOD DR,CHAPEL HILL,NC,27514,1721034300000,1709812800000,1720958400000,MISC OFFICER IN,RESIDENCE/HOME,,NONE,32,W,M,35.94874954,-79.02301025,110321,POINT (-79.02301025 35.94874954)
231435,CHPD,RECOVERED STOLEN VEHICLE,RALEIGH RD/FORDHAM BLVD,CHAPEL HILL,NC,27514,1723792020000,1723792020000,1723792020000,SUSPICIOUS/WANT,HIGHWAY/ROAD/ALLEY/STREET/SIDEWALK,Y,UNKNOWN,31,W,M,35.90886688,-79.02710724,110541,POINT (-79.02710724 35.90886688)
235254,CHPD,REPOSSESSED CAR,1818 VILLAGE CROSSING DR,CHAPEL HILL,NC,27517,1732254900000,1732219200000,1732254300000,THEFT/LARCENY,PARKING/DROP LOT/GARAGE,,NONE,26,A,F,35.9043045,-79.00796509,110551,POINT (-79.00796509 35.9043045)
234969,CHPD,SHOPPING CART ASSAULT,116 W BARBEE CHAPEL RD,CHAPEL HILL,NC,27517,1731681240000,1731681000000,1731681240000,DISTURBANCE/NUI,GROCERY/SUPERMARKET,,OTHER,,B,F,35.90627289,-79.01091766,110866,POINT (-79.01091766 35.90627289)
235639,CHPD,STOLEN VEHICLE,244 BUTLER CT,CHAPEL HILL,NC,27514,1733264460000,1733254800000,1733264460000,THEFT/LARCENY,RESIDENCE/HOME,N,NONE,20,W,M,35.94163513,-79.02467346,110930,POINT (-79.02467346 35.94163513)
236142,CHPD,STOLEN VEHICLE,NC 54/S COLUMBIA ST,CHAPEL HILL,NC,27516,1734521640000,1734521640000,1734521640000,MISC OFFICER IN,HIGHWAY/ROAD/ALLEY/STREET/SIDEWALK,,,,,,35.89461517,-79.0578537,110941,POINT (-79.0578537 35.89461517)
235951,CHPD,VEHICLE B&E OPERATION,828 MARTIN LUTHER KING JR BLVD,CHAPEL HILL,NC,27514,1734040800000,1734040800000,1734040800000,MISC OFFICER IN,HIGHWAY/ROAD/ALLEY/STREET/SIDEWALK,,,,,,35.92695999,-79.05294037,111049,POINT (-79.05294037 35.92695999)
234976,CHPD,VEHICLE FIRE,404 E ROSEMARY ST,CHAPEL HILL,NC,27514,1731690840000,1731690840000,1731690840000,VEHICLE FIRE,PARKING/DROP LOT/GARAGE,,,20,W,F,35.91669083,-79.04908752,111050,POINT (-79.04908752 35.91669083)
233650,CHPD,VEHICLE FIRE,1800 E FRANKLIN ST,CHAPEL HILL,NC,27514,1728662040000,1728661920000,1728661980000,VEHICLE FIRE,HIGHWAY/ROAD/ALLEY/STREET/SIDEWALK,,NONE,49,B,M,35.93658829,-79.025383,111051,POINT (-79.025383 35.93658829)
235628,CHPD,VEHICLE FIRE,1200 RALEIGH RD,CHAPEL HILL,NC,27517,1733231580000,1733231400000,1733231580000,VEHICLE FIRE,DEPARTMENT DISCOUNT STORE,,,73,W,M,35.9078064,-79.02622223,111052,POINT (-79.02622223 35.9078064)
234903,CHPD,VEHICLE LOCK OUT,108 HENDERSON ST,CHAPEL HILL,NC,27514,1731537360000,1731537000000,1731537180000,PUBLIC SERVICE,HIGHWAY/ROAD/ALLEY/STREET/SIDEWALK,,,72,W,M,35.91486359,-79.05290985,111053,POINT (-79.05290985 35.91486359)
228254,CHPD,VEHICLE LOCKOUT,200 WESTMINSTER DR,CHAPEL HILL,NC,27514,1720723740000,1720723200000,1720723200000,PUBLIC SERVICE,HIGHWAY/ROAD/ALLEY/STREET/SIDEWALK,,,18,W,F,35.96152496,-79.05519867,111054,POINT (-79.05519867 35.96152496)
231241,CHPD,VEHICLE FIRE,133 MALLETTE ST/W CAMERON AVE,CHAPEL HILL,NC,27516,1723328280000,1723328280000,1723328280000,VEHICLE FIRE,HIGHWAY/ROAD/ALLEY/STREET/SIDEWALK,,NONE,32,B,F,35.90935135,-79.05807495,111055,POINT (-79.05807495 35.90935135)
236236,CHPD,VEHICLE LOCK OUT,201 S ESTES DR,CHAPEL HILL,NC,27514,1734738060000,1734737460000,1734737820000,PUBLIC SERVICE,PARKING/DROP LOT/GARAGE,N,NONE,26,W,M,35.92786026,-79.02971649,111056,POINT (-79.02971649 35.92786026)
230022,CHPD,VEHICLE LOCKOUT,3 DAVIE CIR,CHAPEL HILL,NC,27514,1722693540000,1722689820000,1722689820000,PUBLIC SERVICE,RESIDENCE/HOME,N,,,,,35.91859818,-79.03892517,111057,POINT (-79.03892517 35.91859818)
228278,CHPD,VEHICLE DISABLED BY FLOOD,1 RALEIGH RD/FORDHAM-RALEIGH RD EXIT,CHAPEL HILL,NC,27514,1720791900000,1720791300000,1720791900000,LE ASSISTANCE,HIGHWAY/ROAD/ALLEY/STREET/SIDEWALK,N,NONE,23,,F,35.90887451,-79.02700043,111058,POINT (-79.02700043 35.90887451)
233715,CHPD,VEHICLE LOCKOUT,1501 E FRANKLIN ST,CHAPEL HILL,NC,27514,1728783240000,1728782400000,1728783240000,PUBLIC SERVICE,PARKING/DROP LOT/GARAGE,N,NONE,60,W,F,35.92977142,-79.03458405,111059,POINT (-79.03458405 35.92977142)
236167,CHPD,VEHICLE LOCKOUT,1350 RALEIGH RD,CHAPEL HILL,NC,27517,1734597240000,1734597000000,1734597000000,PUBLIC SERVICE,PARKING/DROP LOT/GARAGE,Y,NONE,54,W,F,35.90612793,-79.01940155,111060,POINT (-79.01940155 35.90612793)
232696,CHPD,VEHICLE LOCKOUT,1162 MARTIN LUTHER KING JR BLVD,CHAPEL HILL,NC,27514,1726506660000,1726506360000,1726506660000,PUBLIC SERVICE,SCHOOL-ELEMENTARY/SECONDARY,,,26,W,F,35.94491959,-79.05728912,111061,POINT (-79.05728912 35.94491959)
231794,CHPD,VEHICLE UNLOCK,1135 SALUDA CT,CHAPEL HILL,NC,27514,1724550480000,1724550000000,1724550480000,PUBLIC SERVICE,RESIDENCE/HOME,N,NONE,25,B,F,35.95947647,-79.05402374,111062,POINT (-79.05402374 35.95947647)
235607,CHPD,VEHICLE LOCKOUT,748 PRITCHARD PARK,CHAPEL HILL,NC,27514,1733214360000,1733214360000,1733214360000,PUBLIC SERVICE,PARKING/DROP LOT/GARAGE,,,75,B,F,35.92013168,-79.0608902,111063,POINT (-79.0608902 35.92013168)
236197,CHPD,VEHICLE LOCKOUT,301 W FRANKLIN ST,CHAPEL HILL,NC,27516,1734652140000,1734652140000,1734652140000,PUBLIC SERVICE,HIGHWAY/ROAD/ALLEY/STREET/SIDEWALK,,,39,B,M,35.91146469,-79.05963135,111064,POINT (-79.05963135 35.91146469)
232935,CHPD,VEHICLE UNLOCK,110 BANKS DR,CHAPEL HILL,NC,27514,1727040360000,1727040000000,1727040360000,PUBLIC SERVICE,PARKING/DROP LOT/GARAGE,N,NONE,19,W,F,35.96308136,-79.05601501,111065,POINT (-79.05601501 35.96308136)
231902,CHPD,SUSPICIOUS VEHICLE,408 N ESTES DR,CHAPEL HILL,NC,27514,1724787120000,1724786700000,1724787120000,DRIVING UNDER I,RESIDENCE/HOME,,,,,,35.93413162,-79.04203033,111200,POINT (-79.04203033 35.93413162)
232417,CHPD,SUSPICIOUS VEHICLE,1100 NC 54,CHAPEL HILL,NC,27516,1725929820000,1725929820000,1725929820000,SUSPICIOUS/WANT,PARKING/DROP LOT/GARAGE,N,NONE,,,,35.89966965,-79.06690979,111209,POINT (-79.06690979 35.89966965)
232224,CHPD,SUSPICIOUS VEHICLE,213 FORBUSH MOUNTAIN DR,CHAPEL HILL,NC,27514,1725498660000,1725498000000,1725498300000,SUSPICIOUS/WANT,RESIDENCE/HOME,N,NONE,65,W,F,35.95092773,-79.04986572,111226,POINT (-79.04986572 35.95092773)
227926,CHPD,SUSPICIOUS VEHICLE,409 N BOUNDARY ST,CHAPEL HILL,NC,27514,1719912660000,1719910800000,1719912660000,SUSPICIOUS/WANT,HIGHWAY/ROAD/ALLEY/STREET/SIDEWALK,,,,,,35.92155457,-79.04899597,111319,POINT (-79.04899597 35.92155457)
229909,CHPD,SUSPICIOUS VEHICLE,3140 ENVIRON WAY,CHAPEL HILL,NC,27517,1722459420000,1722459420000,1722459420000,CLOSE PATROL,RESTAURANT,N,,,,,35.90663147,-79.02210236,111321,POINT (-79.02210236 35.90663147)
228487,CHPD,SUSPICIOUS VEHICLE,105 SIR RICHARD LN,CHAPEL HILL,NC,27517,1721307000000,1721305800000,1721305800000,MISC OFFICER IN,RESIDENCE/HOME,,NONE,42,B,F,35.94165039,-79.00668335,111322,POINT (-79.00668335 35.94165039)
228323,CHPD,SUSPICIOUS VEHICLE,411 FLEMINGTON RD,CHAPEL HILL,NC,27517,1720930800000,1720899420000,1720899420000,SUSPICIOUS/WANT,PARKING/DROP LOT/GARAGE,,NONE,,,,35.91469574,-79.0255127,111323,POINT (-79.0255127 35.91469574)
230044,CHPD,SUSPICIOUS VEHICLE,107 SUMAC RD,CHAPEL HILL,NC,27516,1722739020000,1722739020000,1722739020000,SUSPICIOUS/WANT,PARKING/DROP LOT/GARAGE,N,NONE,,,,,,111324,
231220,CHPD,SUSPICIOUS VEHICLE,1714 LEGION RD,CHAPEL HILL,NC,27517,1723256640000,1723256400000,1723256640000,SUSPICIOUS/WANT,PARKING/DROP LOT/GARAGE,,HANDGUN,,,,35.93715286,-79.01554871,111325,POINT (-79.01554871 35.93715286)
231244,CHPD,SUSPICIOUS VEHICLE,110 WEATHERSTONE DR,CHAPEL HILL,NC,27514,1723349520000,1723341900000,1723341900000,TRAFFIC STOP,PARKING/DROP LOT/GARAGE,,NONE,,,,35.96574402,-79.04589081,111326,POINT (-79.04589081 35.96574402)
231133,CHPD,SUSPICIOUS VEHICLE,108 ASHLEY FOREST RD,CHAPEL HILL,NC,27514,1723024980000,1723024500000,1723024980000,SUSPICIOUS/WANT,RESIDENCE/HOME,N,NONE,,,,35.94413757,-79.05691528,111327,POINT (-79.05691528 35.94413757)
232272,CHPD,SUSPICIOUS VEHICLE,114 GOLDEN GATE LN,CHAPEL HILL,NC,27516,1725586380000,1725586260000,1725586320000,SUSPICIOUS/WANT,HIGHWAY/ROAD/ALLEY/STREET/SIDEWALK,N,NONE,,,,,,111332,
232453,CHPD,SUSPICIOUS VEHICLE,103 LANCASTER DR,CHAPEL HILL,NC,27517,1725986580000,1725986400000,1725986580000,THEFT/LARCENY,PARKING/DROP LOT/GARAGE,N,NONE,,,,,,111337,
232022,CHPD,SUSPICIOUS VEHICLE,W FRANKLIN ST @ N COLUMBIA ST,CHAPEL HILL,NC,27514,1725061440000,1725061440000,1725061440000,SUSPICIOUS/WANT,HIGHWAY/ROAD/ALLEY/STREET/SIDEWALK,,NONE,,,,,,111338,
232526,CHPD,SUSPICIOUS VEHICLE,250 S ESTES DR,CHAPEL HILL,NC,27514,1726158900000,1726158900000,1726158900000,SUSPICIOUS/WANT,PARKING/DROP LOT/GARAGE,,NONE,,,,35.9250412,-79.02761841,111339,POINT (-79.02761841 35.9250412)
233108,CHPD,SUSPICIOUS VEHICLE,1724 FORDHAM BLVD,CHAPEL HILL,NC,27517,1727358600000,1727265600000,1727265600000,SUSPICIOUS/WANT,PARKING/DROP LOT/GARAGE,N,NONE,,,,35.93714905,-79.02182007,111340,POINT (-79.02182007 35.93714905)
233161,CHPD,SUSPICIOUS VEHICLE,399 UMSTEAD DR,CHAPEL HILL,NC,27516,1727484900000,1727484300000,1727484540000,SUSPICIOUS/WANT,PARK/PLAYGROUND,N,NONE,,,,35.92149734,-79.06354523,111341,POINT (-79.06354523 35.92149734)
233113,CHPD,SUSPICIOUS VEHICLE,1708 LEGION RD,CHAPEL HILL,NC,27517,1727391600000,1727391600000,1727391600000,MISC OFFICER IN,FIELD/WOODS,,,,,,35.93818283,-79.01835632,111342,POINT (-79.01835632 35.93818283)
233226,CHPD,SUSPICIOUS VEHICLE,212 SILVER CREEK TRL,CHAPEL HILL,NC,27514,1727631960000,1727631600000,1727631960000,SUSPICIOUS/WANT,HIGHWAY/ROAD/ALLEY/STREET/SIDEWALK,N,NONE,67,W,M,35.95828629,-79.02148438,111343,POINT (-79.02148438 35.95828629)
234182,CHPD,SUSPICIOUS VEHICLE,1 EUROPA DR,CHAPEL HILL,NC,27514,1729891920000,1729891800000,1729891920000,SUSPICIOUS/WANT,HOTEL/MOTEL/ETC.,N,NONE,,,,35.94126129,-79.01737976,111344,POINT (-79.01737976 35.94126129)
234063,CHPD,SUSPICIOUS VEHICLE,109 ROUNDTREE RD,CHAPEL HILL,NC,27514,1729681320000,1729598400000,1729681320000,MISC OFFICER IN,HIGHWAY/ROAD/ALLEY/STREET/SIDEWALK,,NONE,69,B,F,35.96086502,-79.0351181,111345,POINT (-79.0351181 35.96086502)
234153,CHPD,SUSPICIOUS VEHICLE,500 CHURCH ST,CHAPEL HILL,NC,27516,1729851600000,1729844700000,1729845000000,WEAPON/FIREARMS,HIGHWAY/ROAD/ALLEY/STREET/SIDEWALK,N,NONE,,,,35.91609192,-79.06008911,111346,POINT (-79.06008911 35.91609192)
234370,CHPD,SUSPICIOUS VEHICLE,107 SUMAC RD,CHAPEL HILL,NC,27516,1730335440000,1730334840000,1730335200000,SUSPICIOUS/WANT,PARKING/DROP LOT/GARAGE,N,NONE,,,,,,111347,
234637,CHPD,SUSPICIOUS VEHICLE,529 HILLSBOROUGH ST,CHAPEL HILL,NC,27514,1730928060000,1730926800000,1730928060000,SUSPICIOUS/WANT,,,,,,,35.9225769,-79.05304718,111348,POINT (-79.05304718 35.9225769)
235561,CHPD,SUSPICIOUS VEHICLE,101 ERWIN RD,CHAPEL HILL,NC,27514,1733088960000,1733088900000,1733088960000,SUSPICIOUS/WANT,HOTEL/MOTEL/ETC.,,,81,W,M,35.94341278,-79.01961517,111349,POINT (-79.01961517 35.94341278)
235506,CHPD,SUSPICIOUS VEHICLE,1213 MARTIN LUTHER KING JR BLVD,CHAPEL HILL,NC,27516,1732927560000,1732927500000,1732927560000,SUSPICIOUS/WANT,SERVICE/GAS STATION,,,,,,35.94773865,-79.05925751,111351,POINT (-79.05925751 35.94773865)
235562,CHPD,SUSPICIOUS VEHICLE,540 S ELLIOTT RD,CHAPEL HILL,NC,27517,1733098440000,1733097600000,1733098380000,SUSPICIOUS/WANT,PARKING/DROP LOT/GARAGE,,,27,W,M,35.93263245,-79.02239227,111352,POINT (-79.02239227 35.93263245)
235319,CHPD,SUSPICIOUS VEHICLE,316 N ESTES DR/HALIFAX RD,CHAPEL HILL,NC,27514,1732447140000,1732445100000,1732445160000,UNKNOWN PROBLEM,HIGHWAY/ROAD/ALLEY/STREET/SIDEWALK,,NONE,,,,35.93317795,-79.04112244,111353,POINT (-79.04112244 35.93317795)
228347,CHPD,TOWED VEHICLE,100 E FRANKLIN ST,CHAPEL HILL,NC,27514,1720970040000,1720969200000,1720970040000,TRAFFIC VIOLATI,HIGHWAY/ROAD/ALLEY/STREET/SIDEWALK,,NONE,,,,35.91292953,-79.05532074,111360,POINT (-79.05532074 35.91292953)
231638,CHPD,TOWED VEHICLE,101 LEGACY TER,CHAPEL HILL,NC,27516,1724244900000,1724184000000,1724244840000,THEFT/LARCENY,PARKING/DROP LOT/GARAGE,N,NONE,20,A,F,35.94704437,-79.06047821,111361,POINT (-79.06047821 35.94704437)
229601,CHPD,TOWED VEHICLE,306 W FRANKLIN ST,CHAPEL HILL,NC,27516,1721660280000,1721659800000,1721660280000,TRAFFIC VIOLATI,HIGHWAY/ROAD/ALLEY/STREET/SIDEWALK,,,25,B,M,35.91202927,-79.05997467,111363,POINT (-79.05997467 35.91202927)
235120,CHPD,TOWED VEHICLE,14 DAVIE CIR,CHAPEL HILL,NC,27514,1732001280000,1732001160000,1732001220000,TRAFFIC VIOLATI,HIGHWAY/ROAD/ALLEY/STREET/SIDEWALK,,NONE,,,,35.91789246,-79.03757477,111364,POINT (-79.03757477 35.91789246)
232332,CHPD,TOWED VEHICLE,137 JOHNSON ST,CHAPEL HILL,NC,27516,1725713040000,1725713040000,1725713040000,TRAFFIC VIOLATI,HIGHWAY/ROAD/ALLEY/STREET/SIDEWALK,N,NONE,,,,35.9045639,-79.06912994,111365,POINT (-79.06912994 35.9045639)
234775,CHPD,TOWED VEHICLE DISTURBANCE,101 LEGACY TER,CHAPEL HILL,NC,27516,1731274740000,1731274500000,1731274560000,DISTURBANCE/NUI,HIGHWAY/ROAD/ALLEY/STREET/SIDEWALK,,,21,W,F,35.94704437,-79.06047821,111366,POINT (-79.06047821 35.94704437)
233381,CHPD,TOWED VEHICLE,1748 FORDHAM BLVD/EUROPA DR,CHAPEL HILL,NC,27514,1728013620000,1728013500000,1728013620000,TRAFFIC VIOLATI,HIGHWAY/ROAD/ALLEY/STREET/SIDEWALK,N,NONE,,,,35.94130707,-79.0193634,111367,POINT (-79.0193634 35.94130707)
235761,CHPD,TOWED VEHICLES,150 W FRANKLIN ST,CHAPEL HILL,NC,27516,1733556600000,1733556600000,1733556600000,TRAFFIC VIOLATI,HIGHWAY/ROAD/ALLEY/STREET/SIDEWALK,,NONE,58,W,F,35.9122467,-79.05828094,111368,POINT (-79.05828094 35.9122467)
232796,CHPD,USING FRAUDULENT ID CARD,300 MARKET ST,CHAPEL HILL,NC,27516,1726756080000,1726755720000,1726756080000,FRAUD OR DECEPT,LIQUOR STORE,N,NONE,,,,35.88051605,-79.06500244,111419,POINT (-79.06500244 35.88051605)
233878,CHPD,USING FRAUDULENT ID CARD,1203 MARTIN LUTHER KING JR BLVD,CHAPEL HILL,NC,27516,1729170060000,1729164300000,1729164300000,MISC OFFICER IN,BANK/SAVINGS AND LOAN,,NONE,44,W,M,35.94591904,-79.05886078,111421,POINT (-79.05886078 35.94591904)
229705,CHPD,VEHICLE UNLOCK,201 S ESTES DR,CHAPEL HILL,NC,27514,1721920560000,1721920200000,1721920560000,PUBLIC SERVICE,PARKING/DROP LOT/GARAGE,,NONE,22,W,F,35.92786026,-79.02971649,111838,POINT (-79.02971649 35.92786026)
229824,CHPD,TREE ON VEHICLES,214 W ROSEMARY ST,CHAPEL HILL,NC,27516,1722216120000,1722216120000,1722216120000,ELECTRICAL HAZA,RESIDENCE/HOME,,,28,W,M,35.91353607,-79.05835724,111923,POINT (-79.05835724 35.91353607)
236588,CHPD,B&E    LARCENY F/VEHICLE,201 S ELLIOTT RD,CHAPEL HILL,NC,27514,1735811700000,1735671600000,1735722000000,MISC OFFICER IN,PARKING/DROP LOT/GARAGE,Y,NONE,55,W,M,35.93317413,-79.02710724,112450,POINT (-79.02710724 35.93317413)
239528,CHPD,B&E    LARCENY F/VEHICLE,300 COPPERLINE DR,CHAPEL HILL,NC,27516,1743177720000,1734609600000,1734696000000,MISC OFFICER IN,HIGHWAY/ROAD/ALLEY/STREET/SIDEWALK,N,NONE,25,W,F,35.8819809,-79.06435394,112753,POINT (-79.06435394 35.8819809)
236596,CHPD,CREDIT CARD/ATM FRAUD,828 MARTIN LUTHER KING JR BLVD,CHAPEL HILL,NC,27514,1735828140000,1735128000000,1735827900000,MISC OFFICER IN,CYBERSPACE,N,NONE,43,W,M,35.92695999,-79.05294037,113014,POINT (-79.05294037 35.92695999)
240745,CHPD,LARCENY FROM MOTOR VEHICLE,828 MARTIN LUTHER KING JR BLVD,CHAPEL HILL,NC,27514,1745998020000,1722470400000,1722470460000,THEFT/LARCENY,OTHER/UNKNOWN,,,45,B,M,35.92695999,-79.05294037,114466,POINT (-79.05294037 35.92695999)
241648,CHPD,HEALTHCARE NEGELCT,1716 LEGION RD,CHAPEL HILL,NC,27517,1748340000000,1714982400000,1747922400000,ABUSE/ABANDOMEN,OTHER/UNKNOWN,,NONE,44,W,M,35.93935776,-79.01607513,114960,POINT (-79.01607513 35.93935776)
236937,CHPD,ABANDONED VEHICLE,XX,CHAPEL HILL,NC,27517,1736848140000,1736848080000,1736848140000,TRAFFIC VIOLATI,HIGHWAY/ROAD/ALLEY/STREET/SIDEWALK,,NONE,,,,,-79.07535731,111085,
237069,CHPD,ABANDONED VEHICLE,210 VILLAGE GATE DR,CHAPEL HILL,NC,27514,1737175800000,1737175800000,1737175800000,TRAFFIC VIOLATI,RESIDENCE/HOME,N,NONE,,,,35.9363327,-79.02896118,111086,POINT (-79.02896118 35.9363327)
237070,CHPD,ABANDONED VEHICLE,101 TIMBER HOLLOW CT,CHAPEL HILL,NC,27514,1737184860000,1737184860000,1737184860000,TRAFFIC VIOLATI,HIGHWAY/ROAD/ALLEY/STREET/SIDEWALK,,NONE,,,,35.94143677,-79.05648041,111088,POINT (-79.05648041 35.94143677)
237042,CHPD,ABANDONED VEHICLE,1 NC 54@FORDHAM BLVD,CHAPEL HILL,NC,27516,1737133380000,1737133380000,1737133380000,SUSPICIOUS/WANT,HIGHWAY/ROAD/ALLEY/STREET/SIDEWALK,N,NONE,,,,35.89360809,-79.05751801,111089,POINT (-79.05751801 35.89360809)
237430,CHPD,ABANDONED VEHICLE,304 GLENDALE DR,CHAPEL HILL,NC,27514,1738080000000,1737331200000,1738079640000,TRAFFIC VIOLATI,HIGHWAY/ROAD/ALLEY/STREET/SIDEWALK,,,,,,35.91627884,-79.03356171,111090,POINT (-79.03356171 35.91627884)
238493,CHPD,ABANDONED VEHICLE,341 ERWIN RD,CHAPEL HILL,NC,27514,1740650100000,1737626100000,1740649800000,SUSPICIOUS/WANT,HIGHWAY/ROAD/ALLEY/STREET/SIDEWALK,N,NONE,,,,35.95747757,-79.01506042,111091,POINT (-79.01506042 35.95747757)
239371,CHPD,ABANDONED VEHICLE,413 COTTON ST,CHAPEL HILL,NC,27516,1742899200000,1742899200000,1742899200000,SUSPICIOUS/WANT,HIGHWAY/ROAD/ALLEY/STREET/SIDEWALK,,,,,,35.91480637,-79.06246948,111092,POINT (-79.06246948 35.91480637)
238091,CHPD,ABANDONED VEHICLE,1 FORDHAM BLVD@S ESTES DR X,CHAPEL HILL,NC,27517,1739648160000,1739648160000,1739648160000,TRAFFIC VIOLATI,HIGHWAY/ROAD/ALLEY/STREET/SIDEWALK,N,NONE,,,,35.92511749,-79.02488708,111093,POINT (-79.02488708 35.92511749)
238756,CHPD,ABANDONED VEHICLE,1 MARTIN LUTHER KING JR BLVD@WEAVER DAIRY,CHAPEL HILL,NC,27516,1741356840000,1741340700000,1741356840000,TRAFFIC VIOLATI,HIGHWAY/ROAD/ALLEY/STREET/SIDEWALK,,,,,,35.96402359,-79.05844879,111094,POINT (-79.05844879 35.96402359)
240816,CHPD,ABANDONED VEHICLE,305 MCGREGOR DR,CHAPEL HILL,NC,27514,1746185400000,1741712400000,1746183060000,TRAFFIC VIOLATI,HIGHWAY/ROAD/ALLEY/STREET/SIDEWALK,N,NONE,,,,35.94601059,-79.01735687,111095,POINT (-79.01735687 35.94601059)
240950,CHPD,ABANDONED VEHICLE,605 GOMAINS AVE,CHAPEL HILL,NC,27516,1746462600000,1744107120000,1746462600000,MISC OFFICER IN,HIGHWAY/ROAD/ALLEY/STREET/SIDEWALK,N,NONE,,,,35.91558456,-79.06536102,111096,POINT (-79.06536102 35.91558456)
240612,CHPD,ABANDONED VEHICLE,MARTIN LUTHER KING JR BLVD@MUNICIPAL DR,CHAPEL HILL,NC,27514,1745680680000,1745680560000,1745680620000,TRAFFIC VIOLATI,HIGHWAY/ROAD/ALLEY/STREET/SIDEWALK,,NONE,,,,,,111097,
241171,CHPD,ABANDONED VEHICLE,501 WESTMINSTER DR,CHAPEL HILL,NC,27514,1746909420000,1746909420000,1746909420000,MISC OFFICER IN,HIGHWAY/ROAD/ALLEY/STREET/SIDEWALK,N,NONE,,,,35.95827103,-79.05379486,111098,POINT (-79.05379486 35.95827103)
241096,CHPD,ABANDONED VEHICLE,600 COPPERLINE DR,CHAPEL HILL,NC,27516,1746797280000,1746797280000,1746797280000,TRAFFIC VIOLATI,HIGHWAY/ROAD/ALLEY/STREET/SIDEWALK,N,NONE,,,,35.88167572,-79.0681839,111099,POINT (-79.0681839 35.88167572)
239363,CHPD,ABANDONED VEHICLE,NC 54@NC 54-S COLUMBIA ST ENT,CHAPEL HILL,NC,27514,1742896380000,1742896380000,1742896380000,MISC OFFICER IN,HIGHWAY/ROAD/ALLEY/STREET/SIDEWALK,,,,,,,,111100,
236689,CHPD,ASSIST CARRBORO PD,XX,CARRBORO,NC,27510,1736204520000,1736204520000,1736204520000,TRAFFIC STOP,HIGHWAY/ROAD/ALLEY/STREET/SIDEWALK,,NONE,,,,,-79.07535731,111629,
243704,CHPD,ASSIST CARRBORO,100 SUDBURY LN,CHAPEL HILL,NC,27516,1753831380000,1753831380000,1753831380000,THEFT/LARCENY,RESIDENCE/HOME,,NONE,,,,,,111630,
239202,CHPD,ASSIST CARRBORO,828 MARTIN LUTHER KING JR BLVD,CHAPEL HILL,NC,27514,1742489040000,1742488980000,1742489040000,MISC OFFICER IN,GOVERNMENT/PUBLIC BUILDING,,NONE,,,,35.92695999,-79.05294037,111631,POINT (-79.05294037 35.92695999)
240735,CHPD,ASSIST CARRBORO,100 S GREENSBORO ST,CARRBORO,NC,27510,1745955960000,1745955960000,1745955960000,TRESPASSING/UNW,GOVERNMENT/PUBLIC BUILDING,,NONE,,,,,,111632,
238578,CHPD,ASSIST CARRBORO PD,119 E FRANKLIN ST,CHAPEL HILL,NC,27514,1740819960000,1740819960000,1740819960000,SUSPICIOUS/WANT,HIGHWAY/ROAD/ALLEY/STREET/SIDEWALK,,,,,,35.91370392,-79.05511475,111633,POINT (-79.05511475 35.91370392)
239974,CHPD,ASSIST CARRBORO PD,316 N ROBERSON ST@MITCHELL LN,CHAPEL HILL,NC,27516,1744250520000,1744250520000,1744250520000,TRAFFIC STOP,HIGHWAY/ROAD/ALLEY/STREET/SIDEWALK,,NONE,,,,35.91464615,-79.0632782,111634,POINT (-79.0632782 35.91464615)
241114,CHPD,ASSIST CARRBORO PD,335 W BARBEE CHAPEL RD,CHAPEL HILL,NC,27517,1746817140000,1746816600000,1746817140000,PUBLIC SERVICE,HIGHWAY/ROAD/ALLEY/STREET/SIDEWALK,,NONE,78,W,M,35.90634537,-79.01435852,111635,POINT (-79.01435852 35.90634537)
243215,CHPD,ASSIST CARRBORO PD,412 E MAIN ST,CARRBORO,NC,27510,1752536460000,1752536400000,1752536460000,ROBBERY/CARJACK,RESTAURANT,N,NONE,,,,,,111636,
243618,CHPD,ASSIST CARRBORO PD,110 W MAIN ST,CARRBORO,NC,27510,1753569780000,1753569780000,1753569780000,ADMINISTRATIVE,,,,,,,35.91040039,-79.07360077,111637,POINT (-79.07360077 35.91040039)
243335,CHPD,ASSIST CARRBORO PD,201 ROCK HAVEN RD,CARRBORO,NC,27510,1752800940000,1752800940000,1752800940000,BURGLARY/HOME I,SCHOOL-ELEMENTARY/SECONDARY,,NONE,,,,35.89211273,-79.08534241,111638,POINT (-79.08534241 35.89211273)
244503,CHPD,ASSIST CARRBORO PD,1105 NC 54,CHAPEL HILL,NC,27514,1755996900000,1755996900000,1755996900000,MISC OFFICER IN,HIGHWAY/ROAD/ALLEY/STREET/SIDEWALK,,NONE,,,,35.89803696,-79.06774902,111639,POINT (-79.06774902 35.89803696)
244022,CHPD,ASSIST CARRBORO POLICE,101 NC 54 BYPASS,CARRBORO,NC,27510,1754746380000,1754746380000,1754746380000,INFO MESSAGE,PARKING/DROP LOT/GARAGE,,,,,,35.91184235,-79.09353638,111640,POINT (-79.09353638 35.91184235)
245093,CHPD,ASSIST CARRBORO PD,333 W ROSEMARY ST,CHAPEL HILL,NC,27516,1757364180000,1757363880000,1757364180000,DOMESTIC DISTUR,HIGHWAY/ROAD/ALLEY/STREET/SIDEWALK,N,NONE,,,,35.91171646,-79.06125641,111641,POINT (-79.06125641 35.91171646)
243904,CHPD,ASSIST CARRBORO WITH K9 EVIDENCE SEARCH,406 S GREENSBORO ST,CARRBORO,NC,27510,1754399400000,1754399400000,1754399400000,SUSPICIOUS/WANT,FIELD/WOODS,,,,,,35.90688705,-79.07325745,111642,POINT (-79.07325745 35.90688705)
243874,CHPD,ASSIST CARRBORO WITH NARCOTIC SNIFF,1000 W MAIN ST,CARRBORO,NC,27510,1754297100000,1754297100000,1754297100000,INFO MESSAGE,PARKING/DROP LOT/GARAGE,,,,,,35.91476822,-79.07836914,111643,POINT (-79.07836914 35.91476822)
237336,CHPD,ASSIST CARRBORO WITH NARCOTIC SNIFF,102 S MERRITT MILL RD,CARRBORO,NC,27516,1737888780000,1737888780000,1737888780000,LE ASSISTANCE,HIGHWAY/ROAD/ALLEY/STREET/SIDEWALK,,,,,,35.9094162,-79.06513977,111644,POINT (-79.06513977 35.9094162)
244679,CHPD,ASSIST CARRBORO PD,611 W FRANKLIN ST@N MERRITT MILL RD,CHAPEL HILL,NC,27516,1756428180000,1756428180000,1756428180000,LE ASSISTANCE,HIGHWAY/ROAD/ALLEY/STREET/SIDEWALK,,NONE,,B,M,35.90969467,-79.06505585,111645,POINT (-79.06505585 35.90969467)
238480,CHPD,ASSIST CARY PD,409 W FRANKLIN ST,CHAPEL HILL,NC,27516,1740608040000,1740607800000,1740607860000,PUBLIC SERVICE,RESTAURANT,,,,W,F,35.91086578,-79.06116486,111646,POINT (-79.06116486 35.91086578)
242256,CHPD,ASSIST CARY PD,1 MUNICIPAL DR@MARTIN LUTHER KING JR BLVD,CHAPEL HILL,NC,27516,1749927300000,1749916500000,1749927300000,MISC OFFICER IN,CYBERSPACE,,NONE,,B,M,35.93931961,-79.05699921,111647,POINT (-79.05699921 35.93931961)
245017,CHPD,ASSIST CARRBORO/COUNTY,101 N GRAHAM ST@W FRANKLIN ST,CHAPEL HILL,NC,27516,1757205960000,1757205960000,1757205960000,TRAFFIC STOP,HIGHWAY/ROAD/ALLEY/STREET/SIDEWALK,,NONE,,,,35.90992737,-79.06427002,111648,POINT (-79.06427002 35.90992737)
241732,CHPD,ABANDONED VEHICLE,1798 MARTIN LUTHER KING JR BLVD@PERKINS DR,CHAPEL HILL,NC,27514,1748539440000,1748539440000,1748539440000,MISC OFFICER IN,HIGHWAY/ROAD/ALLEY/STREET/SIDEWALK,N,NONE,,,,35.9662056,-79.05908966,111712,POINT (-79.05908966 35.9662056)
242254,CHPD,ABANDONED VEHICLE,1098 MARTIN LUTHER KING JR BLVD@MUNICIPAL DR,CHAPEL HILL,NC,27514,1749927120000,1749927060000,1749927120000,MISC OFFICER IN,HIGHWAY/ROAD/ALLEY/STREET/SIDEWALK,N,NONE,,,,35.93936539,-79.05687714,111716,POINT (-79.05687714 35.93936539)
242302,CHPD,ABANDONED VEHICLE,103 CHANNING LN,CHAPEL HILL,NC,27516,1750066560000,1750066200000,1750066560000,MISC OFFICER IN,HIGHWAY/ROAD/ALLEY/STREET/SIDEWALK,,NONE,,,,35.89280319,-79.06263733,111718,POINT (-79.06263733 35.89280319)
242747,CHPD,ABANDONED VEHICLE,FORDHAM BLVD@MORGAN CREEK RD,CHAPEL HILL,NC,27514,1751282700000,1751282700000,1751282700000,TRAFFIC STOP,HIGHWAY/ROAD/ALLEY/STREET/SIDEWALK,,NONE,,,,,,111719,
240181,CHPD,ABANDONED VEHICLE,S COLUMBIA ST @ BENNETT RD,CHAPEL HILL,,27514,1744715520000,1744715520000,1744715520000,TRAFFIC VIOLATI,HIGHWAY/ROAD/ALLEY/STREET/SIDEWALK,,NONE,,,,,,111721,
242830,CHPD,ABANDONED VEHICLE,998 MARTIN LUTHER KING JR BLVD@ESTES DR,CHAPEL HILL,NC,27514,1751462700000,1751462700000,1751462700000,MISC OFFICER IN,HIGHWAY/ROAD/ALLEY/STREET/SIDEWALK,,,,,,35.93525696,-79.05604553,111722,POINT (-79.05604553 35.93525696)
243349,CHPD,ABANDONED VEHICLE,100 NORTH HAVEN DR,CHAPEL HILL,NC,27516,1752849960000,1752849960000,1752849960000,TRAFFIC VIOLATI,HIGHWAY/ROAD/ALLEY/STREET/SIDEWALK,,,,,,35.93058777,-79.06826019,111724,POINT (-79.06826019 35.93058777)
243590,CHPD,ABANDONED VEHICLE,FORDHAM BLVD@CARMICHAEL ST,CHAPEL HILL,NC,27514,1753469340000,1753469220000,1753469280000,ADMINISTRATIVE,HIGHWAY/ROAD/ALLEY/STREET/SIDEWALK,,,,,,35.90513229,-79.03009796,111726,POINT (-79.03009796 35.90513229)
243494,CHPD,ABANDONED VEHICLE,102 CREEL ST,CHAPEL HILL,NC,27516,1753273860000,1753273200000,1753273860000,TRAFFIC VIOLATI,HIGHWAY/ROAD/ALLEY/STREET/SIDEWALK,,,,,,35.90542603,-79.06639862,111727,POINT (-79.06639862 35.90542603)
243853,CHPD,ABANDONED VEHICLE,940 CARMICHAEL ST,CHAPEL HILL,NC,27514,1754211180000,1754210580000,1754211180000,MISC OFFICER IN,PARKING/DROP LOT/GARAGE,,NONE,,,,35.9045639,-79.03205109,111728,POINT (-79.03205109 35.9045639)
243575,CHPD,ABANDONED VEHICLE,1 RALEIGH RD@FORDHAM-RALEIGH RD EXIT,CHAPEL HILL,NC,27514,1753471860000,1753471860000,1753471860000,TRAFFIC VIOLATI,,,,,,,35.90887451,-79.02700043,111729,POINT (-79.02700043 35.90887451)
244192,CHPD,ABANDONED VEHICLE,605 EASTOWNE DR,CHAPEL HILL,NC,27514,1755266220000,1755265800000,1755266220000,TRAFFIC VIOLATI,HIGHWAY/ROAD/ALLEY/STREET/SIDEWALK,,NONE,,,,35.95158005,-79.00709534,111730,POINT (-79.00709534 35.95158005)
244919,CHPD,ABANDONED VEHICLE,837 SHADYLAWN RD,CHAPEL HILL,NC,27514,1756991280000,1756987680000,1756991280000,TRAFFIC VIOLATI,HIGHWAY/ROAD/ALLEY/STREET/SIDEWALK,,NONE,,,,35.94942474,-79.04233551,111731,POINT (-79.04233551 35.94942474)
244408,CHPD,ABANDONED VEHICLE,CHARLESTON LN,CHAPEL HILL,,27514,1755747780000,1755747780000,1755747780000,MISC OFFICER IN,HIGHWAY/ROAD/ALLEY/STREET/SIDEWALK,,NONE,,,,,,111732,
244538,CHPD,ABANDONED VEHICLE,FORDHAM BLVD@ERWIN RD,CHAPEL HILL,NC,27514,1756111860000,1756111260000,1756111860000,TRAFFIC VIOLATI,HIGHWAY/ROAD/ALLEY/STREET/SIDEWALK,,NONE,,,,35.94218445,-79.01853943,111733,POINT (-79.01853943 35.94218445)
245744,CHPD,ABANDONED VEHICLE,1790 FORDHAM BLVD,CHAPEL HILL,NC,27514,1758897780000,1758897780000,1758897780000,TRAFFIC VIOLATI,SPECIALTY/STORE,,NONE,,,,35.9438324,-79.01326752,111734,POINT (-79.01326752 35.9438324)
245371,CHPD,ABANDONED VEHICLE,FORDHAM BLVD@WILLOW DR,CHAPEL HILL,NC,27517,1758008340000,1758008340000,1758008340000,TRAFFIC VIOLATI,HIGHWAY/ROAD/ALLEY/STREET/SIDEWALK,,NONE,,,,35.93040085,-79.02431488,111735,POINT (-79.02431488 35.93040085)
245792,CHPD,ABANDONED VEHICLE,FORDHAM BLVD@NC 54,CHAPEL HILL,NC,27517,1759006260000,1759006260000,1759006260000,TRAFFIC VIOLATI,HIGHWAY/ROAD/ALLEY/STREET/SIDEWALK,N,NONE,,,,35.89355087,-79.05751801,111736,POINT (-79.05751801 35.89355087)
242298,CHPD,ABANDONED VEHICLE,100 MT CARMEL CHURCH RD@S COLUMBIA ST,CHAPEL HILL,NC,27517,1750063440000,1750063200000,1750063440000,MISC OFFICER IN,HIGHWAY/ROAD/ALLEY/STREET/SIDEWALK,,NONE,,,,35.89132309,-79.05934143,111740,POINT (-79.05934143 35.89132309)
241506,CHPD,CAR LOCKOUT,443 MELANIE CT,CHAPEL HILL,NC,27514,1747848900000,1747848780000,1747848900000,PUBLIC SERVICE,PARKING/DROP LOT/GARAGE,,,,B,F,35.94255829,-79.02580261,112055,POINT (-79.02580261 35.94255829)
242158,CHPD,CARDIAC ARREST,1716 LEGION RD,CHAPEL HILL,NC,27517,1749705900000,1749705600000,1749705900000,CARDIAC RESP AR,OTHER/UNKNOWN,,,,B,F,35.93935776,-79.01607513,112056,POINT (-79.01607513 35.93935776)
240498,CHPD,CARDIAC ARREST,1916 WHITE PLAINS RD,CHAPEL HILL,NC,27517,1745439660000,1745439540000,1745439600000,CARDIAC RESP AR,RESIDENCE/HOME,,,,A,M,35.93198013,-79.00331116,112057,POINT (-79.00331116 35.93198013)
236552,CHPD,CAR LOCK OUT,1213 MARTIN LUTHER KING JR BLVD,CHAPEL HILL,NC,27516,1735694040000,1735693800000,1735694040000,PUBLIC SERVICE,SERVICE/GAS STATION,,NONE,41,B,M,35.94773865,-79.05925751,112058,POINT (-79.05925751 35.94773865)
237045,CHPD,CARDIAC ARREST,901 GREENWOOD RD,CHAPEL HILL,NC,27514,1737138900000,1737138600000,1737138600000,CARDIAC,RESIDENCE/HOME,,,,W,F,35.91284943,-79.03147888,112059,POINT (-79.03147888 35.91284943)
243154,CHPD,CARDIAC ARREST,261 S ELLIOTT RD,CHAPEL HILL,NC,27514,1752342000000,1752341700000,1752341880000,CARDIAC RESP AR,RESTAURANT,,NONE,,W,M,35.93309402,-79.02593231,112060,POINT (-79.02593231 35.93309402)
237179,CHPD,CARELESS AND RECKLESS DRIVING,450 S ELLIOTT RD,CHAPEL HILL,NC,27514,1737497460000,1737496800000,1737497460000,TRAFFIC VIOLATI,PARKING/DROP LOT/GARAGE,,,,,,35.93213654,-79.02535248,112061,POINT (-79.02535248 35.93213654)
240805,CHPD,CARELESS AND RECKLESS DRIVING,1 CEDAR FORK TRL @ KENMORE RD,CHAPEL HILL,,27514,1746177000000,1746174600000,1746175500000,MISC OFFICER IN,HIGHWAY/ROAD/ALLEY/STREET/SIDEWALK,,NONE,55,W,M,,,112062,
239085,CHPD,CARELESS AND RECKLESS DRIVING,1499 EPHESUS CHURCH RD@CHURCHILL DR,CHAPEL HILL,NC,27517,1742223480000,1742221200000,1742221200000,TRAFFIC VIOLATI,HIGHWAY/ROAD/ALLEY/STREET/SIDEWALK,,NONE,,,,35.93252945,-79.01493835,112063,POINT (-79.01493835 35.93252945)
243140,CHPD,CARELESS AND RECKLESS DRIVING,119 E FRANKLIN ST,CHAPEL HILL,NC,27514,1752311580000,1752311580000,1752311580000,MISC OFFICER IN,HIGHWAY/ROAD/ALLEY/STREET/SIDEWALK,N,NONE,,,,35.91370392,-79.05511475,112064,POINT (-79.05511475 35.91370392)
244051,CHPD,CARELESS AND RECKLESS DRIVING,1 FORDHAM BLVD@RIDGEFIELD RD,CHAPEL HILL,NC,27517,1754856120000,1754856060000,1754856120000,TRAFFIC STOP,HIGHWAY/ROAD/ALLEY/STREET/SIDEWALK,,NONE,,,,35.92581177,-79.02471924,112065,POINT (-79.02471924 35.92581177)
243361,CHPD,B&E    LARCENY F/VEHICLE,208 W UNIVERSITY DR,CHAPEL HILL,NC,27516,1752890520000,1752879720000,1752883200000,THEFT/LARCENY,RESIDENCE/HOME,,,30,W,M,35.9055481,-79.05599976,112066,POINT (-79.05599976 35.9055481)
239798,CHPD,CARJACKING W/FORCE,143 W FRANKLIN ST,CHAPEL HILL,NC,27516,1743813780000,1743813600000,1743813600000,ROBBERY/CARJACK,PARKING/DROP LOT/GARAGE,,HANDGUN,,A,F,35.91197968,-79.05826569,112067,POINT (-79.05826569 35.91197968)
243365,CHPD,CARJACKING W/FORCE,1505 E FRANKLIN ST,CHAPEL HILL,NC,27514,1752891900000,1752891600000,1752891720000,ROBBERY/CARJACK,PARKING/DROP LOT/GARAGE,N,NONE,,B,F,35.93056107,-79.03445435,112068,POINT (-79.03445435 35.93056107)
245080,CHPD,CARJACKING W/FORCE,220 ELIZABETH ST,CHAPEL HILL,NC,27514,1757333220000,1757332920000,1757332920000,ROBBERY/CARJACK,PARKING/DROP LOT/GARAGE,N,HANDGUN,28,W,F,35.92570877,-79.04199982,112069,POINT (-79.04199982 35.92570877)
245666,CHPD,CARELESS AND RECKLESS DRIVING,1 OLD OXFORD RD @ N ELLIOTT RD,CHAPEL HILL,,27514,1758716040000,1758701400000,1758701400000,MISC OFFICER IN,HIGHWAY/ROAD/ALLEY/STREET/SIDEWALK,,NONE,,,,,,112070,
241242,CHPD,CARELESS AND RECKLESS DRIVING,1 BROOKVIEW DR @ HONEYSUCKLE RD,CHAPEL HILL,,27514,1747138320000,1747137600000,1747137600000,MISC OFFICER IN,HIGHWAY/ROAD/ALLEY/STREET/SIDEWALK,,NONE,33,W,M,,,112073,
243354,CHPD,B&E    LARCENY F/VEHICLE,1525 E FRANKLIN ST,CHAPEL HILL,NC,27514,1752855600000,1752845400000,1752855600000,THEFT/LARCENY,COMMERCIAL OFFICE BUILDING,Y,,68,W,F,35.93372726,-79.03136444,112114,POINT (-79.03136444 35.93372726)
243561,CHPD,B&E    LARCENY F/VEHICLE,111 CLOISTER CT,CHAPEL HILL,NC,27514,1753446480000,1753430400000,1753446480000,THEFT/LARCENY,PARKING/DROP LOT/GARAGE,,NONE,59,W,F,35.95383835,-79.00523376,112123,POINT (-79.00523376 35.95383835)
243538,CHPD,B&E    LARCENY F/VEHICLE,701 N COLUMBIA ST,CHAPEL HILL,NC,27516,1753375140000,1753124400000,1753167600000,MISC OFFICER IN,RESIDENCE/HOME,N,,21,W,F,35.92047882,-79.06005096,112128,POINT (-79.06005096 35.92047882)
243557,CHPD,B&E    LARCENY F/VEHICLE,401 PROVIDENCE RD,CHAPEL HILL,NC,27514,1753440600000,1753430100000,1753440000000,THEFT/LARCENY,PARKING/DROP LOT/GARAGE,Y,NONE,23,W,F,35.95286942,-79.00535583,112140,POINT (-79.00535583 35.95286942)
243634,CHPD,B&E    LARCENY F/VEHICLE,825 N ESTES DR,CHAPEL HILL,NC,27514,1753622700000,1753614000000,1753622700000,THEFT/LARCENY,PARKING/DROP LOT/GARAGE,,,64,W,F,35.93471146,-79.05480194,112147,POINT (-79.05480194 35.93471146)
243661,CHPD,B&E    LARCENY F/VEHICLE,220 FINLEY FOREST DR,CHAPEL HILL,NC,27517,1753706220000,1753570800000,1753610400000,MISC OFFICER IN,PARKING/DROP LOT/GARAGE,N,NONE,52,A,M,35.89955902,-79.01062775,112153,POINT (-79.01062775 35.89955902)
243633,CHPD,B&E    LARCENY F/VEHICLE,1000 DOGWOOD ACRES DR,CHAPEL HILL,NC,27516,1753633980000,1753619040000,1753619040000,THEFT/LARCENY,PARKING/DROP LOT/GARAGE,,NONE,60,W,F,35.87242508,-79.06919098,112160,POINT (-79.06919098 35.87242508)
243754,CHPD,B&E    LARCENY F/VEHICLE,111 CLOISTER CT,CHAPEL HILL,NC,27514,1753961100000,1753428600000,1753437840000,MISC OFFICER IN,PARKING/DROP LOT/GARAGE,Y,NONE,40,W,F,35.95383835,-79.00523376,112167,POINT (-79.00523376 35.95383835)
243728,CHPD,B&E    LARCENY F/VEHICLE,1081 NC 54,CHAPEL HILL,NC,27514,1753890900000,1753788600000,1753789200000,MISC OFFICER IN,PARKING/DROP LOT/GARAGE,N,NONE,56,W,F,35.89554977,-79.06314087,112174,POINT (-79.06314087 35.89554977)
243787,CHPD,B&E    LARCENY F/VEHICLE,200 ELDERBERRY DR,CHAPEL HILL,NC,27517,1754037000000,1753905600000,1753953600000,MISC OFFICER IN,RESIDENCE/HOME,,NONE,29,W,F,35.93852615,-79.01165009,112272,POINT (-79.01165009 35.93852615)
243773,CHPD,B&E    LARCENY F/VEHICLE,311 W FRANKLIN ST,CHAPEL HILL,NC,27516,1753984620000,1753975800000,1753984260000,THEFT/LARCENY,PARKING/DROP LOT/GARAGE,N,NONE,37,B,M,35.91128159,-79.06018066,112277,POINT (-79.06018066 35.91128159)
243795,CHPD,B&E    LARCENY F/VEHICLE,100 ELDERBERRY DR,CHAPEL HILL,NC,27517,1754051820000,1753930800000,1753945200000,THEFT/LARCENY,HIGHWAY/ROAD/ALLEY/STREET/SIDEWALK,N,,44,B,M,35.93806839,-79.01322937,112278,POINT (-79.01322937 35.93806839)
243781,CHPD,B&E    LARCENY F/VEHICLE,505 W ROSEMARY ST,CHAPEL HILL,NC,27516,1754007480000,1754001840000,1754007480000,THEFT/LARCENY,PARKING/DROP LOT/GARAGE,N,NONE,26,W,F,35.91106415,-79.06461334,112280,POINT (-79.06461334 35.91106415)
243806,CHPD,B&E    LARCENY F/VEHICLE,1201 FORDHAM BLVD,CHAPEL HILL,NC,27514,1754083980000,1754080200000,1754083800000,DAMAGE/VANDALIS,PARKING/DROP LOT/GARAGE,Y,NONE,29,W,F,35.9315834,-79.02501678,112283,POINT (-79.02501678 35.9315834)
243812,CHPD,B&E    LARCENY F/VEHICLE,501 KILDAIRE RD,CHAPEL HILL,NC,27516,1754072040000,1754071800000,1754071920000,SUSPICIOUS/WANT,SCHOOL-ELEMENTARY/SECONDARY,,NONE,65,B,F,35.87887955,-79.06843567,112289,POINT (-79.06843567 35.87887955)
243914,CHPD,B&E    LARCENY F/VEHICLE,1 EUROPA DR,CHAPEL HILL,NC,27514,1754415660000,1754326800000,1754415660000,DAMAGE/VANDALIS,PARKING/DROP LOT/GARAGE,,,58,W,M,35.94126129,-79.01737976,112296,POINT (-79.01737976 35.94126129)
243977,CHPD,B&E    LARCENY F/VEHICLE,502 W FRANKLIN ST,CHAPEL HILL,NC,27516,1754641560000,1754485200000,1754560800000,MISC OFFICER IN,PARKING/DROP LOT/GARAGE,N,NONE,58,W,M,35.91046524,-79.0636673,112302,POINT (-79.0636673 35.91046524)
243987,CHPD,B&E    LARCENY F/VEHICLE,133 W FRANKLIN ST,CHAPEL HILL,NC,27516,1754657520000,1754589600000,1754656200000,THEFT/LARCENY,PARKING/DROP LOT/GARAGE,N,OTHER,53,W,M,35.91233063,-79.0573349,112310,POINT (-79.0573349 35.91233063)
244050,CHPD,B&E    LARCENY F/VEHICLE,1201 FORDHAM BLVD,CHAPEL HILL,NC,27514,1754854260000,1754848800000,1754854260000,THEFT/LARCENY,RESTAURANT,,,37,W,F,35.9315834,-79.02501678,112318,POINT (-79.02501678 35.9315834)
244083,CHPD,B&E    LARCENY F/VEHICLE,528 ASHLEY CT,CHAPEL HILL,NC,27514,1754958240000,1754957640000,1754958000000,THEFT/LARCENY,RESIDENCE/HOME,N,NONE,40,W,M,35.94272614,-79.02338409,112324,POINT (-79.02338409 35.94272614)
244038,CHPD,B&E    LARCENY F/VEHICLE,313 W UNIVERSITY DR,CHAPEL HILL,NC,27516,1754826120000,1754229600000,1754823600000,THEFT/LARCENY,HIGHWAY/ROAD/ALLEY/STREET/SIDEWALK,,NONE,57,W,M,35.90452194,-79.05782318,112331,POINT (-79.05782318 35.90452194)
244008,CHPD,B&E    LARCENY F/VEHICLE,1722 FORDHAM BLVD,CHAPEL HILL,NC,27517,1754691180000,1754404200000,1754409600000,THEFT/LARCENY,PARKING/DROP LOT/GARAGE,N,NONE,26,W,F,35.93814087,-79.02198029,112339,POINT (-79.02198029 35.93814087)
244317,CHPD,B&E    LARCENY F/VEHICLE,17 BLUFF TRL,CHAPEL HILL,NC,27516,1755542160000,1755450000000,1755540000000,THEFT/LARCENY,PARKING/DROP LOT/GARAGE,N,NONE,77,B,M,35.92073059,-79.06629944,112347,POINT (-79.06629944 35.92073059)
244233,CHPD,B&E    LARCENY F/VEHICLE,424 BROOKSIDE DR,CHAPEL HILL,NC,27516,1755348420000,1755306000000,1755338400000,THEFT/LARCENY,HIGHWAY/ROAD/ALLEY/STREET/SIDEWALK,,,20,W,M,35.90494537,-79.06195068,112354,POINT (-79.06195068 35.90494537)
244645,CHPD,B&E    LARCENY F/VEHICLE,102 MADDREY CT,CHAPEL HILL,,27516,1756371420000,1756328400000,1756362600000,THEFT/LARCENY,RESIDENCE/HOME,,NONE,35,W,M,,,112360,
244510,CHPD,B&E    LARCENY F/VEHICLE,98 RIVER BIRCH LN,CHAPEL HILL,NC,27514,1756008180000,1755982800000,1756008000000,THEFT/LARCENY,RESIDENCE/HOME,,UNKNOWN,41,B,M,35.95114136,-79.01802063,112368,POINT (-79.01802063 35.95114136)
244446,CHPD,B&E    LARCENY F/VEHICLE,2525 BOOKER CREEK RD,CHAPEL HILL,NC,27514,1755845280000,1755810000000,1755842400000,THEFT/LARCENY,PARKING/DROP LOT/GARAGE,Y,NONE,,A,M,35.94577408,-79.02508545,112375,POINT (-79.02508545 35.94577408)
244195,CHPD,B&E    LARCENY F/VEHICLE,132 S COLUMBIA ST,CHAPEL HILL,NC,27516,1755269100000,1755025200000,1755204000000,THEFT/LARCENY,PARKING/DROP LOT/GARAGE,,NONE,20,W,M,35.91088104,-79.05497742,112383,POINT (-79.05497742 35.91088104)
244681,CHPD,B&E    LARCENY F/VEHICLE,5315 ENVIRON WAY,CHAPEL HILL,NC,27517,1756437720000,1756434600000,1756437720000,THEFT/LARCENY,PARKING/DROP LOT/GARAGE,Y,,49,W,M,35.90636063,-79.02053833,112391,POINT (-79.02053833 35.90636063)
241686,CHPD,B&E    ATT LARCENY F/VEHICLE,504 PALAFOX DR,CHAPEL HILL,NC,27516,1748430720000,1744861500000,1748401800000,MISC OFFICER IN,RESIDENCE/HOME,,NONE,37,W,F,35.95930862,-79.06481171,112395,POINT (-79.06481171 35.95930862)
244876,CHPD,B&E    LARCENY F/VEHICLE,100 E ROSEMARY ST,CHAPEL HILL,NC,27514,1756900200000,1756852200000,1756897200000,MISC OFFICER IN,PARKING/DROP LOT/GARAGE,,NONE,21,A,M,35.91402817,-79.05571747,112398,POINT (-79.05571747 35.91402817)
244992,CHPD,B&E    LARCENY F/VEHICLE,200 CARRAWAY CROSSING,CHAPEL HILL,NC,27516,1757157420000,1757115900000,1757154600000,MISC OFFICER IN,PARKING/DROP LOT/GARAGE,,,36,W,M,,,112409,
245111,CHPD,B&E    LARCENY F/VEHICLE,100 MARRIOTT WAY,CHAPEL HILL,NC,27517,1757420520000,1757394000000,1757420400000,THEFT/LARCENY,PARKING/DROP LOT/GARAGE,Y,NONE,35,W,M,35.90172958,-79.01014709,112417,POINT (-79.01014709 35.90172958)
244792,CHPD,B&E    LARCENY F/VEHICLE,119 S ROBERSON ST,CHAPEL HILL,NC,27516,1756725120000,1756674000000,1756724400000,THEFT/LARCENY,RESIDENCE/HOME,,NONE,22,W,M,35.90910721,-79.06228638,112424,POINT (-79.06228638 35.90910721)
236608,CHPD,B&E    LARCENY F/VEHICLE,XX,CHAPEL HILL,NC,27514,1735843260000,1735819200000,1735843200000,THEFT/LARCENY,PARKING/DROP LOT/GARAGE,Y,,51,W,M,,-79.07535731,112427,
245207,CHPD,B&E    LARCENY F/VEHICLE,103 LANCASTER DR,CHAPEL HILL,NC,27517,1757621880000,1757613600000,1757619900000,THEFT/LARCENY,PARKING/DROP LOT/GARAGE,,,61,W,M,35.92127228,-79.00852966,112431,POINT (-79.00852966 35.92127228)
236610,CHPD,B&E    LARCENY F/VEHICLE,XX,CHAPEL HILL,NC,27514,1735848180000,1735815600000,1735848120000,THEFT/LARCENY,PARKING/DROP LOT/GARAGE,Y,NONE,51,W,F,,-79.07535731,112435,
245165,CHPD,B&E    LARCENY F/VEHICLE,408 PITTSBORO ST,CHAPEL HILL,NC,27516,1757529660000,1757127000000,1757163600000,THEFT/LARCENY,RESIDENCE/HOME,N,,21,W,F,35.90602493,-79.05532837,112439,POINT (-79.05532837 35.90602493)
236611,CHPD,B&E    LARCENY F/VEHICLE,XX,CHAPEL HILL,NC,27514,1735848780000,1735804800000,1735848000000,DAMAGE/VANDALIS,PARKING/DROP LOT/GARAGE,Y,,24,B,M,,-79.07535731,112443,
245271,CHPD,B&E    LARCENY F/VEHICLE,221 GALWAY DR,CHAPEL HILL,NC,27517,1757770080000,1757769600000,1757770080000,THEFT/LARCENY,HIGHWAY/ROAD/ALLEY/STREET/SIDEWALK,,UNKNOWN,38,W,M,35.92638779,-79.00504303,112446,POINT (-79.00504303 35.92638779)
245120,CHPD,B&E    LARCENY F/VEHICLE,507 LANDERWOOD LN,CHAPEL HILL,NC,27517,1757437200000,1757434200000,1757436600000,THEFT/LARCENY,HIGHWAY/ROAD/ALLEY/STREET/SIDEWALK,,,62,W,M,35.9331398,-79.0085144,112456,POINT (-79.0085144 35.9331398)
245261,CHPD,B&E    LARCENY F/VEHICLE,1330 EPHESUS CHURCH RD,CHAPEL HILL,NC,27517,1757755380000,1757725860000,1757736000000,THEFT/LARCENY,RESIDENCE/HOME,Y,,50,W,M,35.9333992,-79.01895142,112463,POINT (-79.01895142 35.9333992)
245736,CHPD,B&E    LARCENY F/VEHICLE,413 YATES MOTOR COMPANY ALY,CHAPEL HILL,NC,27516,1758883620000,1758830400000,1758873600000,THEFT/LARCENY,PARKING/DROP LOT/GARAGE,N,NONE,50,W,M,35.91022491,-79.06109619,112476,POINT (-79.06109619 35.91022491)
236629,CHPD,B&E    LARCENY F/VEHICLE,XX,CHAPEL HILL,NC,27514,1735930080000,1735916400000,1735929960000,SUSPICIOUS/WANT,PARKING/DROP LOT/GARAGE,Y,NONE,74,W,M,,-79.07535731,112477,
245585,CHPD,B&E    LARCENY F/VEHICLE,303 W FRANKLIN ST,CHAPEL HILL,NC,27516,1758543480000,1758315600000,1758333600000,THEFT/LARCENY,PARKING/DROP LOT/GARAGE,,NONE,56,W,M,35.91130066,-79.05969238,112483,POINT (-79.05969238 35.91130066)
236636,CHPD,B&E    LARCENY F/VEHICLE,XX,CHAPEL HILL,NC,27514,1735930920000,1735930800000,1735930920000,SUSPICIOUS/WANT,PARKING/DROP LOT/GARAGE,Y,NONE,21,W,F,,-79.07535731,112484,
245831,CHPD,B&E    LARCENY F/VEHICLE,1430 ENVIRON WAY,CHAPEL HILL,NC,27517,1759120080000,1759096500000,1759119900000,THEFT/LARCENY,PARKING/DROP LOT/GARAGE,Y,NONE,31,B,M,35.90694427,-79.02143097,112491,POINT (-79.02143097 35.90694427)
236680,CHPD,B&E    LARCENY F/VEHICLE,XX,CHAPEL HILL,NC,27514,1736178120000,1736174100000,1736176740000,THEFT/LARCENY,PARKING/DROP LOT/GARAGE,,NONE,31,W,F,,-79.07535731,112492,
245782,CHPD,B&E    LARCENY F/VEHICLE,109 CAMERON GLEN DR,CHAPEL HILL,NC,27516,1758978120000,1758922200000,1758969000000,THEFT/LARCENY,PARKING/DROP LOT/GARAGE,N,NONE,20,A,M,35.90795517,-79.05990601,112498,POINT (-79.05990601 35.90795517)
236832,CHPD,B&E    LARCENY F/VEHICLE,XX,CHAPEL HILL,NC,27514,1736524140000,1736460000000,1736496000000,MISC OFFICER IN,RESIDENCE/HOME,N,NONE,54,W,F,,-79.07535731,112499,
245850,CHPD,B&E    LARCENY F/VEHICLE,321 W CAMERON AVE,CHAPEL HILL,NC,27516,1759161540000,1758819600000,1759125600000,THEFT/LARCENY,PARKING/DROP LOT/GARAGE,,NONE,21,W,M,35.90891266,-79.05795288,112506,POINT (-79.05795288 35.90891266)
236882,CHPD,B&E    LARCENY F/VEHICLE,XX,CHAPEL HILL,NC,27516,1736704320000,1736402280000,1736704320000,THEFT/LARCENY,PARKING/DROP LOT/GARAGE,N,,21,W,F,,-79.07535731,112507,
245000,CHPD,B&E  LARCENY F/VEHICLE,416 EDISTO CT,CHAPEL HILL,NC,27514,1757173140000,1757095200000,1757140200000,THEFT/LARCENY,PARKING/DROP LOT/GARAGE,,,23,A,F,35.96160889,-79.05206299,112514,POINT (-79.05206299 35.96160889)
236891,CHPD,B&E    LARCENY F/VEHICLE,XX,CHAPEL HILL,NC,27516,1736733900000,1736733900000,1736733900000,MISC OFFICER IN,HIGHWAY/ROAD/ALLEY/STREET/SIDEWALK,N,NONE,56,W,F,,-79.07535731,112515,
243749,CHPD,B&E  LARCENY F/VEHICLE,323 ST THOMAS DR,CHAPEL HILL,NC,27517,1753954140000,1753928040000,1753928160000,THEFT/LARCENY,HIGHWAY/ROAD/ALLEY/STREET/SIDEWALK,,,39,B,M,35.93748093,-79.00694275,112523,POINT (-79.00694275 35.93748093)
236999,CHPD,B&E    LARCENY F/VEHICLE,XX,CHAPEL HILL,NC,27514,1736972220000,1736971200000,1736972220000,THEFT/LARCENY,HOTEL/MOTEL/ETC.,,,47,W,M,,-79.07535731,112524,
236927,CHPD,B&E    LARCENY F/VEHICLE,XX,CHAPEL HILL,NC,27516,1736811600000,1736785800000,1736811300000,THEFT/LARCENY,SHELTER- MISSION/HOMELESS,Y,UNKNOWN,33,B,M,,-79.07535731,112531,
243750,CHPD,B&E  LARCENY F/VEHICLE,321 ST THOMAS DR,CHAPEL HILL,NC,27517,1753954140000,1753927980000,1753928100000,THEFT/LARCENY,HIGHWAY/ROAD/ALLEY/STREET/SIDEWALK,,,47,W,M,35.93754578,-79.00670624,112535,POINT (-79.00670624 35.93754578)
237075,CHPD,B&E    LARCENY F/VEHICLE,106 PARKRIDGE AVE,CHAPEL HILL,NC,27517,1737194460000,1737173820000,1737194400000,THEFT/LARCENY,RESIDENCE/HOME,,NONE,40,W,M,35.91016388,-79.01026917,112539,POINT (-79.01026917 35.91016388)
244321,CHPD,B&E VEHICLE W/ LARCENY,1201 FORDHAM BLVD,CHAPEL HILL,NC,27514,1755550380000,1755522000000,1755549900000,THEFT/LARCENY,PARKING/DROP LOT/GARAGE,Y,UNKNOWN,39,W,F,35.9315834,-79.02501678,112544,POINT (-79.02501678 35.9315834)
237098,CHPD,B&E    LARCENY F/VEHICLE,1003 S HAMILTON RD,CHAPEL HILL,NC,27517,1737255360000,1737253200000,1737255360000,MISC OFFICER IN,GOVERNMENT/PUBLIC BUILDING,Y,NONE,25,W,M,35.90716171,-79.0236969,112602,POINT (-79.0236969 35.90716171)
237101,CHPD,B&E    LARCENY F/VEHICLE,1505 E FRANKLIN ST,CHAPEL HILL,NC,27514,1737280140000,1737214200000,1737272880000,THEFT/LARCENY,HOTEL/MOTEL/ETC.,Y,,57,W,M,35.93056107,-79.03445435,112611,POINT (-79.03445435 35.93056107)
243042,CHPD,B&E  LARCENY F/VEHICLE,3690 S COLUMBIA ST,CHAPEL HILL,NC,27516,1752043560000,1752011160000,1752042600000,THEFT/LARCENY,PARKING/DROP LOT/GARAGE,Y,NONE,67,W,M,35.88105774,-79.0627594,112613,POINT (-79.0627594 35.88105774)
237194,CHPD,B&E    LARCENY F/VEHICLE,120 MUIR LN,CHAPEL HILL,NC,27514,1737549300000,1737484200000,1737540000000,MISC OFFICER IN,HIGHWAY/ROAD/ALLEY/STREET/SIDEWALK,N,NONE,52,W,M,35.95632172,-79.03039551,112616,POINT (-79.03039551 35.95632172)
237256,CHPD,B&E    LARCENY F/VEHICLE,1308 WILLOW DR,CHAPEL HILL,NC,27517,1737705660000,1737666000000,1737705000000,THEFT/LARCENY,HIGHWAY/ROAD/ALLEY/STREET/SIDEWALK,N,NONE,57,W,M,35.92758942,-79.0151825,112626,POINT (-79.0151825 35.92758942)
237257,CHPD,B&E    LARCENY F/VEHICLE,231 N GRAHAM ST,CHAPEL HILL,NC,27516,1737705180000,1737662400000,1737705180000,THEFT/LARCENY,RESIDENCE/HOME,,,22,B,M,35.91374588,-79.06542969,112631,POINT (-79.06542969 35.91374588)
237153,CHPD,B&E    LARCENY F/VEHICLE,201 S ESTES DR,CHAPEL HILL,NC,27514,1737459840000,1737368700000,1737459840000,THEFT/LARCENY,PARKING/DROP LOT/GARAGE,N,NONE,32,B,F,35.92786026,-79.02971649,112636,POINT (-79.02971649 35.92786026)
237281,CHPD,B&E    LARCENY F/VEHICLE,1202 WILLOW DR,CHAPEL HILL,NC,27517,1737731520000,1737642600000,1737730800000,THEFT/LARCENY,RESIDENCE/HOME,N,NONE,70,W,F,35.92769623,-79.01815033,112641,POINT (-79.01815033 35.92769623)
237368,CHPD,B&E    LARCENY F/VEHICLE,717 EMORY DR,CHAPEL HILL,NC,27517,1737975120000,1737374400000,1737817200000,MISC OFFICER IN,RESIDENCE/HOME,N,NONE,45,W,M,35.92733383,-79.01360321,112645,POINT (-79.01360321 35.92733383)
237381,CHPD,B&E    LARCENY F/VEHICLE,106 WINDHOVER DR,CHAPEL HILL,NC,27514,1737990000000,1737115200000,1737198000000,MISC OFFICER IN,RESIDENCE/HOME,N,NONE,38,W,F,35.94684601,-79.0187149,112650,POINT (-79.0187149 35.94684601)
237099,CHPD,B&E    LARCENY F/VEHICLE,403 MARTIN LUTHER KING JR BLVD,CHAPEL HILL,NC,27516,1737255840000,1737255180000,1737255600000,THEFT/LARCENY,GOVERNMENT/PUBLIC BUILDING,Y,,,W,M,35.91605759,-79.05725098,112655,POINT (-79.05725098 35.91605759)
237681,CHPD,B&E    LARCENY F/VEHICLE,404 MITCHELL LN,CHAPEL HILL,NC,27516,1738671720000,1738620000000,1738655100000,MISC OFFICER IN,RESIDENCE/HOME,N,NONE,54,W,M,35.91405106,-79.06246185,112660,POINT (-79.06246185 35.91405106)
238244,CHPD,B&E    LARCENY F/VEHICLE,1801 FORDHAM BLVD,CHAPEL HILL,NC,27514,1740061080000,1740059160000,1740059340000,THEFT/LARCENY,DEPARTMENT DISCOUNT STORE,Y,NONE,29,W,M,35.94783401,-79.01280975,112665,POINT (-79.01280975 35.94783401)
238403,CHPD,B&E    LARCENY F/VEHICLE,101 GLEN LENNOX DR,CHAPEL HILL,NC,27517,1740424620000,1740420900000,1740424380000,THEFT/LARCENY,HIGHWAY/ROAD/ALLEY/STREET/SIDEWALK,N,NONE,27,W,M,35.9133873,-79.02550507,112669,POINT (-79.02550507 35.9133873)
238096,CHPD,B&E    LARCENY F/VEHICLE,1810 FORDHAM BLVD,CHAPEL HILL,NC,27517,1739664720000,1739650980000,1739664720000,THEFT/LARCENY,PARKING/DROP LOT/GARAGE,Y,NONE,45,W,M,35.94489288,-79.00939178,112674,POINT (-79.00939178 35.94489288)
237481,CHPD,B&E    LARCENY F/VEHICLE,1220 MARTIN LUTHER KING JR BLVD,CHAPEL HILL,NC,27514,1738228800000,1738170000000,1738228800000,THEFT/LARCENY,PARKING/DROP LOT/GARAGE,,NONE,36,B,F,35.94884491,-79.05782318,112679,POINT (-79.05782318 35.94884491)
238592,CHPD,B&E    LARCENY F/VEHICLE,401 MEADOWMONT LN,CHAPEL HILL,NC,27514,1740853980000,1740816000000,1740845040000,MISC OFFICER IN,HIGHWAY/ROAD/ALLEY/STREET/SIDEWALK,,NONE,37,W,M,35.91043091,-79.00836945,112684,POINT (-79.00836945 35.91043091)
238692,CHPD,B&E    LARCENY F/VEHICLE,143 W FRANKLIN ST,CHAPEL HILL,NC,27516,1741172100000,1739707200000,1740052800000,MISC OFFICER IN,PARKING/DROP LOT/GARAGE,,NONE,63,W,M,35.91197968,-79.05826569,112689,POINT (-79.05826569 35.91197968)
238780,CHPD,B&E    LARCENY F/VEHICLE,411 FLEMINGTON RD,CHAPEL HILL,NC,27517,1741426620000,1741384800000,1741426620000,THEFT/LARCENY,PARKING/DROP LOT/GARAGE,,OTHER,23,W,M,35.91469574,-79.0255127,112693,POINT (-79.0255127 35.91469574)
238873,CHPD,B&E    LARCENY F/VEHICLE,1505 E FRANKLIN ST,CHAPEL HILL,NC,27514,1741680720000,1741642200000,1741680720000,THEFT/LARCENY,HOTEL/MOTEL/ETC.,,,67,W,M,35.93056107,-79.03445435,112698,POINT (-79.03445435 35.93056107)
238955,CHPD,B&E    LARCENY F/VEHICLE,1813 FORDHAM BLVD,CHAPEL HILL,NC,27514,1741814760000,1741810500000,1741814400000,THEFT/LARCENY,PARKING/DROP LOT/GARAGE,,,,,,35.94655609,-79.01055145,112703,POINT (-79.01055145 35.94655609)
238906,CHPD,B&E    LARCENY F/VEHICLE,300 MARKET ST,CHAPEL HILL,NC,27516,1741732740000,1741684800000,1741732740000,THEFT/LARCENY,PARKING/DROP LOT/GARAGE,,NONE,41,W,F,35.88051605,-79.06500244,112708,POINT (-79.06500244 35.88051605)
238913,CHPD,B&E    LARCENY F/VEHICLE,1505 E FRANKLIN ST,CHAPEL HILL,NC,27514,1741763340000,1741716000000,1741763340000,THEFT/LARCENY,PARKING/DROP LOT/GARAGE,,UNKNOWN,27,W,F,35.93056107,-79.03445435,112713,POINT (-79.03445435 35.93056107)
238973,CHPD,B&E    LARCENY F/VEHICLE,100 ABERDEEN DR,CHAPEL HILL,NC,27516,1741864200000,1741784400000,1741852800000,MISC OFFICER IN,HIGHWAY/ROAD/ALLEY/STREET/SIDEWALK,,NONE,25,W,F,35.88169098,-79.06468201,112723,POINT (-79.06468201 35.88169098)
239133,CHPD,B&E    LARCENY F/VEHICLE,101 DUNCAN CT,CHAPEL HILL,NC,27514,1742308980000,1742234400000,1742290200000,THEFT/LARCENY,RESIDENCE/HOME,,UNKNOWN,39,B,M,35.94602203,-79.0191803,112728,POINT (-79.0191803 35.94602203)
238915,CHPD,B&E    LARCENY F/VEHICLE,231 S ESTES DR,CHAPEL HILL,NC,27514,1741786200000,1741719600000,1741765560000,THEFT/LARCENY,PARKING/DROP LOT/GARAGE,,UNKNOWN,48,W,M,35.92594147,-79.02708435,112733,POINT (-79.02708435 35.92594147)
239552,CHPD,B&E    LARCENY F/VEHICLE,1801 FORDHAM BLVD,CHAPEL HILL,NC,27514,1743231960000,1743231300000,1743231960000,THEFT/LARCENY,DEPARTMENT DISCOUNT STORE,N,,29,W,M,35.94783401,-79.01280975,112738,POINT (-79.01280975 35.94783401)
239397,CHPD,B&E    LARCENY F/VEHICLE,88 VILCOM CENTER DR,CHAPEL HILL,NC,27514,1742917200000,1742913600000,1742917200000,THEFT/LARCENY,PARKING/DROP LOT/GARAGE,,UNKNOWN,,W,M,35.96533585,-79.05226135,112748,POINT (-79.05226135 35.96533585)
239738,CHPD,B&E    LARCENY F/VEHICLE,110 MELVILLE LOOP,CHAPEL HILL,NC,27514,1743673560000,1743616800000,1743668400000,MISC OFFICER IN,PARKING/DROP LOT/GARAGE,N,NONE,33,W,F,35.94795227,-79.01757813,112758,POINT (-79.01757813 35.94795227)
239837,CHPD,B&E    LARCENY F/VEHICLE,1749 DOBBINS DR,CHAPEL HILL,NC,27514,1743911820000,1743911820000,1743911820000,THEFT/LARCENY,SERVICE/GAS STATION,,,23,W,F,35.94568253,-79.01450348,112763,POINT (-79.01450348 35.94568253)
239744,CHPD,B&E    LARCENY F/VEHICLE,4204 DREW HILL LN,CHAPEL HILL,NC,27514,1743676920000,1743624000000,1743670800000,THEFT/LARCENY,PARKING/DROP LOT/GARAGE,N,NONE,61,A,M,35.95269775,-79.00925446,112772,POINT (-79.00925446 35.95269775)
239991,CHPD,B&E    LARCENY F/VEHICLE,1 COBB TER,CHAPEL HILL,NC,27514,1744290240000,1744146000000,1744192800000,MISC OFFICER IN,RESIDENCE/HOME,N,NONE,53,W,F,35.91705704,-79.05381775,112777,POINT (-79.05381775 35.91705704)
244113,CHPD,ATT LARCENY FROM MOTOR VEHICLE,1720 E FRANKLIN ST,CHAPEL HILL,NC,27514,1755017400000,1755017340000,1755017400000,THEFT/LARCENY,RESIDENCE/HOME,N,NONE,21,W,M,35.93626404,-79.02655792,112780,POINT (-79.02655792 35.93626404)
240255,CHPD,B&E    LARCENY F/VEHICLE,306 PALAFOX DR,CHAPEL HILL,NC,27516,1744881720000,1744840800000,1744876800000,THEFT/LARCENY,RESIDENCE/HOME,N,NONE,46,B,M,35.96168518,-79.06421661,112782,POINT (-79.06421661 35.96168518)
240530,CHPD,B&E    LARCENY F/VEHICLE,101 YORK PL,CHAPEL HILL,NC,27517,1745502540000,1745501700000,1745502300000,THEFT/LARCENY,RESIDENCE/HOME,N,UNKNOWN,25,W,M,35.93159485,-79.00778198,112787,POINT (-79.00778198 35.93159485)
239240,CHPD,ATTEMPT TO LOCATE STOLEN VEHICLE,130 S ESTES DR,CHAPEL HILL,NC,27514,1742572140000,1742571900000,1742572140000,INFO MESSAGE,PARKING/DROP LOT/GARAGE,,,,,,35.92691803,-79.03079987,112790,POINT (-79.03079987 35.92691803)
239162,CHPD,B&E    LARCENY F/VEHICLE,3690 S COLUMBIA ST,CHAPEL HILL,NC,27516,1742374560000,1742322600000,1742374500000,THEFT/LARCENY,PARKING/DROP LOT/GARAGE,,NONE,40,A,M,35.88105774,-79.0627594,112792,POINT (-79.0627594 35.88105774)
240533,CHPD,B&E    LARCENY F/VEHICLE,217 LANCASTER DR,CHAPEL HILL,NC,27517,1745503680000,1745499600000,1745500800000,THEFT/LARCENY,HIGHWAY/ROAD/ALLEY/STREET/SIDEWALK,N,UNKNOWN,32,W,F,35.91981506,-79.00479126,112796,POINT (-79.00479126 35.91981506)
240267,CHPD,B&E    LARCENY F/VEHICLE,106 NOBLE ST,CHAPEL HILL,NC,27516,1744895640000,1744815600000,1744894800000,MISC OFFICER IN,RESIDENCE/HOME,N,NONE,,W,F,35.91748428,-79.05921173,112798,POINT (-79.05921173 35.91748428)
240787,CHPD,B&E    LARCENY F/VEHICLE,103 LANCASTER DR,CHAPEL HILL,NC,27517,1746111600000,1746109380000,1746111600000,THEFT/LARCENY,OTHER/UNKNOWN,N,,72,W,F,35.92127228,-79.00852966,112801,POINT (-79.00852966 35.92127228)
241005,CHPD,B&E    LARCENY F/VEHICLE,203 BARKSDALE DR,CHAPEL HILL,NC,27516,1746553080000,1746547200000,1746553080000,THEFT/LARCENY,RESIDENCE/HOME,,NONE,,U,M,35.88193512,-79.0629425,112806,POINT (-79.0629425 35.88193512)
240945,CHPD,B&E    LARCENY F/VEHICLE,100 COPPERLINE DR,CHAPEL HILL,NC,27516,1746454860000,1746378000000,1746446400000,THEFT/LARCENY,PARKING/DROP LOT/GARAGE,Y,NONE,57,W,M,35.88102341,-79.06376648,112811,POINT (-79.06376648 35.88102341)
240890,CHPD,B&E    LARCENY F/VEHICLE,143 W FRANKLIN ST,CHAPEL HILL,NC,27516,1746312240000,1746311400000,1746311700000,THEFT/LARCENY,HIGHWAY/ROAD/ALLEY/STREET/SIDEWALK,N,NONE,20,I,M,35.91197968,-79.05826569,112812,POINT (-79.05826569 35.91197968)
241160,CHPD,B&E    LARCENY F/VEHICLE,205 CONNER DR,CHAPEL HILL,NC,27514,1746885660000,1746838800000,1746864000000,THEFT/LARCENY,RESIDENCE/HOME,,,24,W,F,35.93153,-79.03175354,112813,POINT (-79.03175354 35.93153)
241446,CHPD,B&E    LARCENY F/VEHICLE,1801 FORDHAM BLVD,CHAPEL HILL,NC,27514,1747672320000,1747672320000,1747672320000,THEFT/LARCENY,PARKING/DROP LOT/GARAGE,N,NONE,37,W,M,35.94783401,-79.01280975,112814,POINT (-79.01280975 35.94783401)
241201,CHPD,B&E    LARCENY F/VEHICLE,203 CONNER DR,CHAPEL HILL,NC,27514,1746990600000,1746916200000,1746990600000,THEFT/LARCENY,RESIDENCE/HOME,Y,NONE,31,U,M,35.93108749,-79.03156281,112817,POINT (-79.03156281 35.93108749)
241463,CHPD,B&E    LARCENY F/VEHICLE,107 NOTTINGHAM DR,CHAPEL HILL,NC,27517,1747750560000,1747748880000,1747750560000,THEFT/LARCENY,HIGHWAY/ROAD/ALLEY/STREET/SIDEWALK,N,,51,W,M,35.93161392,-79.00589752,112823,POINT (-79.00589752 35.93161392)
240852,CHPD,B&E    LARCENY F/VEHICLE,3690 S COLUMBIA ST,CHAPEL HILL,NC,27516,1746240240000,1746229200000,1746240240000,THEFT/LARCENY,HOTEL/MOTEL/ETC.,,NONE,20,W,M,35.88105774,-79.0627594,112828,POINT (-79.0627594 35.88105774)
241544,CHPD,B&E    LARCENY F/VEHICLE,411 W FRANKLIN ST,CHAPEL HILL,NC,27516,1747948500000,1747945800000,1747948500000,THEFT/LARCENY,HIGHWAY/ROAD/ALLEY/STREET/SIDEWALK,Y,,32,W,M,35.91068268,-79.06153107,112839,POINT (-79.06153107 35.91068268)
241709,CHPD,B&E    LARCENY F/VEHICLE,1044 N HERITAGE CIR,CHAPEL HILL,NC,27516,1748477520000,1748455200000,1748477460000,THEFT/LARCENY,PARKING/DROP LOT/GARAGE,Y,NONE,20,B,M,35.94818497,-79.06145477,112845,POINT (-79.06145477 35.94818497)
241708,CHPD,B&E    LARCENY F/VEHICLE,201 S ESTES DR,CHAPEL HILL,NC,27514,1748472240000,1748465400000,1748472180000,THEFT/LARCENY,PARKING/DROP LOT/GARAGE,Y,NONE,29,W,M,35.92786026,-79.02971649,112851,POINT (-79.02971649 35.92786026)
241707,CHPD,B&E    LARCENY F/VEHICLE,300 S HERITAGE LOOP,CHAPEL HILL,NC,27516,1748477220000,1748470500000,1748476800000,THEFT/LARCENY,PARKING/DROP LOT/GARAGE,Y,,25,U,M,35.94662094,-79.06097412,112856,POINT (-79.06097412 35.94662094)
241920,CHPD,B&E    LARCENY F/VEHICLE,103 LANCASTER DR,CHAPEL HILL,NC,27517,1748985540000,1748984400000,1748985540000,THEFT/LARCENY,PARKING/DROP LOT/GARAGE,,NONE,56,W,M,35.92127228,-79.00852966,112859,POINT (-79.00852966 35.92127228)
241865,CHPD,B&E    LARCENY F/VEHICLE,305 OAKLAND LN,CHAPEL HILL,NC,27516,1748863080000,1748802600000,1748858400000,THEFT/LARCENY,PARKING/DROP LOT/GARAGE,,UNKNOWN,53,W,F,35.9216423,-79.0692215,112861,POINT (-79.0692215 35.9216423)
241961,CHPD,B&E    LARCENY F/VEHICLE,103 LANCASTER DR,CHAPEL HILL,NC,27517,1749087300000,1741117800000,1741122000000,THEFT/LARCENY,PARKING/DROP LOT/GARAGE,,NONE,56,W,M,35.92127228,-79.00852966,112865,POINT (-79.00852966 35.92127228)
242131,CHPD,B&E    LARCENY F/VEHICLE,900 WILLOW DR,CHAPEL HILL,NC,27514,1749627720000,1749591000000,1749627720000,THEFT/LARCENY,PARKING/DROP LOT/GARAGE,,NONE,21,W,F,35.92894363,-79.02894592,112868,POINT (-79.02894592 35.92894363)
242029,CHPD,B&E    LARCENY F/VEHICLE,204 JAY ST,CHAPEL HILL,NC,27516,1749303120000,1749049200000,1749303120000,ADMINISTRATIVE,RESIDENCE/HOME,,NONE,22,A,F,35.9196167,-79.06671906,112871,POINT (-79.06671906 35.9196167)
242342,CHPD,B&E    LARCENY F/VEHICLE,213 MITCHELL LN,CHAPEL HILL,NC,27516,1750152840000,1750026600000,1750068000000,THEFT/LARCENY,HIGHWAY/ROAD/ALLEY/STREET/SIDEWALK,N,NONE,22,W,M,35.91245651,-79.06328583,112874,POINT (-79.06328583 35.91245651)
242306,CHPD,B&E    LARCENY F/VEHICLE,213 MITCHELL LN,CHAPEL HILL,NC,27516,1750071300000,1750028400000,1750069800000,THEFT/LARCENY,RESIDENCE/HOME,,,22,W,M,35.91245651,-79.06328583,112876,POINT (-79.06328583 35.91245651)
241999,CHPD,B&E    LARCENY F/VEHICLE,201 S ESTES DR,CHAPEL HILL,NC,27514,1749216720000,1749159000000,1749213600000,MISC OFFICER IN,SPECIALTY/STORE,,NONE,22,W,F,35.92786026,-79.02971649,112879,POINT (-79.02971649 35.92786026)
242444,CHPD,B&E    LARCENY F/VEHICLE,317 NOTTINGHAM DR,CHAPEL HILL,NC,27517,1750502880000,1750437300000,1750502880000,THEFT/LARCENY,HIGHWAY/ROAD/ALLEY/STREET/SIDEWALK,,,27,W,M,35.92512894,-79.00004578,112881,POINT (-79.00004578 35.92512894)
238779,CHPD,B&E TO VEHICLE,214 W ROSEMARY ST,CHAPEL HILL,NC,27516,1741428720000,1741375800000,1741428720000,THEFT/LARCENY,HOTEL/MOTEL/ETC.,,NONE,48,W,M,35.91353607,-79.05835724,112882,POINT (-79.05835724 35.91353607)
242720,CHPD,B&E    LARCENY F/VEHICLE,232 BUTLER CT,CHAPEL HILL,NC,27514,1751186280000,1751137200000,1751184000000,THEFT/LARCENY,PARKING/DROP LOT/GARAGE,,UNKNOWN,25,W,M,35.94091034,-79.02483368,112883,POINT (-79.02483368 35.94091034)
240253,CHPD,B&E TO VEHICLE,208 GLADE ST,CHAPEL HILL,NC,27516,1744882080000,1744831800000,1744876200000,THEFT/LARCENY,RESIDENCE/HOME,N,,36,W,F,35.88707352,-79.07276917,112884,POINT (-79.07276917 35.88707352)
242574,CHPD,B&E    LARCENY F/VEHICLE,317 LINDSAY ST,CHAPEL HILL,NC,27516,1750778040000,1750629600000,1750676400000,THEFT/LARCENY,PARKING/DROP LOT/GARAGE,Y,UNKNOWN,20,W,M,35.91407776,-79.06095123,112885,POINT (-79.06095123 35.91407776)
238777,CHPD,B&E TO VEHICLES,1001 S HAMILTON RD,CHAPEL HILL,NC,27517,1741420020000,1741363200000,1741419600000,THEFT/LARCENY,HOTEL/MOTEL/ETC.,,NONE,58,W,M,35.90759277,-79.02336121,112886,POINT (-79.02336121 35.90759277)
242757,CHPD,B&E    LARCENY F/VEHICLE,107 SUMAC RD,CHAPEL HILL,NC,27516,1751295360000,1751275800000,1751295360000,THEFT/LARCENY,PARKING/DROP LOT/GARAGE,,,27,B,M,,,112887,
242957,CHPD,B&E    LARCENY F/VEHICLE,940 CARMICHAEL ST,CHAPEL HILL,NC,27514,1751757600000,1751736960000,1751739600000,THEFT/LARCENY,PARKING/DROP LOT/GARAGE,Y,NONE,64,W,M,35.9045639,-79.03205109,112889,POINT (-79.03205109 35.9045639)
239320,CHPD,B&E TO VEHICLE,3690 S COLUMBIA ST,CHAPEL HILL,NC,27516,1742804760000,1742756400000,1742804400000,THEFT/LARCENY,HOTEL/MOTEL/ETC.,,,74,W,M,35.88105774,-79.0627594,112890,POINT (-79.0627594 35.88105774)
242731,CHPD,B&E    LARCENY F/VEHICLE,201 S ESTES DR,CHAPEL HILL,NC,27514,1751227980000,1751223000000,1751227980000,MISC OFFICER IN,PARKING/DROP LOT/GARAGE,,BLUNT OBJECT,25,W,M,35.92786026,-79.02971649,112891,POINT (-79.02971649 35.92786026)
242357,CHPD,B&E    LARCENY F/VEHICLE,875 MARTIN LUTHER KING JR BLVD,CHAPEL HILL,NC,27516,1750181700000,1750175100000,1750181700000,SUSPICIOUS/WANT,RESIDENCE/HOME,,NONE,53,U,M,35.92859268,-79.05472565,112893,POINT (-79.05472565 35.92859268)
243059,CHPD,B&E    LARCENY F/VEHICLE,512 IRONWOODS DR,CHAPEL HILL,NC,27516,1752075840000,1751990400000,1752075600000,MISC OFFICER IN,RESIDENCE/HOME,N,NONE,37,W,F,35.92804337,-79.06874084,112895,POINT (-79.06874084 35.92804337)
243043,CHPD,B&E    LARCENY F/VEHICLE,1000 DOGWOOD ACRES DR,CHAPEL HILL,NC,27516,1752008400000,1752006600000,1752008400000,THEFT/LARCENY,PARKING/DROP LOT/GARAGE,N,NONE,59,W,F,35.87242508,-79.06919098,112897,POINT (-79.06919098 35.87242508)
243047,CHPD,B&E    LARCENY F/VEHICLE,1000 DOGWOOD ACRES DR,CHAPEL HILL,NC,27516,1752051360000,1751995800000,1752006600000,THEFT/LARCENY,HIGHWAY/ROAD/ALLEY/STREET/SIDEWALK,,NONE,37,W,F,35.87242508,-79.06919098,112899,POINT (-79.06919098 35.87242508)
243246,CHPD,B&E    LARCENY F/VEHICLE,501 EASTOWNE DR,CHAPEL HILL,NC,27514,1752598620000,1752588000000,1752597600000,THEFT/LARCENY,PARKING/DROP LOT/GARAGE,Y,NONE,19,W,F,35.95090866,-79.00805664,112901,POINT (-79.00805664 35.95090866)
243278,CHPD,B&E    LARCENY F/VEHICLE,210 ANDREWS LN,CHAPEL HILL,NC,27516,1752678300000,1752608400000,1752678300000,FRAUD OR DECEPT,PARKING/DROP LOT/GARAGE,N,NONE,19,W,F,35.91344452,-79.06063843,112903,POINT (-79.06063843 35.91344452)
243076,CHPD,B&E    LARCENY F/VEHICLE,404 COTTON ST,CHAPEL HILL,NC,27516,1752104760000,1752093000000,1752103800000,THEFT/LARCENY,PARKING/DROP LOT/GARAGE,N,NONE,20,W,F,35.91434479,-79.06173706,112905,POINT (-79.06173706 35.91434479)
243325,CHPD,B&E    LARCENY F/VEHICLE,424 RIDGECREST DR,CHAPEL HILL,NC,27514,1752774300000,1752759000000,1752769800000,THEFT/LARCENY,RESIDENCE/HOME,,,57,W,M,35.94353104,-79.03340912,112908,POINT (-79.03340912 35.94353104)
238835,CHPD,CREDIT CARD FRAUD,134 SCHULTZ ST,CHAPEL HILL,NC,27514,1741596960000,1741428000000,1741557600000,MISC OFFICER IN,CYBERSPACE,,NONE,,B,M,35.96537018,-79.0472641,113004,POINT (-79.0472641 35.96537018)
240717,CHPD,CREDIT CARD FRAUD,200 WESTMINSTER DR,CHAPEL HILL,NC,27514,1745922180000,1745668800000,1745917200000,FRAUD OR DECEPT,CYBERSPACE,,NONE,35,B,F,35.96152496,-79.05519867,113005,POINT (-79.05519867 35.96152496)
237451,CHPD,CREDIT CARD FRAUD,1603 OLD OXFORD RD,CHAPEL HILL,NC,27514,1738143660000,1736337600000,1738087200000,MISC OFFICER IN,CYBERSPACE,,NONE,,W,F,35.93696213,-79.03127289,113006,POINT (-79.03127289 35.93696213)
242634,CHPD,CREDIT CARD FRAUD,1720 FORDHAM BLVD,CHAPEL HILL,NC,27514,1750935000000,1749757920000,1749758400000,MISC OFFICER IN,GROCERY/SUPERMARKET,,NONE,,,,35.93694305,-79.02210236,113007,POINT (-79.02210236 35.93694305)
243339,CHPD,CREDIT CARD FRAUD,425 HILLSBOROUGH ST,CHAPEL HILL,NC,27514,1752833340000,1749532680000,1749556800000,MISC OFFICER IN,CYBERSPACE,,NONE,20,A,F,35.92021561,-79.05192566,113008,POINT (-79.05192566 35.92021561)
245833,CHPD,CREDIT CARD FRAUD,120 LANCASTER DR,CHAPEL HILL,NC,27517,1759133400000,1758542400000,1758974400000,MISC OFFICER IN,CYBERSPACE,,NONE,30,W,M,35.91971588,-79.00694275,113009,POINT (-79.00694275 35.91971588)
243764,CHPD,CREDIT CARD FRAUD,710 MARKET ST,CHAPEL HILL,NC,27516,1753971180000,1753747200000,1753956900000,FRAUD OR DECEPT,CYBERSPACE,,,,,,35.8805275,-79.06616974,113010,POINT (-79.06616974 35.8805275)
245110,CHPD,CREDIT CARD FRAUD,9115 SEAWELL SCHOOL RD,CHAPEL HILL,NC,27516,1757419680000,1757073600000,1757415600000,FRAUD OR DECEPT,CYBERSPACE,,NONE,31,W,F,35.94085312,-79.07868958,113011,POINT (-79.07868958 35.94085312)
244726,CHPD,CREDIT CARD/ATM FRAUD,1720 FORDHAM BLVD,CHAPEL HILL,NC,27514,1756568400000,1756565400000,1756568400000,FRAUD OR DECEPT,CYBERSPACE,,NONE,69,W,M,35.93694305,-79.02210236,113012,POINT (-79.02210236 35.93694305)
241359,CHPD,CREDIT CARD/ATM FRAUD,450 W FRANKLIN ST,CHAPEL HILL,NC,27514,1747400640000,1747307040000,1747400640000,THEFT/LARCENY,SPECIALTY/STORE,,,32,W,F,35.910923,-79.0625,113016,POINT (-79.0625 35.910923)
243248,CHPD,DAMAGE TO VEHICLE,206 W FRANKLIN ST@MALLETTE ST,CHAPEL HILL,NC,27516,1752604260000,1751832000000,1751832000000,MISC OFFICER IN,HIGHWAY/ROAD/ALLEY/STREET/SIDEWALK,N,NONE,44,A,M,35.9118042,-79.05951691,113097,POINT (-79.05951691 35.9118042)
245522,CHPD,DAMAGE TO VEHICLE,W ROSEMARY ST@N COLUMBIA ST,CHAPEL HILL,NC,27516,1758379920000,1758379680000,1758379920000,VEHICLE FIRE,PARKING/DROP LOT/GARAGE,,NONE,27,W,M,35.9140892,-79.05635071,113100,POINT (-79.05635071 35.9140892)
242678,CHPD,FICT/ALT TITLE/REG CARD/TAG,313 N ESTES DR,CHAPEL HILL,NC,27514,1751068440000,1751068440000,1751068440000,TRAFFIC STOP,HIGHWAY/ROAD/ALLEY/STREET/SIDEWALK,,NONE,,,,35.9324646,-79.04071045,113336,POINT (-79.04071045 35.9324646)
237366,CHPD,DEBIT CARD FRAUD,1800 MARTIN LUTHER KING JR BLVD,CHAPEL HILL,NC,27514,1737972360000,1737898740000,1737898740000,MISC OFFICER IN,GROCERY/SUPERMARKET,,NONE,69,B,F,35.96829224,-79.05865479,113524,POINT (-79.05865479 35.96829224)
243485,CHPD,DOG LEFT IN VEHICLE,2701 HOMESTEAD RD,CHAPEL HILL,NC,27516,1753235820000,1753235820000,1753235820000,MISC OFFICER IN,,,,,,,35.94963837,-79.05986786,113551,POINT (-79.05986786 35.94963837)
240661,CHPD,EMBEZZLEMENT- COMPANY CARD,1229 E FRANKLIN ST,CHAPEL HILL,NC,27514,1745839200000,1737460800000,1744718400000,MISC OFFICER IN,CYBERSPACE,,NONE,,,,35.92712021,-79.03636932,113875,POINT (-79.03636932 35.92712021)
237419,CHPD,GIFT CARD FRAUD,201 S ELLIOTT RD,CHAPEL HILL,NC,27514,1738062660000,1738062000000,1738062660000,FRAUD OR DECEPT,CYBERSPACE,,,20,A,M,35.93317413,-79.02710724,114079,POINT (-79.02710724 35.93317413)
240574,CHPD,FOUND SOCIAL SECURITY CARD,143 W FRANKLIN ST,CHAPEL HILL,NC,27516,1745593380000,1745592000000,1745592000000,MISC OFFICER IN,HIGHWAY/ROAD/ALLEY/STREET/SIDEWALK,,NONE,,U,M,35.91197968,-79.05826569,114181,POINT (-79.05826569 35.91197968)
243616,CHPD,IPV VEHICLE,108 HENDERSON ST,CHAPEL HILL,NC,27514,1753560600000,1753547400000,1753560600000,TRAFFIC VIOLATI,,,,,,,35.91486359,-79.05290985,114219,POINT (-79.05290985 35.91486359)
240830,CHPD,FOUND CAR KEYS,214 PITTSBORO ST,CHAPEL HILL,NC,27516,1746200220000,1746100800000,1746196680000,MISC OFFICER IN,HIGHWAY/ROAD/ALLEY/STREET/SIDEWALK,,NONE,,,,35.90921021,-79.05537415,114343,POINT (-79.05537415 35.90921021)
243201,CHPD,LARCENY OF CARPETS,1322 FORDHAM BLVD,CHAPEL HILL,NC,27514,1752491100000,1751972700000,1752491100000,THEFT/LARCENY,PARKING/DROP LOT/GARAGE,,UNKNOWN,,,,35.93489075,-79.02420044,114376,POINT (-79.02420044 35.93489075)
236980,CHPD,LARCENY FROM MOTOR VEHICLE,XX,CHAPEL HILL,NC,27514,1736935860000,1736935200000,1736935200000,THEFT/LARCENY,PARKING/DROP LOT/GARAGE,N,NONE,47,W,F,,-79.07535731,114394,
237122,CHPD,LARCENY FROM MOTOR VEHICLE,1136 PINEHURST DR,CHAPEL HILL,NC,27517,1737384120000,1737377100000,1737381600000,THEFT/LARCENY,HIGHWAY/ROAD/ALLEY/STREET/SIDEWALK,N,UNKNOWN,27,W,M,35.90967941,-79.0170517,114400,POINT (-79.0170517 35.90967941)
238928,CHPD,LARCENY FROM MOTOR VEHICLE,1712 MICHAUX RD,CHAPEL HILL,NC,27514,1741783080000,1741003200000,1741111200000,MISC OFFICER IN,RESIDENCE/HOME,,NONE,42,W,F,35.93830109,-79.03627777,114412,POINT (-79.03627777 35.93830109)
238203,CHPD,LARCENY FROM MOTOR VEHICLE,201 S ESTES DR,CHAPEL HILL,NC,27514,1739919780000,1739912400000,1739919600000,THEFT/LARCENY,PARKING/DROP LOT/GARAGE,Y,,19,W,F,35.92786026,-79.02971649,114418,POINT (-79.02971649 35.92786026)
237074,CHPD,LARCENY FROM MOTOR VEHICLE,507 COLONY WOODS DR,CHAPEL HILL,NC,27517,1737194160000,1737169200000,1737194160000,THEFT/LARCENY,RESIDENCE/HOME,,,28,W,M,35.93312073,-79.0017395,114424,POINT (-79.0017395 35.93312073)
239295,CHPD,LARCENY FROM MOTOR VEHICLE,1801 FORDHAM BLVD,CHAPEL HILL,NC,27514,1742737800000,1742727420000,1742737800000,THEFT/LARCENY,PARKING/DROP LOT/GARAGE,,NONE,51,W,M,35.94783401,-79.01280975,114430,POINT (-79.01280975 35.94783401)
238609,CHPD,LARCENY FROM MOTOR VEHICLE,1081 NC 54,CHAPEL HILL,NC,27514,1740934800000,1740929400000,1740934800000,THEFT/LARCENY,PARKING/DROP LOT/GARAGE,,,50,W,F,35.89554977,-79.06314087,114435,POINT (-79.06314087 35.89554977)
239109,CHPD,LARCENY FROM MOTOR VEHICLE,122 MEADOWMONT VILLAGE CIR,CHAPEL HILL,NC,27517,1742280120000,1742148000000,1742279400000,THEFT/LARCENY,PARKING/DROP LOT/GARAGE,,UNKNOWN,34,W,F,35.90470505,-79.01029205,114441,POINT (-79.01029205 35.90470505)
239691,CHPD,LARCENY FROM MOTOR VEHICLE,112 COVINGTON DR,CHAPEL HILL,NC,27514,1743578940000,1743530400000,1743578340000,THEFT/LARCENY,RESIDENCE/HOME,,NONE,,B,F,35.95330048,-79.01734924,114447,POINT (-79.01734924 35.95330048)
239665,CHPD,LARCENY FROM MOTOR VEHICLE,350 CALDWELL ST,CHAPEL HILL,NC,27516,1743511860000,1743431400000,1743511860000,MISC OFFICER IN,SCHOOL-ELEMENTARY/SECONDARY,,,,,,35.9174881,-79.06330109,114453,POINT (-79.06330109 35.9174881)
240774,CHPD,LARCENY FROM MOTOR VEHICLE,129 NEW CASTLE DR,CHAPEL HILL,NC,27517,1746097980000,1746097800000,1746097980000,THEFT/LARCENY,HIGHWAY/ROAD/ALLEY/STREET/SIDEWALK,,UNKNOWN,,,,35.92380524,-79.00556946,114460,POINT (-79.00556946 35.92380524)
240927,CHPD,LARCENY FROM MOTOR VEHICLE,300 COPPERLINE DR,CHAPEL HILL,NC,27516,1746431700000,1746381600000,1746429900000,THEFT/LARCENY,HIGHWAY/ROAD/ALLEY/STREET/SIDEWALK,,,40,A,M,35.8819809,-79.06435394,114472,POINT (-79.06435394 35.8819809)
241697,CHPD,LARCENY FROM MOTOR VEHICLE,1129 WEAVER DAIRY RD,CHAPEL HILL,NC,27514,1748447880000,1748071800000,1748082600000,MISC OFFICER IN,HIGHWAY/ROAD/ALLEY/STREET/SIDEWALK,,NONE,,,,35.96219254,-79.05480194,114478,POINT (-79.05480194 35.96219254)
241353,CHPD,LARCENY FROM MOTOR VEHICLE,103 W STINSON ST,CHAPEL HILL,NC,27516,1747393080000,1747357200000,1747393080000,THEFT/LARCENY,RESIDENCE/HOME,,,23,W,F,35.91870117,-79.05980682,114483,POINT (-79.05980682 35.91870117)
242214,CHPD,LARCENY OF CREDIT CARD,1800 E FRANKLIN ST,CHAPEL HILL,NC,27514,1749827040000,1742493600000,1748692800000,MISC OFFICER IN,GROCERY/SUPERMARKET,,NONE,37,W,M,35.93658829,-79.025383,114486,POINT (-79.025383 35.93658829)
243100,CHPD,LARCENY FROM MOTOR VEHICLE,1511 VILLAGE CROSSING DR,CHAPEL HILL,NC,27517,1752225960000,1752168600000,1752225600000,THEFT/LARCENY,PARKING/DROP LOT/GARAGE,,NONE,,,,35.90375137,-79.00798798,114489,POINT (-79.00798798 35.90375137)
236754,CHPD,LARCENY OF CREDIT/DEBIT CARDS,XX,CHAPEL HILL,NC,27514,1736348400000,1736253600000,1736257320000,MISC OFFICER IN,SPECIALTY/STORE,,NONE,51,W,M,,-79.07535731,114492,
240678,CHPD,LARCENY FROM MOTOR VEHICLE,875 MARTIN LUTHER KING JR BLVD,CHAPEL HILL,NC,27516,1745854740000,1745641980000,1745643600000,MISC OFFICER IN,PARKING/DROP LOT/GARAGE,,NONE,56,W,M,35.92847443,-79.05501556,114495,POINT (-79.05501556 35.92847443)
236903,CHPD,LARCENY OF DEBIT CARD,XX,CHAPEL HILL,NC,27514,1736765520000,1736609400000,1736611200000,THEFT/LARCENY,RESIDENCE/HOME,,NONE,50,B,M,,-79.07535731,114498,
243240,CHPD,LARCENY FROM MOTOR VEHICLE,101 PROVIDENCE RD,CHAPEL HILL,NC,27514,1752592620000,1752588000000,1752591000000,THEFT/LARCENY,PARKING/DROP LOT/GARAGE,,NONE,55,W,M,35.95105743,-79.00727081,114501,POINT (-79.00727081 35.95105743)
238373,CHPD,LARCENY OF DEBIT CARD,1716 LEGION RD,CHAPEL HILL,NC,27517,1740387360000,1740052800000,1740225600000,MISC OFFICER IN,CYBERSPACE,,NONE,81,W,F,35.93935776,-79.01607513,114504,POINT (-79.01607513 35.93935776)
243269,CHPD,LARCENY FROM MOTOR VEHICLE,102 NORTHFIELD DR,CHAPEL HILL,NC,27516,1752669300000,1750764600000,1752601800000,THEFT/LARCENY,PARKING/DROP LOT/GARAGE,,NONE,31,B,F,35.94658279,-79.05957794,114509,POINT (-79.05957794 35.94658279)
240510,CHPD,LARCENY OF DEBIT CARD,150 E ROSEMARY ST,CHAPEL HILL,NC,27514,1745486100000,1745256600000,1745478000000,THEFT/LARCENY,PARKING/DROP LOT/GARAGE,,NONE,22,W,M,35.91466522,-79.05413818,114511,POINT (-79.05413818 35.91466522)
243210,CHPD,LARCENY FROM MOTOR VEHICLE,320 MCMASTERS ST,CHAPEL HILL,NC,27516,1752515940000,1752341400000,1752515940000,THEFT/LARCENY,RESIDENCE/HOME,,,22,B,F,35.91824722,-79.06387329,114515,POINT (-79.06387329 35.91824722)
245843,CHPD,LARCENY OF DEBIT CARD,303 W FRANKLIN ST,CHAPEL HILL,NC,27516,1759146180000,1758845700000,1759003200000,MISC OFFICER IN,RESTAURANT,,NONE,21,W,F,35.91130066,-79.05969238,114516,POINT (-79.05969238 35.91130066)
243429,CHPD,LARCENY FROM MOTOR VEHICLE,100 AQUATIC DR,CHAPEL HILL,NC,27516,1753118640000,1753114800000,1753117500000,THEFT/LARCENY,PARKING/DROP LOT/GARAGE,Y,UNKNOWN,64,W,M,35.95592117,-79.06490326,114525,POINT (-79.06490326 35.95592117)
243272,CHPD,LARCENY FROM MOTOR VEHICLE,708 MARTIN LUTHER KING JR BLVD,CHAPEL HILL,NC,27514,1752674580000,1752177600000,1752321600000,MISC OFFICER IN,PARKING/DROP LOT/GARAGE,,NONE,58,W,F,35.92178345,-79.05406952,114531,POINT (-79.05406952 35.92178345)
243275,CHPD,LARCENY FROM MOTOR VEHICLE,194 FINLEY GOLF COURSE RD,CHAPEL HILL,NC,27517,1752675120000,1752675120000,1752675120000,THEFT/LARCENY,HIGHWAY/ROAD/ALLEY/STREET/SIDEWALK,,NONE,53,W,M,35.90501022,-79.0196991,114536,POINT (-79.0196991 35.90501022)
244937,CHPD,LARCENY FROM MOTOR VEHICLE,828 MARTIN LUTHER KING JR BLVD,CHAPEL HILL,NC,27514,1757005500000,1757003340000,1757005500000,MISC OFFICER IN,PARKING/DROP LOT/GARAGE,,NONE,63,W,M,35.92695999,-79.05294037,114557,POINT (-79.05294037 35.92695999)
245434,CHPD,LARCENY FROM MOTOR VEHICLE,1810 FORDHAM BLVD,CHAPEL HILL,NC,27517,1758184200000,1757601000000,1757601240000,MISC OFFICER IN,PARKING/DROP LOT/GARAGE,,NONE,,,,35.94489288,-79.00939178,114564,POINT (-79.00939178 35.94489288)
245743,CHPD,INFORMATION ABOUT VEHICLE,828 SYKES ST,CHAPEL HILL,NC,27514,1758897000000,1758790800000,1758790800000,ADMINISTRATIVE,HIGHWAY/ROAD/ALLEY/STREET/SIDEWALK,,NONE,61,B,M,,,114749,
239922,CHPD,IDENTITY THEFT / FRAUD CARDS,1848 MARTIN LUTHER KING JR BLVD,CHAPEL HILL,NC,27514,1744139220000,1744138800000,1744139220000,FRAUD OR DECEPT,SPECIALTY/STORE,,,,,,35.96743393,-79.05886078,114908,POINT (-79.05886078 35.96743393)
244479,CHPD,ILLEGALLY/IMPROPER PARKED VEHICLES,1 DOGWOOD ACRES DR@US 15 501 ST S,CHAPEL HILL,NC,27516,1755958560000,1755953520000,1755954000000,TRAFFIC VIOLATI,,,,,,,35.8731308,-79.06673431,114945,POINT (-79.06673431 35.8731308)
238745,CHPD,LOST CREDIT CARD,450 S ELLIOTT RD,CHAPEL HILL,NC,27514,1741334820000,1741288500000,1741288560000,MISC OFFICER IN,PARKING/DROP LOT/GARAGE,,NONE,24,W,M,35.93213654,-79.02535248,115074,POINT (-79.02535248 35.93213654)
241661,CHPD,LOST ID CARD,828 MARTIN LUTHER KING JR BLVD,CHAPEL HILL,NC,27514,1748363100000,1741780800000,1747054800000,MISC OFFICER IN,CONVENIENCE STORE,,NONE,21,B,F,35.92695999,-79.05294037,115078,POINT (-79.05294037 35.92695999)
238844,CHPD,LOST STATE ID CARD,143 W FRANKLIN ST,CHAPEL HILL,NC,27516,1741615620000,1739196000000,1739199600000,ADMINISTRATIVE,HIGHWAY/ROAD/ALLEY/STREET/SIDEWALK,,NONE,19,B,F,35.91197968,-79.05826569,115108,POINT (-79.05826569 35.91197968)
243640,CHPD,LOST VEHICLE,800 S MERRITT MILL RD,CHAPEL HILL,NC,27516,1753645680000,1753560000000,1753576200000,ADMINISTRATIVE,PARKING/DROP LOT/GARAGE,,,55,B,M,35.90192795,-79.06938934,115112,POINT (-79.06938934 35.90192795)
244267,CHPD,LOUD MUSIC FROM VEHICLE,106 HAMILTON RD,CHAPEL HILL,NC,27517,1755400740000,1755400680000,1755400740000,DISTURBANCE/NUI,HIGHWAY/ROAD/ALLEY/STREET/SIDEWALK,N,NONE,,,,35.91266251,-79.02310181,115155,POINT (-79.02310181 35.91266251)
244583,CHPD,POSSESSING STOLEN VEHICLE,1200 MARTIN LUTHER KING JR BLVD,CHAPEL HILL,NC,27514,1756199760000,1756199760000,1756199760000,TRAFFIC STOP,HIGHWAY/ROAD/ALLEY/STREET/SIDEWALK,N,NONE,42,W,M,35.94627762,-79.05792236,115519,POINT (-79.05792236 35.94627762)
237885,CHPD,POSSESSION OF A STOLEN MOTORVEHICLE,1509 E FRANKLIN ST,CHAPEL HILL,NC,27514,1739179080000,1739179080000,1739179080000,MISC OFFICER IN,PARKING/DROP LOT/GARAGE,N,UNKNOWN,40,W,M,35.93127823,-79.03366089,115642,POINT (-79.03366089 35.93127823)
237615,CHPD,OTHER VEHICLE THEFT,113 CONNER DR,CHAPEL HILL,NC,27514,1738576440000,1738400400000,1738519200000,THEFT/LARCENY,PARKING/DROP LOT/GARAGE,,NONE,22,W,M,35.92928314,-79.03218842,115809,POINT (-79.03218842 35.92928314)
241488,CHPD,LOUD NOISE FROM VEHICLE,116 CELTIC CIR,CHAPEL HILL,NC,27516,1747822380000,1747731600000,1747731600000,MISC OFFICER IN,HIGHWAY/ROAD/ALLEY/STREET/SIDEWALK,,NONE,65,A,M,35.94804001,-79.08156586,115859,POINT (-79.08156586 35.94804001)
239773,CHPD,RECOVERED VEHICLE,510 EDWARDS DR,CHAPEL HILL,NC,27516,1743760020000,1743757440000,1743760020000,SUSPICIOUS/WANT,RESIDENCE/HOME,,,,,,35.91683197,-79.0647049,116105,POINT (-79.0647049 35.91683197)
236578,CHPD,SUSPICIOUS VEHICLE,1100 NC 54,CHAPEL HILL,NC,27516,1735786920000,1735786920000,1735786920000,SUSPICIOUS/WANT,,,,,,,35.89966965,-79.06690979,116121,POINT (-79.06690979 35.89966965)
236855,CHPD,SUSPICIOUS VEHICLE,XX,CHAPEL HILL,NC,27517,1736600880000,1736600760000,1736600880000,SUSPICIOUS/WANT,HIGHWAY/ROAD/ALLEY/STREET/SIDEWALK,N,NONE,,,,,-79.07535731,116131,
244011,CHPD,RECOVERY OF STOLEN VEHICLE,511 PRITCHARD AVE@NOBLE ST,CHAPEL HILL,NC,27516,1754707320000,1754707320000,1754707320000,MISC OFFICER IN,,,,54,W,F,35.91709137,-79.05958557,116138,POINT (-79.05958557 35.91709137)
236878,CHPD,SUSPICIOUS VEHICLE,XX,CHAPEL HILL,NC,27516,1736688000000,1736687400000,1736688000000,INFO MESSAGE,HIGHWAY/ROAD/ALLEY/STREET/SIDEWALK,,NONE,40,B,M,,-79.07535731,116143,
237129,CHPD,SUSPICIOUS VEHICLE,9217 SEAWELL SCHOOL RD,CHAPEL HILL,NC,27516,1737408360000,1737408360000,1737408360000,SUSPICIOUS/WANT,SCHOOL-ELEMENTARY/SECONDARY,,NONE,,,,35.93927002,-79.07658386,116149,POINT (-79.07658386 35.93927002)
237472,CHPD,SUSPICIOUS VEHICLE,323 ST THOMAS DR,CHAPEL HILL,NC,27517,1738187220000,1738187100000,1738187160000,SUSPICIOUS/WANT,HIGHWAY/ROAD/ALLEY/STREET/SIDEWALK,,NONE,,,,35.93767929,-79.00682068,116157,POINT (-79.00682068 35.93767929)
238094,CHPD,SUSP VEHICLE/CHECK WELLBEING,164 SUMMERWALK CIR,CHAPEL HILL,NC,27517,1739650620000,1739650200000,1739650620000,SUSPICIOUS/WANT,PARKING/DROP LOT/GARAGE,N,NONE,,B,F,35.8969841,-79.0100174,116184,POINT (-79.0100174 35.8969841)
237485,CHPD,SUSPICIOUS VEHICLE,20 FRANCES ST,CHAPEL HILL,NC,27517,1738233060000,1738231200000,1738231500000,MISC OFFICER IN,HIGHWAY/ROAD/ALLEY/STREET/SIDEWALK,,NONE,52,W,F,35.93218613,-79.02057648,116260,POINT (-79.02057648 35.93218613)
237535,CHPD,SUSPICIOUS VEHICLE,103 SAVANNAH TER,CHAPEL HILL,NC,27516,1738338540000,1738332480000,1738333920000,MISC OFFICER IN,HIGHWAY/ROAD/ALLEY/STREET/SIDEWALK,,NONE,45,W,F,35.9486351,-79.07414246,116268,POINT (-79.07414246 35.9486351)
238296,CHPD,SUSPICIOUS VEHICLE,108 TIMBER HOLLOW CT,CHAPEL HILL,NC,27514,1740192600000,1740192600000,1740192600000,SUSPICIOUS/WANT,,,,,,,35.94155884,-79.05434418,116275,POINT (-79.05434418 35.94155884)
237875,CHPD,REPOSSESSED CAR,509 MEADOWMONT LN,CHAPEL HILL,NC,27517,1739137080000,1739124000000,1739136600000,THEFT/LARCENY,RESIDENCE/HOME,,NONE,48,W,M,35.91306686,-79.00804901,116280,POINT (-79.00804901 35.91306686)
237919,CHPD,SUSPICIOUS VEHICLE,409 RIDGECREST DR,CHAPEL HILL,NC,27514,1739183640000,1739183100000,1739183640000,SUSPICIOUS/WANT,RESIDENCE/HOME,,NONE,74,W,M,35.9432373,-79.03203583,116281,POINT (-79.03203583 35.9432373)
238361,CHPD,SUSPICIOUS VEHICLE,107 SUMAC RD,CHAPEL HILL,NC,27517,1740350160000,1740350160000,1740350160000,MISC OFFICER IN,PARKING/DROP LOT/GARAGE,,NONE,,,,,,116289,
238315,CHPD,SUSPICIOUS VEHICLE,E LAKEVIEW DR@OLD DURHAM RD,DURHAM,NC,27707,1740223980000,1740223980000,1740223980000,TRAFFIC STOP,HIGHWAY/ROAD/ALLEY/STREET/SIDEWALK,N,NONE,,,,35.94473648,-79.00188446,116295,POINT (-79.00188446 35.94473648)
238353,CHPD,SUSPICIOUS VEHICLE,351 PITTSBORO ST@VANCE ST,CHAPEL HILL,NC,27516,1740333720000,1740331500000,1740332700000,TRAFFIC STOP,HIGHWAY/ROAD/ALLEY/STREET/SIDEWALK,,,,,,35.90673065,-79.05484009,116302,POINT (-79.05484009 35.90673065)
238619,CHPD,SUSPICIOUS VEHICLE,100 LANDING DR,CHAPEL HILL,NC,27514,1740989820000,1740853800000,1740854100000,MISC OFFICER IN,HIGHWAY/ROAD/ALLEY/STREET/SIDEWALK,,NONE,,A,M,35.96485519,-79.02505493,116308,POINT (-79.02505493 35.96485519)
238830,CHPD,SUSPICIOUS VEHICLE,100 TIMBER HOLLOW CT,CHAPEL HILL,NC,27514,1741579020000,1741578960000,1741579020000,SUSPICIOUS/WANT,PARKING/DROP LOT/GARAGE,,,,,,35.93995285,-79.05628967,116315,POINT (-79.05628967 35.93995285)
239112,CHPD,SUSPICIOUS VEHICLE,111 SILVER CEDAR CT,CHAPEL HILL,NC,27514,1742283180000,1742244300000,1742283000000,SUSPICIOUS/WANT,PARKING/DROP LOT/GARAGE,N,NONE,,,,35.96275711,-79.05002594,116321,POINT (-79.05002594 35.96275711)
239601,CHPD,SUSPICIOUS VEHICLE,107 TIMBER HOLLOW CT,CHAPEL HILL,NC,27514,1743387120000,1743357600000,1743387120000,MISC OFFICER IN,PARKING/DROP LOT/GARAGE,,,,W,M,35.94037247,-79.05467987,116322,POINT (-79.05467987 35.94037247)
239229,CHPD,SUSPICIOUS VEHICLE,409 W FRANKLIN ST,CHAPEL HILL,NC,27516,1742545980000,1742544000000,1742545980000,PUBLIC SERVICE,RESTAURANT,,NONE,,,,35.91086578,-79.06116486,116323,POINT (-79.06116486 35.91086578)
238888,CHPD,SUSPICIOUS VEHICLE,1 S ESTES DR@FORDHAM BLVD,CHAPEL HILL,NC,27517,1741696320000,1741695900000,1741696320000,SUSPICIOUS/WANT,HIGHWAY/ROAD/ALLEY/STREET/SIDEWALK,N,NONE,21,W,F,35.92514038,-79.02484894,116324,POINT (-79.02484894 35.92514038)
239657,CHPD,SUSPICIOUS VEHICLE,300 E FRANKLIN ST,CHAPEL HILL,NC,27514,1743507180000,1743506100000,1743506100000,MISC OFFICER IN,HIGHWAY/ROAD/ALLEY/STREET/SIDEWALK,N,UNKNOWN,,,,35.91514969,-79.05067444,116325,POINT (-79.05067444 35.91514969)
240564,CHPD,SUSPICIOUS VEHICLE,106 MALLETTE ST,CHAPEL HILL,NC,27516,1745577060000,1745576760000,1745577060000,SUSPICIOUS/WANT,PARKING/DROP LOT/GARAGE,,,,,,35.91130447,-79.05926514,116326,POINT (-79.05926514 35.91130447)
240891,CHPD,SUSPICIOUS VEHICLE,100 E ROSEMARY ST,CHAPEL HILL,NC,27514,1746321300000,1746320700000,1746321060000,TRAFFIC/TRANSPO,PARKING/DROP LOT/GARAGE,,NONE,,,,35.91402817,-79.05571747,116327,POINT (-79.05571747 35.91402817)
241587,CHPD,SUSPICIOUS VEHICLE,1749 DOBBINS DR,CHAPEL HILL,NC,27514,1748069760000,1748014860000,1748069760000,SUSPICIOUS/WANT,HIGHWAY/ROAD/ALLEY/STREET/SIDEWALK,,NONE,,,,35.94568253,-79.01450348,116328,POINT (-79.01450348 35.94568253)
240543,CHPD,SUSPICIOUS VEHICLE,405 MARTIN LUTHER KING JR BLVD,CHAPEL HILL,NC,27516,1745511840000,1745510400000,1745511840000,HARASSMENT/STAL,HIGHWAY/ROAD/ALLEY/STREET/SIDEWALK,,NONE,76,W,F,35.91653442,-79.05722046,116329,POINT (-79.05722046 35.91653442)
242120,CHPD,SUSPICIOUS VEHICLE,1201 RALEIGH RD,CHAPEL HILL,NC,27517,1749616860000,1749589200000,1749613500000,MVC W INJURY AB,PARKING/DROP LOT/GARAGE,,,,,,35.90914536,-79.02606201,116330,POINT (-79.02606201 35.90914536)
236594,CHPD,SUSPICIOUS VEHICLE,2099 S COLUMBIA ST@MT CARMEL CHURCH RD,CHAPEL HILL,NC,27517,1735823580000,1735823520000,1735823520000,SUSPICIOUS/WANT,HIGHWAY/ROAD/ALLEY/STREET/SIDEWALK,N,UNKNOWN,,,,35.89132309,-79.05930328,116331,POINT (-79.05930328 35.89132309)
241987,CHPD,SUSPICIOUS VEHICLE,828 MARTIN LUTHER KING JR BLVD,CHAPEL HILL,NC,27514,1749182820000,1749182820000,1749182820000,SUSPICIOUS/WANT,HIGHWAY/ROAD/ALLEY/STREET/SIDEWALK,,NONE,,,,35.92695999,-79.05294037,116332,POINT (-79.05294037 35.92695999)
242392,CHPD,SUSPICIOUS VEHICLE,200 WESTMINSTER DR,CHAPEL HILL,NC,27514,1750293480000,1750292700000,1750293480000,MISC OFFICER IN,PARKING/DROP LOT/GARAGE,,,,,,35.96152496,-79.05519867,116333,POINT (-79.05519867 35.96152496)
242391,CHPD,SUSPICIOUS VEHICLE,216 N ROBERSON ST,CHAPEL HILL,NC,27516,1750290840000,1750290840000,1750290840000,MISC OFFICER IN,PARKING/DROP LOT/GARAGE,,NONE,,,,35.91296387,-79.06390381,116334,POINT (-79.06390381 35.91296387)
239996,CHPD,SUSPICIOUS VEHICLE,1 NC 54-SMITH LEVEL EXIT@SMITH LEVEL RD,CARRBORO,NC,27510,1744297260000,1744297260000,1744297260000,SUSPICIOUS/WANT,HIGHWAY/ROAD/ALLEY/STREET/SIDEWALK,N,UNKNOWN,,,,35.90080261,-79.07363892,116335,POINT (-79.07363892 35.90080261)
243501,CHPD,SUSPICIOUS VEHICLE,360 ABBOT PLACE,CHAPEL HILL,NC,27516,1753287000000,1753282800000,1753283100000,SUSPICIOUS/WANT,HIGHWAY/ROAD/ALLEY/STREET/SIDEWALK,,NONE,,,,,,116336,
243491,CHPD,SUSPICIOUS VEHICLE,618 WEAVER DAIRY RD,CHAPEL HILL,NC,27514,1753263900000,1753263600000,1753263900000,TRAFFIC VIOLATI,SERVICE/GAS STATION,,NONE,,,,35.96213913,-79.03437805,116337,POINT (-79.03437805 35.96213913)
243643,CHPD,SUSPICIOUS VEHICLE,409 W FRANKLIN ST,CHAPEL HILL,NC,27516,1753658160000,1753658160000,1753658160000,TRAFFIC STOP,PARKING/DROP LOT/GARAGE,,NONE,,,,35.91086578,-79.06116486,116338,POINT (-79.06116486 35.91086578)
243084,CHPD,SUSPICIOUS VEHICLE,499 S COLUMBIA ST@MANNING DR,CHAPEL HILL,NC,27516,1752135720000,1752135720000,1752135720000,CLOSE PATROL,HIGHWAY/ROAD/ALLEY/STREET/SIDEWALK,,,64,W,M,35.90462112,-79.05454254,116339,POINT (-79.05454254 35.90462112)
242607,CHPD,SUSPICIOUS VEHICLE,750 S MERRIT MILL RD,CHAPEL HILL,NC,27516,1750856460000,1750855800000,1750856460000,TRAFFIC VIOLATI,PARKING/DROP LOT/GARAGE,,,,,,,,116340,
244036,CHPD,SUSPICIOUS VEHICLE,1810 FORDHAM BLVD,CHAPEL HILL,NC,27517,1754813100000,1754812800000,1754813100000,HARASSMENT/STAL,PARKING/DROP LOT/GARAGE,,NONE,37,W,F,35.94489288,-79.00939178,116341,POINT (-79.00939178 35.94489288)
244144,CHPD,SUSPICIOUS VEHICLE,216 N ROBERSON ST,CHAPEL HILL,NC,27516,1755129960000,1755129960000,1755129960000,SUSPICIOUS/WANT,PARKING/DROP LOT/GARAGE,,NONE,,,,35.91296387,-79.06390381,116342,POINT (-79.06390381 35.91296387)
245654,CHPD,SUSPICIOUS VEHICLE,807 KINGS MILL RD,CHAPEL HILL,NC,27517,1758650520000,1758648600000,1758648600000,SUSPICIOUS/WANT,HIGHWAY/ROAD/ALLEY/STREET/SIDEWALK,N,NONE,,,,35.8959465,-79.03964233,116344,POINT (-79.03964233 35.8959465)
245424,CHPD,SUSPICIOUS VEHICLE,1213 MARTIN LUTHER KING JR BLVD,CHAPEL HILL,NC,27516,1758146400000,1758145800000,1758146400000,SUSPICIOUS/WANT,PARKING/DROP LOT/GARAGE,,NONE,,,,35.94773865,-79.05925751,116347,POINT (-79.05925751 35.94773865)
239721,CHPD,TOWED STOLEN VEHICLE,409 W FRANKLIN ST,CHAPEL HILL,NC,27516,1743622980000,1743607680000,1743613500000,ADMINISTRATIVE,RESTAURANT,,,,B,M,35.91086578,-79.06116486,116360,POINT (-79.06116486 35.91086578)
236789,CHPD,TOWED VEHICLE,XX,CHAPEL HILL,NC,27514,1736421420000,1736421000000,1736421420000,TRAFFIC VIOLATI,HIGHWAY/ROAD/ALLEY/STREET/SIDEWALK,,NONE,,,,,-79.07535731,116362,
236849,CHPD,TOWED VEHICLE,XX,CHAPEL HILL,NC,27517,1736552520000,1736552400000,1736552460000,MISC OFFICER IN,HIGHWAY/ROAD/ALLEY/STREET/SIDEWALK,,NONE,,,,,-79.07535731,116363,
237993,CHPD,TOWED VEHICLE,306 W FRANKLIN ST,CHAPEL HILL,NC,27516,1739460420000,1739460000000,1739460420000,ADMINISTRATIVE,HIGHWAY/ROAD/ALLEY/STREET/SIDEWALK,,NONE,58,W,F,35.91202927,-79.05997467,116364,POINT (-79.05997467 35.91202927)
238290,CHPD,TOWED VEHICLE,108 HENDERSON ST,CHAPEL HILL,NC,27514,1740177840000,1740177600000,1740177840000,TRAFFIC VIOLATI,HIGHWAY/ROAD/ALLEY/STREET/SIDEWALK,,,,,,35.91486359,-79.05290985,116365,POINT (-79.05290985 35.91486359)
240648,CHPD,TOWED VEHICLE,200 E FRANKLIN ST,CHAPEL HILL,NC,27514,1745775600000,1745775540000,1745775600000,TRAFFIC VIOLATI,HIGHWAY/ROAD/ALLEY/STREET/SIDEWALK,N,NONE,,,,35.91431427,-79.05286407,116366,POINT (-79.05286407 35.91431427)
238114,CHPD,TOWED VEHICLE,180 E FRANKLIN ST@HENDERSON ST,CHAPEL HILL,NC,27514,1739723220000,1739723220000,1739723220000,MISC OFFICER IN,HIGHWAY/ROAD/ALLEY/STREET/SIDEWALK,N,,,,,35.91431046,-79.0528717,116367,POINT (-79.0528717 35.91431046)
241193,CHPD,TOWED VEHICLE,100 E FRANKLIN ST,CHAPEL HILL,NC,27514,1746969840000,1746965820000,1746969840000,TRAFFIC VIOLATI,HIGHWAY/ROAD/ALLEY/STREET/SIDEWALK,,,,,,35.91292953,-79.05532074,116368,POINT (-79.05532074 35.91292953)
238610,CHPD,TOWED VEHICLE,180 E FRANKLIN ST@HENDERSON ST,CHAPEL HILL,NC,27514,1740934500000,1740934020000,1740934500000,TRAFFIC VIOLATI,HIGHWAY/ROAD/ALLEY/STREET/SIDEWALK,,,,,,35.91431046,-79.0528717,116369,POINT (-79.0528717 35.91431046)
242978,CHPD,TOWED VEHICLES-WEATHER RELATED,828 MARTIN LUTHER KING JR BLVD,CHAPEL HILL,NC,27514,1751867580000,1751830200000,1751830260000,MISC OFFICER IN,HIGHWAY/ROAD/ALLEY/STREET/SIDEWALK,,,,,,35.92695999,-79.05294037,116370,POINT (-79.05294037 35.92695999)
244803,CHPD,TOWED VEHICLE,100 E FRANKLIN ST@N COLUMBIA ST,CHAPEL HILL,NC,27514,1756740960000,1756740960000,1756740960000,MISC OFFICER IN,HIGHWAY/ROAD/ALLEY/STREET/SIDEWALK,,,,,,35.91319656,-79.05574036,116371,POINT (-79.05574036 35.91319656)
242493,CHPD,TOWED VEHICLE,W FRANKLIN ST@S COLUMBIA ST,CHAPEL HILL,NC,27516,1750684020000,1750683600000,1750684020000,TRAFFIC VIOLATI,HIGHWAY/ROAD/ALLEY/STREET/SIDEWALK,,,,,,35.91324234,-79.05577087,116375,POINT (-79.05577087 35.91324234)
243075,CHPD,TOWED VEHICLE-WEATHER RELATED,S COLUMBIA ST@BENNETT RD,CHAPEL HILL,NC,27516,1752100380000,1752098400000,1752100380000,MISC OFFICER IN,HIGHWAY/ROAD/ALLEY/STREET/SIDEWALK,N,NONE,51,W,M,35.88568878,-79.06142426,116378,POINT (-79.06142426 35.88568878)
242408,CHPD,TREE FELL ON VEHICLE,135 HAMILTON RD@DOUGLAS RD,CHAPEL HILL,NC,27517,1750362420000,1750362420000,1750362420000,MVC W INJURY AB,HIGHWAY/ROAD/ALLEY/STREET/SIDEWALK,N,NONE,26,B,M,35.91390228,-79.02361298,116767,POINT (-79.02361298 35.91390228)
238098,CHPD,STOLEN VEHICLE,1 SYKES ST@GOMAINS AVE,CHAPEL HILL,NC,27516,1739674860000,1739674620000,1739674860000,SUSPICIOUS/WANT,HIGHWAY/ROAD/ALLEY/STREET/SIDEWALK,,,73,B,F,35.91561127,-79.06593323,116986,POINT (-79.06593323 35.91561127)
239248,CHPD,UNAUTHORIZED USE OF A VEHICLE,1575 MARTIN LUTHER KING JR BLVD,CHAPEL HILL,NC,27516,1742587020000,1742547600000,1742586600000,INFO MESSAGE,RESIDENCE/HOME,,NONE,65,W,M,35.95934296,-79.05776215,117203,POINT (-79.05776215 35.95934296)
240586,CHPD,UNAUTHORIZED USE OF MOTOR VEHICLE,1800 E FRANKLIN ST,CHAPEL HILL,NC,27514,1745615460000,1745614800000,1745615460000,THEFT/LARCENY,SHOPPING MALL,,NONE,,W,F,35.93658829,-79.025383,117205,POINT (-79.025383 35.93658829)
237622,CHPD,UNAUTHORIZED USE OF VEHICLE,5639 OLD CHAPEL HILL RD,DURHAM,NC,27707,1738577280000,1738576800000,1738577280000,PUBLIC SERVICE,RESIDENCE/HOME,,NONE,27,B,F,35.94326401,-79.0014801,117207,POINT (-79.0014801 35.94326401)
239043,CHPD,VEHICLE LOCK OUT,1000 ARBORGATE CIR,CHAPEL HILL,NC,27514,1742064120000,1742063520000,1742063820000,ADMINISTRATIVE,RESIDENCE/HOME,N,NONE,71,W,F,,,117395,
241377,CHPD,VEHICLE LOCK OUT,150 E ROSEMARY ST,CHAPEL HILL,NC,27514,1747433880000,1747433880000,1747433880000,ADMINISTRATIVE,PARKING/DROP LOT/GARAGE,,,27,W,M,35.91466522,-79.05413818,117398,POINT (-79.05413818 35.91466522)
236904,CHPD,VEHICLE LOCKOUT,XX,CHAPEL HILL,NC,27516,1736768400000,1736767800000,1736768400000,PUBLIC SERVICE,PARKING/DROP LOT/GARAGE,N,,52,B,F,,-79.07535731,117401,
237047,CHPD,VEHICLE LOCKOUT,425 HILLSBOROUGH ST,CHAPEL HILL,NC,27514,1737142620000,1737142500000,1737142560000,PUBLIC SERVICE,PARKING/DROP LOT/GARAGE,N,NONE,19,B,M,35.92021561,-79.05192566,117404,POINT (-79.05192566 35.92021561)
238124,CHPD,VEHICLE LOCKOUT,1749 DOBBINS DR,CHAPEL HILL,NC,27514,1739779200000,1739778660000,1739778660000,PUBLIC SERVICE,PARKING/DROP LOT/GARAGE,,NONE,,,,35.94568253,-79.01450348,117410,POINT (-79.01450348 35.94568253)
238117,CHPD,VEHICLE LOCKOUT,1301 E FRANKLIN ST,CHAPEL HILL,NC,27514,1739740200000,1739740140000,1739740200000,PUBLIC SERVICE,PARKING/DROP LOT/GARAGE,N,NONE,,,,35.92734146,-79.03578186,117413,POINT (-79.03578186 35.92734146)
237761,CHPD,VEHICLE LOCKOUT,201 S ESTES DR,CHAPEL HILL,NC,27514,1738866300000,1738866000000,1738866000000,MISC OFFICER IN,PARKING/DROP LOT/GARAGE,,,,,,35.92786026,-79.02971649,117419,POINT (-79.02971649 35.92786026)
238863,CHPD,VEHICLE LOCKOUT,110 S ELLIOTT RD,CHAPEL HILL,NC,27514,1741648260000,1741648140000,1741648200000,MISC OFFICER IN,PARKING/DROP LOT/GARAGE,N,NONE,19,B,F,35.93369675,-79.02856445,117422,POINT (-79.02856445 35.93369675)
239826,CHPD,VEHICLE LOCKOUT,221 S ESTES DR,CHAPEL HILL,NC,27514,1743873900000,1743873600000,1743873900000,PUBLIC SERVICE,SERVICE/GAS STATION,,,,B,F,35.92651367,-79.02809143,117425,POINT (-79.02809143 35.92651367)
240215,CHPD,VEHICLE LOCKOUT,505 W FRANKLIN ST,CHAPEL HILL,NC,27516,1744797780000,1744797780000,1744797780000,MISC OFFICER IN,PARKING/DROP LOT/GARAGE,,,,,,35.90962219,-79.06380463,117428,POINT (-79.06380463 35.90962219)
239925,CHPD,VEHICLE LOCKOUT,800 S MERRITT MILL RD,CHAPEL HILL,NC,27516,1744148580000,1744148520000,1744148580000,PUBLIC SERVICE,PARKING/DROP LOT/GARAGE,N,NONE,55,W,M,35.90192795,-79.06938934,117431,POINT (-79.06938934 35.90192795)
240221,CHPD,VEHICLE LOCKOUT,400 W ROSEMARY ST,CHAPEL HILL,NC,27516,1744805040000,1744805040000,1744805040000,PUBLIC SERVICE,PARKING/DROP LOT/GARAGE,,,,,,35.91183853,-79.0628891,117434,POINT (-79.0628891 35.91183853)
241781,CHPD,VEHICLE LOCKOUT,221 S ESTES DR,CHAPEL HILL,NC,27514,1748659500000,1748658600000,1748659500000,MISC OFFICER IN,SERVICE/GAS STATION,,,21,W,M,35.92651367,-79.02809143,117437,POINT (-79.02809143 35.92651367)
243965,CHPD,VEHICLE LOCKOUT,250 CARRAWAY CROSSING,CHAPEL HILL,NC,27516,1754602440000,1754602200000,1754602440000,PUBLIC SERVICE,PARKING/DROP LOT/GARAGE,N,NONE,23,B,F,35.97131348,-79.06871033,117443,POINT (-79.06871033 35.97131348)
244801,CHPD,VEHICLE LOCKOUT,111 SILO DR,CHAPEL HILL,NC,27514,1756740900000,1756740600000,1756740600000,PUBLIC SERVICE,RESIDENCE/HOME,Y,NONE,22,B,F,35.96231079,-79.04010773,117446,POINT (-79.04010773 35.96231079)
244770,CHPD,VEHICLE LOCKOUT,201 S ESTES DR,CHAPEL HILL,NC,27514,1756675860000,1756675500000,1756675860000,INFO MESSAGE,PARKING/DROP LOT/GARAGE,,NONE,,,,35.92786026,-79.02971649,117449,POINT (-79.02971649 35.92786026)
245425,CHPD,VEHICLE LOCKOUT,219 E FRANKLIN ST,CHAPEL HILL,NC,27514,1758147780000,1758147300000,1758147780000,PUBLIC SERVICE,RESIDENCE/HOME,,,21,B,F,35.91532516,-79.05187225,117452,POINT (-79.05187225 35.91532516)
241767,CHPD,VEHICLE LOCKOUT,881 MARTIN LUTHER KING JR BLVD,CHAPEL HILL,NC,27516,1748620140000,1748619900000,1748619900000,PUBLIC SERVICE,PARKING/DROP LOT/GARAGE,Y,NONE,19,W,F,35.9291687,-79.05623627,117455,POINT (-79.05623627 35.9291687)
236748,CHPD,VEHICLE UNLOCK,XX,CHAPEL HILL,NC,27514,1736337180000,1736336700000,1736336760000,MISC OFFICER IN,,,,82,W,M,,-79.07535731,117458,
237043,CHPD,VEHICLE UNLOCK,150 E FRANKLIN ST,CHAPEL HILL,NC,27514,1737131940000,1737131640000,1737131940000,PUBLIC SERVICE,HIGHWAY/ROAD/ALLEY/STREET/SIDEWALK,,NONE,19,B,F,35.91332245,-79.05348206,117461,POINT (-79.05348206 35.91332245)
243737,CHPD,VEHICLE SEIZURE,799 HILLSBOROUGH ST@MARTIN LUTHER KING JR BL,CHAPEL HILL,NC,27514,1753901100000,1753900980000,1753901040000,MISC OFFICER IN,HIGHWAY/ROAD/ALLEY/STREET/SIDEWALK,,NONE,,,,35.92510223,-79.05404663,117467,POINT (-79.05404663 35.92510223)
237106,CHPD,VEHICLE UNLOCK,1800 MARTIN LUTHER KING JR BLVD,CHAPEL HILL,NC,27514,1737298080000,1737297900000,1737298080000,PUBLIC SERVICE,PARKING/DROP LOT/GARAGE,N,,72,W,M,35.96829224,-79.05865479,117470,POINT (-79.05865479 35.96829224)
242412,CHPD,VEHICLE UNLOCK,841 WILLOW DR,CHAPEL HILL,NC,27514,1750351020000,1750351020000,1750351020000,PUBLIC SERVICE,PARKING/DROP LOT/GARAGE,N,NONE,76,W,M,35.92844772,-79.03037262,117473,POINT (-79.03037262 35.92844772)
238729,CHPD,VEHICLE UNLOCK,1207 MARTIN LUTHER KING JR BLVD,CHAPEL HILL,NC,27516,1741281720000,1741281660000,1741281720000,PUBLIC SERVICE,PARKING/DROP LOT/GARAGE,N,NONE,26,W,F,35.94707108,-79.05906677,117476,POINT (-79.05906677 35.94707108)
241683,CHPD,VEHICLE UNLOCK,225 N GRAHAM ST,CHAPEL HILL,NC,27516,1748423220000,1748423100000,1748423220000,PUBLIC SERVICE,HIGHWAY/ROAD/ALLEY/STREET/SIDEWALK,N,NONE,48,B,F,35.91330719,-79.06549835,117479,POINT (-79.06549835 35.91330719)
242588,CHPD,VEHICLE UNLOCK,1720 FORDHAM BLVD,CHAPEL HILL,NC,27514,1750803540000,1750803300000,1750803300000,PUBLIC SERVICE,PARKING/DROP LOT/GARAGE,N,NONE,30,O,M,35.93694305,-79.02210236,117482,POINT (-79.02210236 35.93694305)
240066,CHPD,WANTED VEHICLE,607 S MERRITT MILL RD@W FRANKLIN ST,CARRBORO,NC,27516,1744464840000,1744462560000,1744462860000,SUSPICIOUS/WANT,HIGHWAY/ROAD/ALLEY/STREET/SIDEWALK,,,,,,35.90970993,-79.06508636,117527,POINT (-79.06508636 35.90970993)
